wavenumber_cm-1,intensity
81757.934436,0.178560
81784.250225,0.000000
81810.566015,0.232832
81836.881804,0.547502
81863.197594,0.000000
81889.513383,0.000000
81915.829173,0.567699
81942.144962,0.275879
81968.460752,0.000000
81994.776541,0.195041
82021.092331,0.000000
82047.408120,0.000000
82073.723909,0.086981
82100.039699,0.000000
82126.355488,0.000000
82152.671278,0.000000
82178.987067,0.000000
82205.302857,0.112966
82231.618646,0.000000
82257.934436,0.000000
82257.934436,0.526874
82257.936938,0.000000
82257.939440,0.024275
82257.941942,0.000000
82257.944444,0.000000
82257.946946,0.039875
82257.949448,0.000000
82257.951950,0.135057
82257.954452,0.000000
82257.956955,0.000000
82257.959457,0.000000
82257.961959,0.665861
82257.964461,0.000000
82257.966963,0.000000
82257.969465,0.295690
82257.971967,0.000000
82257.974469,0.075083
82257.976971,0.000000
82257.979473,0.000000
82257.981975,0.070768
82257.984477,0.265465
82257.986980,0.061604
82257.989482,0.000000
82257.991984,0.000000
82257.994486,0.000000
82257.996988,0.000000
82257.999490,0.000000
82258.001992,0.380016
82258.004494,0.123525
82258.006996,0.000000
82258.009498,0.116502
82258.012000,0.000000
82258.014503,0.000000
82258.017005,0.219887
82258.019507,0.370626
82258.022009,0.334778
82258.024511,0.000000
82258.027013,0.000000
82258.029515,0.119083
82258.032017,0.350691
82258.034519,0.000000
82258.037021,0.000000
82258.039523,0.000000
82258.042025,0.000000
82258.044528,0.292088
82258.047030,0.487544
82258.049532,0.000000
82258.052034,0.360752
82258.054536,0.130002
82258.057038,0.000000
82258.059540,0.129915
82258.062042,0.552896
82258.064544,0.000000
82258.067046,0.562461
82258.069548,0.000000
82258.072050,0.295459
82258.074553,0.031292
82258.077055,0.000000
82258.079557,0.032986
82258.082059,0.000000
82258.084561,0.000000
82258.087063,0.128376
82258.089565,0.531276
82258.092067,0.000000
82258.094569,0.000000
82258.097071,0.000000
82258.099573,0.329071
82258.102075,0.118180
82258.104578,0.000000
82258.107080,0.184510
82258.109582,0.034898
82258.112084,0.348210
82258.114586,0.000000
82258.117088,0.000000
82258.119590,0.000000
82258.122092,0.000000
82258.124594,0.106450
82258.127096,0.093845
82258.129598,0.001838
82258.132101,0.000000
82258.134603,0.000000
82258.137105,0.000000
82258.139607,0.000000
82258.142109,0.000000
82258.144611,0.000000
82258.147113,0.145249
82258.149615,0.678050
82258.152117,0.062758
82258.154619,0.092585
82258.157121,0.000000
82258.159623,0.000000
82258.162126,0.000000
82258.164628,0.021652
82258.167130,0.885491
82258.169632,0.000000
82258.172134,0.108401
82258.174636,0.000000
82258.177138,0.000000
82258.179640,0.410824
82258.182142,0.270306
82258.184644,0.284362
82258.187146,0.000000
82258.189648,0.504279
82258.192151,0.000000
82258.194653,0.210965
82258.197155,0.787429
82258.199657,0.000000
82258.202159,0.000000
82258.204661,0.035823
82258.207163,0.000000
82258.209665,0.000000
82258.212167,0.024647
82258.214669,0.000000
82258.217171,0.170248
82258.219673,0.000000
82258.222176,0.557174
82258.224678,0.000000
82258.227180,0.000000
82258.229682,0.292445
82258.232184,0.000000
82258.234686,0.081768
82258.237188,0.469894
82258.239690,0.000000
82258.242192,0.066373
82258.244694,0.093423
82258.247196,0.281051
82258.249699,0.000000
82258.252201,0.000000
82258.254703,0.187629
82258.257205,0.106761
82258.259707,0.090048
82258.262209,0.124542
82258.264711,0.000000
82258.267213,0.083491
82258.269715,0.105354
82258.272217,0.000000
82258.274719,0.670712
82258.277221,0.170334
82258.279724,0.000000
82258.282226,0.236019
82258.284728,0.000000
82258.287230,0.282943
82258.289732,0.416494
82258.292234,0.000000
82258.294736,0.346316
82258.297238,0.148387
82258.299740,0.295516
82258.302242,0.681863
82258.304744,0.000000
82258.307246,0.000000
82258.309749,0.000000
82258.312251,0.000000
82258.314753,0.000000
82258.317255,0.122638
82258.319757,0.099465
82258.322259,0.297357
82258.324761,0.004674
82258.327263,0.522519
82258.329765,0.000000
82258.332267,0.977852
82258.334769,0.224916
82258.337271,0.000000
82258.339774,0.000000
82258.342276,0.173440
82258.344778,0.000000
82258.347280,0.256670
82258.349782,0.170120
82258.352284,0.000000
82258.354786,0.000000
82258.357288,0.000000
82258.359790,0.000000
82258.362292,0.307860
82258.364794,0.076963
82258.367297,0.000000
82258.369799,0.062255
82258.372301,0.138515
82258.374803,0.000000
82258.377305,0.055261
82258.379807,0.020925
82258.382309,0.000000
82258.384811,0.128618
82258.387313,0.201592
82258.389815,0.389337
82258.392317,0.378823
82258.394819,0.000000
82258.397322,0.000000
82258.399824,0.185146
82258.402326,0.184697
82258.404828,0.185150
82258.407330,1.384988
82258.409832,0.205225
82258.412334,0.408215
82258.414836,0.342946
82258.417338,0.234163
82258.419840,0.000000
82258.422342,0.272836
82258.424844,0.000000
82258.427347,0.000000
82258.429849,0.000000
82258.432351,0.029432
82258.434853,0.832078
82258.437355,0.000000
82258.439857,0.246698
82258.442359,0.000000
82258.444861,0.000000
82258.447363,0.391458
82258.449865,0.023108
82258.452367,0.000000
82258.454869,0.000000
82258.457372,0.244303
82258.459874,0.000000
82258.462376,0.077813
82258.464878,0.016382
82258.467380,0.000000
82258.469882,0.770709
82258.472384,0.227882
82258.474886,0.000000
82258.477388,0.067027
82258.479890,0.000000
82258.482392,0.306434
82258.484895,0.000000
82258.487397,0.000000
82258.489899,0.181534
82258.492401,0.311223
82258.494903,0.000000
82258.497405,0.000000
82258.499907,0.000000
82258.502409,0.000000
82258.504911,0.634649
82258.507413,0.145584
82258.509915,0.000000
82258.512417,0.329955
82258.514920,0.762877
82258.517422,0.371153
82258.519924,0.000000
82258.522426,0.000000
82258.524928,0.455432
82258.527430,0.000000
82258.529932,0.159545
82258.532434,0.278467
82258.534936,0.000000
82258.537438,0.000000
82258.539940,0.000000
82258.542442,0.000000
82258.544945,0.000000
82258.547447,0.000000
82258.549949,0.586822
82258.552451,0.000000
82258.554953,0.000000
82258.557455,0.046999
82258.559957,0.518112
82258.562459,0.000000
82258.564961,0.418136
82258.567463,0.003679
82258.569965,0.000000
82258.572467,0.166118
82258.574970,0.071558
82258.577472,0.000000
82258.579974,0.025093
82258.582476,0.000000
82258.584978,0.040807
82258.587480,0.238024
82258.589982,0.570145
82258.592484,0.000000
82258.594986,0.766787
82258.597488,0.000000
82258.599990,0.000000
82258.602492,0.211489
82258.604995,0.101012
82258.607497,0.000000
82258.609999,0.000000
82258.612501,0.000000
82258.615003,0.000000
82258.617505,0.305417
82258.620007,0.128341
82258.622509,0.000000
82258.625011,0.323390
82258.627513,0.110469
82258.630015,0.292209
82258.632518,0.226340
82258.635020,0.000000
82258.637522,0.000000
82258.640024,0.268639
82258.642526,0.219417
82258.645028,0.000000
82258.647530,0.042177
82258.650032,0.459298
82258.652534,0.000000
82258.655036,0.196672
82258.657538,0.000000
82258.660040,0.000000
82258.662543,0.394991
82258.665045,0.296722
82258.667547,0.292442
82258.670049,0.469296
82258.672551,0.007551
82258.675053,0.245150
82258.677555,0.000000
82258.680057,0.116532
82258.682559,0.000000
82258.685061,0.034868
82258.687563,0.213948
82258.690065,0.000000
82258.692568,0.752176
82258.695070,0.000000
82258.697572,0.000000
82258.700074,0.416320
82258.702576,0.284588
82258.705078,0.224360
82258.707580,0.225879
82258.710082,0.000000
82258.712584,0.000000
82258.715086,0.027250
82258.717588,0.000000
82258.720090,0.350538
82258.722593,0.000000
82258.725095,0.000000
82258.727597,0.000000
82258.730099,0.148441
82258.732601,0.000000
82258.735103,0.000000
82258.737605,0.087601
82258.740107,0.088061
82258.742609,0.000000
82258.745111,0.000000
82258.747613,0.083418
82258.750116,0.000000
82258.752618,0.000000
82258.755120,0.000000
82258.757622,0.000000
82258.760124,0.111766
82258.762626,0.530364
82258.765128,0.308313
82258.767630,0.000000
82258.770132,0.000000
82258.772634,0.000000
82258.775136,0.000000
82258.777638,0.000000
82258.780141,0.116012
82258.782643,0.000000
82258.785145,0.186696
82258.787647,0.550992
82258.790149,0.000000
82258.792651,0.144408
82258.795153,0.248094
82258.797655,0.000000
82258.800157,0.080557
82258.802659,0.004527
82258.805161,0.035113
82258.807663,0.000000
82258.810166,0.008811
82258.812668,0.179021
82258.815170,0.521660
82258.817672,0.344841
82258.820174,0.774030
82258.822676,0.000000
82258.825178,0.313584
82258.827680,0.065908
82258.830182,0.787195
82258.832684,0.000000
82258.835186,0.000000
82258.837688,0.000000
82258.840191,0.000000
82258.842693,0.000000
82258.845195,0.000000
82258.847697,0.054064
82258.850199,0.122855
82258.852701,0.674450
82258.855203,0.341660
82258.857705,0.000000
82258.860207,0.000000
82258.862709,0.176836
82258.865211,0.000000
82258.867714,0.658376
82258.870216,0.423988
82258.872718,0.000000
82258.875220,0.000000
82258.877722,0.486693
82258.880224,0.000000
82258.882726,0.444973
82258.885228,0.000000
82258.887730,0.000000
82258.890232,0.001885
82258.892734,0.016889
82258.895236,0.000000
82258.897739,0.223903
82258.900241,0.000000
82258.902743,0.000000
82258.905245,0.043244
82258.907747,0.184932
82258.910249,0.255813
82258.912751,0.000000
82258.915253,0.000000
82258.917755,0.459302
82258.920257,0.119461
82258.922759,0.000000
82258.925261,0.557611
82258.927764,0.041583
82258.930266,0.423936
82258.932768,0.024272
82258.935270,0.740802
82258.937772,0.631013
82258.940274,0.000000
82258.942776,0.349262
82258.945278,0.232001
82258.947780,0.491998
82258.950282,0.000000
82258.952784,0.246623
82258.955286,0.380485
82258.957789,0.000000
82258.960291,0.000000
82258.962793,0.000000
82258.965295,0.000000
82258.967797,0.257944
82258.970299,0.540070
82258.972801,0.026636
82258.975303,0.585458
82258.977805,0.000000
82258.980307,0.000000
82258.982809,0.000000
82258.985312,0.138065
82258.987814,0.000000
82258.990316,0.000000
82258.992818,0.000000
82258.995320,0.000000
82258.997822,0.240735
82259.000324,0.131785
82259.002826,0.000000
82259.005328,0.000000
82259.007830,0.000000
82259.010332,0.000000
82259.012834,0.343356
82259.015337,0.000000
82259.017839,0.181196
82259.020341,0.000000
82259.022843,0.000000
82259.025345,0.000000
82259.027847,0.000000
82259.030349,0.000000
82259.032851,0.000000
82259.035353,0.706283
82259.037855,0.012677
82259.040357,0.000000
82259.042859,0.076922
82259.045362,0.000000
82259.047864,0.000000
82259.050366,0.220782
82259.052868,0.272310
82259.055370,0.000000
82259.057872,0.000000
82259.060374,0.000000
82259.062876,0.000000
82259.065378,0.000000
82259.067880,0.491367
82259.070382,0.591336
82259.072884,0.000000
82259.075387,0.207262
82259.077889,0.111889
82259.080391,1.106802
82259.082893,0.402467
82259.085395,0.000000
82259.087897,0.000000
82259.090399,0.000000
82259.092901,0.073142
82259.095403,0.000000
82259.097905,0.000000
82259.100407,0.000000
82259.102910,0.000000
82259.105412,0.606497
82259.107914,0.316934
82259.110416,0.000000
82259.112918,0.532013
82259.115420,0.027813
82259.117922,0.000000
82259.120424,0.547536
82259.122926,0.193728
82259.125428,0.000000
82259.127930,0.000000
82259.130432,0.000000
82259.132935,0.000000
82259.135437,0.332944
82259.137939,0.686401
82259.140441,0.000000
82259.142943,0.202377
82259.145445,0.000000
82259.147947,0.000000
82259.150449,0.000000
82259.152951,0.000000
82259.155453,0.017443
82259.157955,0.000000
82259.160457,0.097224
82259.162960,0.000000
82259.165462,0.000000
82259.167964,0.000000
82259.170466,0.000000
82259.172968,0.272445
82259.175470,0.189362
82259.177972,0.000000
82259.180474,0.388906
82259.182976,1.563865
82259.185478,2.748911
82259.187980,6.321943
82259.190482,7.682353
82259.192985,7.441551
82259.195487,4.397883
82259.197989,1.483062
82259.200491,0.102366
82259.202993,0.173938
82259.205495,0.118593
82259.207997,0.000000
82259.210499,0.229793
82259.213001,0.000000
82259.215503,0.000000
82259.218005,0.000000
82259.220508,0.000000
82259.223010,0.017039
82259.225512,0.000000
82259.228014,0.000000
82259.230516,0.361744
82259.233018,0.000000
82259.235520,0.300416
82259.238022,0.000000
82259.240524,0.190455
82259.243026,0.518218
82259.245528,0.000000
82259.248030,0.000000
82259.250533,0.207447
82259.253035,0.000000
82259.255537,0.133420
82259.258039,0.000000
82259.260541,0.031127
82259.263043,0.000000
82259.265545,0.419797
82259.268047,0.091460
82259.270549,0.121362
82259.273051,0.000000
82259.275553,0.000000
82259.278055,0.000000
82259.280558,0.141798
82259.283060,0.000000
82259.285562,0.104169
82259.288064,0.746069
82259.290566,0.313154
82259.293068,0.000000
82259.295570,0.431815
82259.298072,0.000000
82259.300574,0.000000
82259.303076,0.000000
82259.305578,0.000000
82259.308080,0.000000
82259.310583,0.006621
82259.313085,0.602649
82259.315587,0.117525
82259.318089,0.000000
82259.320591,0.298156
82259.323093,0.000000
82259.325595,0.084699
82259.328097,0.277112
82259.330599,0.000000
82259.333101,0.411159
82259.335603,0.121683
82259.338106,0.000000
82259.340608,0.227474
82259.343110,0.816273
82259.345612,0.065378
82259.348114,0.089231
82259.350616,0.000000
82259.353118,0.000000
82259.355620,0.298491
82259.358122,0.000000
82259.360624,0.025727
82259.363126,0.000000
82259.365628,0.172185
82259.368131,0.119946
82259.370633,0.372977
82259.373135,0.000000
82259.375637,0.000000
82259.378139,0.000000
82259.380641,0.000000
82259.383143,0.135633
82259.385645,0.272124
82259.388147,0.000000
82259.390649,0.312608
82259.393151,0.487327
82259.395653,0.148622
82259.398156,0.674674
82259.400658,0.000000
82259.403160,0.000000
82259.405662,0.000000
82259.408164,0.537801
82259.410666,0.235233
82259.413168,0.000000
82259.415670,0.100644
82259.418172,0.000000
82259.420674,0.879204
82259.423176,0.046453
82259.425678,0.039325
82259.428181,0.260900
82259.430683,0.172914
82259.433185,0.080482
82259.435687,0.000000
82259.438189,0.169484
82259.440691,0.676554
82259.443193,0.483654
82259.445695,0.572722
82259.448197,0.000000
82259.450699,0.000000
82259.453201,0.000000
82259.455704,0.020032
82259.458206,0.393342
82259.460708,0.000000
82259.463210,0.549846
82259.465712,0.000000
82259.468214,0.000000
82259.470716,0.000000
82259.473218,0.000000
82259.475720,0.295915
82259.478222,0.026356
82259.480724,0.000000
82259.483226,0.000000
82259.485729,0.000000
82259.488231,0.599983
82259.490733,0.000000
82259.493235,0.000000
82259.495737,0.000000
82259.498239,0.000000
82259.500741,0.000000
82259.503243,0.000000
82259.505745,0.000000
82259.508247,0.250274
82259.510749,0.664666
82259.513251,0.404980
82259.515754,0.000000
82259.518256,0.000000
82259.520758,0.925077
82259.523260,0.021288
82259.525762,0.005007
82259.528264,0.000000
82259.530766,0.071208
82259.533268,0.000000
82259.535770,0.000000
82259.538272,0.000000
82259.540774,0.023499
82259.543276,0.053695
82259.545779,0.986380
82259.548281,4.419940
82259.550783,10.827060
82259.553285,19.768766
82259.555787,22.976610
82259.558289,21.438286
82259.560791,13.528736
82259.563293,5.000237
82259.565795,1.660289
82259.568297,0.257707
82259.570799,0.000000
82259.573302,0.000000
82259.575804,0.000000
82259.578306,0.629938
82259.580808,0.336361
82259.583310,0.457101
82259.585812,0.259428
82259.588314,0.000000
82259.590816,0.000000
82259.593318,0.175921
82259.595820,0.000000
82259.598322,0.256310
82259.600824,0.000000
82259.603327,0.000000
82259.605829,0.255577
82259.608331,0.159705
82259.610833,0.000000
82259.613335,0.416758
82259.615837,0.000000
82259.618339,0.221418
82259.620841,0.213209
82259.623343,0.000000
82259.625845,0.117239
82259.628347,0.000000
82259.630849,0.332171
82259.633352,0.000000
82259.635854,0.000000
82259.638356,0.377100
82259.640858,0.000000
82259.643360,0.000000
82259.645862,0.000000
82259.648364,0.217850
82259.650866,0.000000
82259.653368,0.630817
82259.655870,0.000000
82259.658372,0.609846
82259.660874,0.075857
82259.663377,0.000000
82259.665879,0.000000
82259.668381,0.143482
82259.670883,0.000000
82259.673385,0.396617
82259.675887,0.041063
82259.678389,0.054031
82259.680891,0.000000
82259.683393,0.000000
82259.685895,0.110649
82259.688397,0.000000
82259.690900,0.000000
82259.693402,0.267190
82259.695904,0.061423
82259.698406,0.000000
82259.700908,0.006627
82259.703410,0.124949
82259.705912,0.000000
82259.708414,0.000000
82259.710916,0.070403
82259.713418,0.000000
82259.715920,0.146760
82259.718422,0.000000
82259.720925,0.369963
82259.723427,0.169890
82259.725929,0.092038
82259.728431,0.353260
82259.730933,0.598708
82259.733435,0.364648
82259.735937,0.000000
82259.738439,0.000000
82259.740941,0.000000
82259.743443,0.009379
82259.745945,0.186089
82259.748447,0.000000
82259.750950,0.067139
82259.753452,0.000000
82259.755954,0.000000
82259.758456,0.000000
82259.760958,0.000000
82259.763460,0.000000
82259.765962,0.000000
82259.768464,0.378765
82259.770966,0.000000
82259.773468,0.946294
82259.775970,0.177339
82259.778472,0.066445
82259.780975,0.000000
82259.783477,0.251749
82259.785979,0.000000
82259.788481,0.043860
82259.790983,0.920304
82259.793485,0.000000
82259.795987,0.413143
82259.798489,0.000000
82259.800991,0.000000
82259.803493,0.636571
82259.805995,0.000000
82259.808498,0.651543
82259.811000,0.254424
82259.813502,0.000000
82259.816004,0.227339
82259.818506,0.349616
82259.821008,0.223529
82259.823510,0.000000
82259.826012,0.000000
82259.828514,0.000000
82259.831016,0.000000
82259.833518,0.223120
82259.836020,0.063880
82259.838523,0.000000
82259.841025,0.136674
82259.843527,0.219495
82259.846029,0.201235
82259.848531,0.388521
82259.851033,0.299780
82259.853535,0.165067
82259.856037,0.000000
82259.858539,0.000000
82259.861041,0.154440
82259.863543,0.074660
82259.866045,0.097628
82259.868548,0.000000
82259.871050,0.000000
82259.873552,0.378590
82259.876054,0.000000
82259.878556,0.244987
82259.881058,0.010180
82259.883560,0.010697
82259.886062,0.337296
82259.888564,0.000000
82259.891066,0.034554
82259.893568,0.000000
82259.896070,0.000000
82259.898573,0.000000
82259.901075,0.079853
82259.903577,0.000000
82259.906079,0.451422
82259.908581,0.000000
82259.911083,0.000000
82259.913585,0.000000
82259.916087,0.520163
82259.918589,0.070658
82259.921091,0.370930
82259.923593,0.000000
82259.926096,0.096000
82259.928598,0.319806
82259.931100,0.029580
82259.933602,0.383021
82259.936104,0.000000
82259.938606,0.506635
82259.941108,0.826413
82259.943610,0.000000
82259.946112,0.000000
82259.948614,0.522466
82259.951116,0.567828
82259.953618,0.000000
82259.956121,0.000000
82259.958623,0.000000
82259.961125,0.000000
82259.963627,0.000000
82259.966129,0.000000
82259.968631,0.000000
82259.971133,0.000000
82259.973635,0.084196
82259.976137,0.557377
82259.978639,0.000000
82259.981141,0.353846
82259.983643,0.000000
82259.986146,0.000000
82259.988648,0.242585
82259.991150,0.000000
82259.993652,0.137469
82259.996154,0.059837
82259.998656,0.177027
82260.001158,0.103951
82260.003660,0.882636
82260.006162,0.000000
82260.008664,0.000000
82260.011166,0.000000
82260.013668,0.000000
82260.016171,0.000000
82260.018673,0.427430
82260.021175,0.510646
82260.023677,0.000000
82260.026179,0.000000
82260.028681,0.169465
82260.031183,0.000000
82260.033685,0.227528
82260.036187,0.072947
82260.038689,0.000000
82260.041191,0.556300
82260.043694,0.645586
82260.046196,0.000000
82260.048698,0.000000
82260.051200,0.102763
82260.053702,0.120231
82260.056204,0.236735
82260.058706,0.722632
82260.061208,0.000000
82260.063710,0.000000
82260.066212,0.000000
82260.068714,0.000000
82260.071216,0.000000
82260.073719,0.645111
82260.076221,0.000000
82260.078723,0.080448
82260.081225,0.000000
82260.083727,0.427206
82260.086229,0.908387
82260.088731,0.000000
82260.091233,0.000000
82260.093735,0.375357
82260.096237,0.245128
82260.098739,0.663858
82260.101241,0.209912
82260.103744,0.000000
82260.106246,0.212330
82260.108748,0.398559
82260.111250,0.294949
82260.113752,0.182356
82260.116254,0.383450
82260.118756,0.420341
82260.121258,0.496861
82260.123760,0.233200
82260.126262,0.000000
82260.128764,0.052741
82260.131266,0.433718
82260.133769,0.000000
82260.136271,0.132531
82260.138773,0.000000
82260.141275,0.010333
82260.143777,0.459580
82260.146279,0.068697
82260.148781,0.016693
82260.151283,0.000000
82260.153785,0.268265
82260.156287,0.232040
82260.158789,0.777651
82260.161291,0.000000
82260.163794,0.078781
82260.166296,0.089649
82260.168798,0.567066
82260.171300,0.000000
82260.173802,0.100303
82260.176304,0.218528
82260.178806,0.067083
82260.181308,0.000000
82260.183810,0.069772
82260.186312,0.385951
82260.188814,0.000000
82260.191317,0.047800
82260.193819,0.000000
82260.196321,0.429598
82260.198823,0.000000
82260.201325,0.000000
82260.203827,0.135601
82260.206329,0.562778
82260.208831,0.000000
82260.211333,0.000000
82260.213835,0.676242
82260.216337,0.000000
82260.218839,0.000000
82260.221342,0.158177
82260.223844,0.000000
82260.226346,0.000000
82260.228848,0.254641
82260.231350,0.087642
82260.233852,0.000000
82260.236354,0.000000
82260.238856,0.313633
82260.241358,0.233736
82260.243860,0.000000
82260.246362,0.663833
82260.248864,0.000000
82260.251367,0.000000
82260.253869,0.000000
82260.256371,0.000000
82260.258873,0.087476
82260.261375,0.000000
82260.263877,0.126558
82260.266379,0.000000
82260.268881,0.519007
82260.271383,0.000000
82260.273885,0.401648
82260.276387,0.123204
82260.278889,0.164195
82260.281392,0.204821
82260.283894,0.160943
82260.286396,0.231047
82260.288898,0.477806
82260.291400,0.070646
82260.293902,0.254874
82260.296404,0.000000
82260.298906,0.517696
82260.301408,0.000000
82260.303910,0.647406
82260.306412,0.000000
82260.308915,0.000000
82260.311417,0.046051
82260.313919,0.000000
82260.316421,0.302196
82260.318923,0.000000
82260.321425,0.000000
82260.323927,0.000000
82260.326429,0.000000
82260.328931,0.000000
82260.331433,0.000000
82260.333935,0.273355
82260.336437,0.282481
82260.338940,0.152944
82260.341442,0.000000
82260.343944,0.000000
82260.346446,0.000000
82260.348948,0.000000
82260.351450,0.540445
82260.353952,0.315396
82260.356454,0.000000
82260.358956,0.009665
82260.361458,0.074910
82260.363960,0.000000
82260.366462,0.000000
82260.368965,0.000000
82260.371467,0.000000
82260.373969,0.000000
82260.376471,0.646236
82260.378973,0.230371
82260.381475,0.000000
82260.383977,0.205833
82260.386479,0.503043
82260.388981,0.332389
82260.391483,0.021436
82260.393985,0.000000
82260.396487,0.250999
82260.398990,0.141451
82260.401492,0.321806
82260.403994,0.228333
82260.406496,0.377295
82260.408998,0.000000
82260.411500,0.473579
82260.414002,0.071034
82260.416504,0.746019
82260.419006,0.000000
82260.421508,0.624048
82260.424010,0.071145
82260.426513,0.000000
82260.429015,0.000000
82260.431517,0.000000
82260.434019,0.152480
82260.436521,0.187950
82260.439023,0.000000
82260.441525,0.000000
82260.444027,0.770108
82260.446529,0.621021
82260.449031,0.156851
82260.451533,0.013662
82260.454035,0.043149
82260.456538,0.220549
82260.459040,0.000000
82260.461542,0.000000
82260.464044,0.000000
82260.466546,0.143514
82260.469048,0.232655
82260.471550,0.000000
82260.474052,0.565820
82260.476554,0.000000
82260.479056,0.000000
82260.481558,0.080686
82260.484060,0.376413
82260.486563,0.605342
82260.489065,0.000000
82260.491567,0.387766
82260.494069,0.000000
82260.496571,0.000000
82260.499073,0.317660
82260.501575,0.234498
82260.504077,0.000000
82260.506579,0.530790
82260.509081,0.496118
82260.511583,0.000000
82260.514085,0.142284
82260.516588,0.177595
82260.519090,0.093708
82260.521592,0.000000
82260.524094,0.000000
82260.526596,0.000000
82260.529098,0.421575
82260.531600,0.195414
82260.534102,0.000000
82260.536604,0.277412
82260.539106,0.000000
82260.541608,0.412961
82260.544111,0.000000
82260.546613,0.000000
82260.549115,0.000000
82260.551617,0.000000
82260.554119,0.417296
82260.556621,0.000000
82260.559123,0.124562
82260.561625,0.000000
82260.564127,0.171488
82260.566629,0.027616
82260.569131,0.000000
82260.571633,0.358140
82260.574136,0.000000
82260.576638,0.000000
82260.579140,0.000000
82260.581642,0.539496
82260.584144,0.305639
82260.586646,0.000000
82260.589148,0.000000
82260.591650,0.000000
82260.594152,0.746554
82260.596654,0.137299
82260.599156,0.154592
82260.601658,0.370368
82260.604161,0.085840
82260.606663,0.000000
82260.609165,0.000000
82260.611667,0.000000
82260.614169,0.000000
82260.616671,0.261570
82260.619173,0.018674
82260.621675,0.263371
82260.624177,0.000000
82260.626679,0.028268
82260.629181,0.000000
82260.631683,0.329403
82260.634186,0.124556
82260.636688,0.358767
82260.639190,0.000000
82260.641692,0.750733
82260.644194,0.000000
82260.646696,0.398372
82260.649198,0.000000
82260.651700,0.220281
82260.654202,0.000000
82260.656704,0.000000
82260.659206,0.688060
82260.661709,0.000000
82260.664211,0.078163
82260.666713,0.312774
82260.669215,0.178189
82260.671717,0.054073
82260.674219,0.131197
82260.676721,0.863985
82260.679223,0.000000
82260.681725,0.072291
82260.684227,0.377691
82260.686729,0.397417
82260.689231,0.426716
82260.691734,0.229612
82260.694236,0.000000
82260.696738,0.587189
82260.699240,0.000000
82260.701742,0.108792
82260.704244,0.000000
82260.706746,0.000000
82260.709248,0.118184
82260.711750,0.115522
82260.714252,0.151673
82260.716754,0.580100
82260.719256,0.163037
82260.721759,0.000000
82260.724261,0.346572
82260.726763,0.427593
82260.729265,0.000000
82260.731767,0.214755
82260.734269,0.252059
82260.736771,0.000000
82260.739273,0.494542
82260.741775,0.000000
82260.744277,0.045142
82260.746779,0.000000
82260.749281,0.005600
82260.751784,0.000000
82260.754286,0.000000
82260.756788,0.573196
82260.759290,0.000000
82260.761792,0.000000
82260.764294,0.000000
82260.766796,0.000000
82260.769298,0.000000
82260.771800,0.590275
82260.774302,0.363011
82260.776804,0.000000
82260.779307,0.809710
82260.781809,0.352927
82260.784311,0.000000
82260.786813,0.000000
82260.789315,0.823553
82260.791817,0.000000
82260.794319,0.000000
82260.796821,0.367596
82260.799323,0.877047
82260.801825,0.497621
82260.804327,0.202715
82260.806829,0.213803
82260.809332,0.306788
82260.811834,0.272821
82260.814336,0.101083
82260.816838,0.037458
82260.819340,0.000000
82260.821842,0.000000
82260.824344,0.000000
82260.826846,0.000000
82260.829348,0.000000
82260.831850,0.000000
82260.834352,0.000000
82260.836854,0.064669
82260.839357,0.500400
82260.841859,0.330118
82260.844361,0.000000
82260.846863,0.000000
82260.849365,0.338190
82260.851867,0.000000
82260.854369,0.000000
82260.856871,0.197734
82260.859373,0.000000
82260.861875,0.037881
82260.864377,0.000000
82260.866879,0.000000
82260.869382,0.114956
82260.871884,0.000000
82260.874386,0.158343
82260.876888,0.000000
82260.879390,0.198610
82260.881892,0.080493
82260.884394,0.490384
82260.886896,0.045016
82260.889398,0.000000
82260.891900,0.043964
82260.894402,0.195306
82260.896905,0.017564
82260.899407,0.014592
82260.901909,0.000000
82260.904411,0.000000
82260.906913,0.000000
82260.909415,0.628941
82260.911917,0.000000
82260.914419,0.000000
82260.916921,0.000000
82260.919423,0.321709
82260.921925,0.000000
82260.924427,0.448541
82260.926930,0.000000
82260.929432,0.100293
82260.931934,0.000000
82260.934436,0.771143
82260.934436,0.000000
83062.519722,0.111375
83864.105009,0.227831
84665.690295,0.148753
85467.275582,0.000000
86268.860868,0.000000
87070.446154,0.015749
87872.031441,0.000000
88673.616727,0.346497
89475.202014,0.794643
90276.787300,0.000000
91078.372587,0.000000
91879.957873,0.000000
92681.543159,0.927359
93483.128446,0.000000
94284.713732,0.589233
95086.299019,0.603103
95887.884305,0.000000
96689.469592,0.204539
97491.054878,0.585379
97491.054878,0.000000
97491.057380,0.000000
97491.059882,0.000000
97491.062384,0.000000
97491.064886,0.000000
97491.067388,0.000000
97491.069890,0.012252
97491.072393,0.000000
97491.074895,0.084042
97491.077397,0.000000
97491.079899,0.118945
97491.082401,0.299639
97491.084903,0.000000
97491.087405,0.134467
97491.089907,0.441325
97491.092409,0.000000
97491.094911,0.601260
97491.097413,0.150630
97491.099916,0.000000
97491.102418,0.000000
97491.104920,0.200708
97491.107422,0.027323
97491.109924,0.193673
97491.112426,0.000000
97491.114928,0.060882
97491.117430,0.000000
97491.119932,0.000000
97491.122434,0.000000
97491.124936,0.000000
97491.127438,0.444353
97491.129941,0.392306
97491.132443,0.218974
97491.134945,0.000000
97491.137447,0.000000
97491.139949,0.436087
97491.142451,0.050945
97491.144953,0.833757
97491.147455,0.141391
97491.149957,0.069038
97491.152459,0.000000
97491.154961,0.048006
97491.157463,0.000000
97491.159966,0.254552
97491.162468,0.343917
97491.164970,0.000000
97491.167472,0.000000
97491.169974,0.000000
97491.172476,0.182614
97491.174978,0.000000
97491.177480,0.000000
97491.179982,0.139687
97491.182484,0.896188
97491.184986,0.000000
97491.187488,0.301422
97491.189991,0.029416
97491.192493,0.000000
97491.194995,0.330391
97491.197497,0.000000
97491.199999,0.096123
97491.202501,0.115645
97491.205003,0.000000
97491.207505,0.356621
97491.210007,0.000000
97491.212509,0.000000
97491.215011,0.192866
97491.217514,0.000000
97491.220016,0.010131
97491.222518,0.000000
97491.225020,0.390360
97491.227522,0.170645
97491.230024,0.000000
97491.232526,0.293972
97491.235028,0.499755
97491.237530,0.200523
97491.240032,0.003722
97491.242534,0.000000
97491.245036,0.000000
97491.247539,0.000000
97491.250041,0.000000
97491.252543,0.000000
97491.255045,0.020365
97491.257547,0.190415
97491.260049,0.000000
97491.262551,0.174889
97491.265053,0.023177
97491.267555,0.000000
97491.270057,0.000000
97491.272559,0.000000
97491.275061,0.000000
97491.277564,0.215664
97491.280066,0.550277
97491.282568,0.438123
97491.285070,0.000000
97491.287572,0.535889
97491.290074,0.053443
97491.292576,0.000000
97491.295078,0.000000
97491.297580,0.000000
97491.300082,0.000000
97491.302584,0.061262
97491.305086,0.057723
97491.307589,0.001095
97491.310091,0.157071
97491.312593,0.428016
97491.315095,0.341348
97491.317597,0.000000
97491.320099,0.000000
97491.322601,0.335871
97491.325103,0.000000
97491.327605,0.000000
97491.330107,0.000000
97491.332609,0.000000
97491.335112,0.194646
97491.337614,0.272903
97491.340116,0.000000
97491.342618,0.000000
97491.345120,0.000000
97491.347622,0.140846
97491.350124,0.000000
97491.352626,0.065915
97491.355128,0.000000
97491.357630,0.208245
97491.360132,0.042987
97491.362634,0.000000
97491.365137,0.430146
97491.367639,0.000000
97491.370141,0.000000
97491.372643,0.000000
97491.375145,0.000000
97491.377647,0.000000
97491.380149,0.000000
97491.382651,0.615328
97491.385153,0.000000
97491.387655,0.000000
97491.390157,0.528859
97491.392659,0.000000
97491.395162,0.000000
97491.397664,0.373827
97491.400166,0.000000
97491.402668,0.656418
97491.405170,0.243702
97491.407672,0.000000
97491.410174,0.775513
97491.412676,0.000000
97491.415178,0.266770
97491.417680,0.107590
97491.420182,0.467953
97491.422684,0.561335
97491.425187,0.011505
97491.427689,0.000000
97491.430191,0.165352
97491.432693,0.000000
97491.435195,0.723776
97491.437697,0.049082
97491.440199,0.000000
97491.442701,0.066389
97491.445203,0.000000
97491.447705,0.000000
97491.450207,0.431527
97491.452709,0.000000
97491.455212,0.000000
97491.457714,0.192917
97491.460216,0.426239
97491.462718,0.258451
97491.465220,0.358061
97491.467722,0.000000
97491.470224,0.000000
97491.472726,0.539702
97491.475228,0.000000
97491.477730,0.000000
97491.480232,0.477462
97491.482735,0.199955
97491.485237,0.163883
97491.487739,0.778279
97491.490241,0.000000
97491.492743,0.333542
97491.495245,0.020495
97491.497747,0.096554
97491.500249,0.549457
97491.502751,0.182558
97491.505253,0.193508
97491.507755,0.385547
97491.510257,0.000000
97491.512760,0.000000
97491.515262,0.000000
97491.517764,0.000000
97491.520266,0.739169
97491.522768,0.000000
97491.525270,0.000000
97491.527772,0.000000
97491.530274,0.110507
97491.532776,0.293243
97491.535278,0.309325
97491.537780,0.000000
97491.540282,0.000000
97491.542785,0.101582
97491.545287,0.000000
97491.547789,0.577812
97491.550291,0.176497
97491.552793,0.264175
97491.555295,0.238294
97491.557797,0.421843
97491.560299,0.065074
97491.562801,0.000000
97491.565303,0.143681
97491.567805,0.000000
97491.570307,0.000000
97491.572810,0.210787
97491.575312,0.445140
97491.577814,0.007647
97491.580316,0.111020
97491.582818,0.611916
97491.585320,0.086546
97491.587822,0.935258
97491.590324,0.203291
97491.592826,0.000000
97491.595328,0.270813
97491.597830,0.137020
97491.600333,0.463643
97491.602835,0.241997
97491.605337,0.000000
97491.607839,0.000000
97491.610341,0.000000
97491.612843,0.000000
97491.615345,0.000000
97491.617847,0.211583
97491.620349,0.600301
97491.622851,0.141877
97491.625353,0.000000
97491.627855,0.159827
97491.630358,0.430167
97491.632860,0.000000
97491.635362,0.000000
97491.637864,0.005280
97491.640366,0.000000
97491.642868,0.233045
97491.645370,0.000000
97491.647872,0.150814
97491.650374,0.000000
97491.652876,0.000000
97491.655378,0.259683
97491.657880,0.000000
97491.660383,0.620812
97491.662885,0.000000
97491.665387,0.080770
97491.667889,0.335250
97491.670391,0.000000
97491.672893,0.000000
97491.675395,0.000000
97491.677897,0.453876
97491.680399,0.000000
97491.682901,0.919627
97491.685403,0.000000
97491.687905,0.066343
97491.690408,0.554361
97491.692910,0.721154
97491.695412,0.741073
97491.697914,0.434386
97491.700416,0.368132
97491.702918,0.213003
97491.705420,0.279807
97491.707922,0.000000
97491.710424,0.000000
97491.712926,0.000000
97491.715428,0.000000
97491.717931,0.000000
97491.720433,0.250339
97491.722935,0.343415
97491.725437,0.031781
97491.727939,0.531145
97491.730441,0.000000
97491.732943,0.000000
97491.735445,0.000000
97491.737947,0.000000
97491.740449,0.000000
97491.742951,0.000000
97491.745453,0.544058
97491.747956,0.226765
97491.750458,0.000000
97491.752960,0.666513
97491.755462,0.438940
97491.757964,0.209254
97491.760466,0.000000
97491.762968,0.000000
97491.765470,0.000000
97491.767972,0.391386
97491.770474,0.677475
97491.772976,0.554768
97491.775478,0.000000
97491.777981,0.000000
97491.780483,0.050646
97491.782985,0.000000
97491.785487,0.116173
97491.787989,0.000000
97491.790491,0.000000
97491.792993,0.000000
97491.795495,0.184630
97491.797997,0.000000
97491.800499,0.000000
97491.803001,0.000000
97491.805503,0.000000
97491.808006,0.637093
97491.810508,0.597193
97491.813010,0.000000
97491.815512,0.000000
97491.818014,0.168516
97491.820516,0.000000
97491.823018,0.108489
97491.825520,0.275392
97491.828022,0.441060
97491.830524,0.000000
97491.833026,0.000000
97491.835529,0.000000
97491.838031,0.000000
97491.840533,0.000000
97491.843035,0.132061
97491.845537,0.328417
97491.848039,0.000000
97491.850541,0.536595
97491.853043,0.000000
97491.855545,0.000000
97491.858047,0.000000
97491.860549,0.000000
97491.863051,0.317798
97491.865554,0.264882
97491.868056,0.000000
97491.870558,0.024082
97491.873060,0.185471
97491.875562,0.000000
97491.878064,0.000000
97491.880566,0.285524
97491.883068,0.000000
97491.885570,0.105529
97491.888072,0.000000
97491.890574,0.167673
97491.893076,0.000000
97491.895579,0.000000
97491.898081,0.418703
97491.900583,0.000000
97491.903085,0.000000
97491.905587,0.072101
97491.908089,0.412914
97491.910591,0.000000
97491.913093,0.022173
97491.915595,0.154152
97491.918097,0.249159
97491.920599,0.063428
97491.923101,0.000000
97491.925604,0.000000
97491.928106,0.030967
97491.930608,0.000000
97491.933110,0.000000
97491.935612,0.156935
97491.938114,0.324948
97491.940616,0.000000
97491.943118,0.000000
97491.945620,0.222575
97491.948122,0.739633
97491.950624,0.007475
97491.953127,0.000000
97491.955629,0.000000
97491.958131,0.494243
97491.960633,0.000000
97491.963135,0.000000
97491.965637,0.000000
97491.968139,0.000000
97491.970641,0.044098
97491.973143,0.584043
97491.975645,0.116141
97491.978147,0.000000
97491.980649,0.000000
97491.983152,0.000000
97491.985654,0.317462
97491.988156,0.000000
97491.990658,0.000000
97491.993160,1.147865
97491.995662,0.107396
97491.998164,0.000000
97492.000666,0.000000
97492.003168,0.412846
97492.005670,0.040719
97492.008172,0.000000
97492.010674,0.330446
97492.013177,0.000000
97492.015679,0.673417
97492.018181,0.388258
97492.020683,0.000000
97492.023185,0.460502
97492.025687,0.024393
97492.028189,0.306557
97492.030691,0.174253
97492.033193,0.000000
97492.035695,0.000000
97492.038197,0.370252
97492.040699,0.000000
97492.043202,0.000000
97492.045704,0.000000
97492.048206,0.152276
97492.050708,0.741441
97492.053210,0.000000
97492.055712,0.008706
97492.058214,0.507668
97492.060716,0.000000
97492.063218,0.162620
97492.065720,0.000000
97492.068222,0.153969
97492.070725,0.000000
97492.073227,0.354352
97492.075729,0.426844
97492.078231,0.930902
97492.080733,0.208368
97492.083235,0.117118
97492.085737,0.069878
97492.088239,0.000000
97492.090741,0.121679
97492.093243,0.000000
97492.095745,0.060559
97492.098247,0.473653
97492.100750,0.000000
97492.103252,0.409766
97492.105754,0.473479
97492.108256,0.000000
97492.110758,0.000000
97492.113260,0.000000
97492.115762,0.466246
97492.118264,0.000000
97492.120766,0.000000
97492.123268,0.000000
97492.125770,0.302188
97492.128272,0.196541
97492.130775,0.000000
97492.133277,0.000000
97492.135779,0.000000
97492.138281,0.000000
97492.140783,0.580698
97492.143285,0.000000
97492.145787,0.437547
97492.148289,0.546886
97492.150791,0.358875
97492.153293,0.000000
97492.155795,0.145134
97492.158297,0.000000
97492.160800,0.000000
97492.163302,0.116601
97492.165804,0.000000
97492.168306,0.426949
97492.170808,0.000000
97492.173310,0.072313
97492.175812,0.101837
97492.178314,0.000000
97492.180816,0.210906
97492.183318,0.000000
97492.185820,0.313216
97492.188323,0.000000
97492.190825,0.045431
97492.193327,0.697010
97492.195829,0.000000
97492.198331,0.000000
97492.200833,0.184741
97492.203335,0.064556
97492.205837,0.126045
97492.208339,0.175854
97492.210841,0.228171
97492.213343,0.398917
97492.215845,0.147322
97492.218348,0.000000
97492.220850,0.241778
97492.223352,0.682973
97492.225854,0.000000
97492.228356,0.000000
97492.230858,0.397976
97492.233360,0.000000
97492.235862,0.000000
97492.238364,0.304633
97492.240866,0.000000
97492.243368,0.000000
97492.245870,0.119341
97492.248373,0.068481
97492.250875,0.255035
97492.253377,0.000000
97492.255879,0.184452
97492.258381,0.000000
97492.260883,0.265589
97492.263385,0.221214
97492.265887,0.000000
97492.268389,0.390391
97492.270891,0.000000
97492.273393,0.290482
97492.275895,0.132033
97492.278398,0.660794
97492.280900,0.000000
97492.283402,0.000000
97492.285904,0.000000
97492.288406,0.000000
97492.290908,0.287565
97492.293410,0.000000
97492.295912,0.000000
97492.298414,0.000000
97492.300916,0.341618
97492.303418,0.614935
97492.305921,0.000000
97492.308423,0.000000
97492.310925,0.025182
97492.313427,0.417674
97492.315929,0.000000
97492.318431,0.085689
97492.320933,0.350566
97492.323435,0.180134
97492.325937,0.068151
97492.328439,0.359858
97492.330941,0.000000
97492.333443,0.243684
97492.335946,0.000000
97492.338448,0.000000
97492.340950,0.183768
97492.343452,0.493806
97492.345954,0.000000
97492.348456,0.342541
97492.350958,0.579585
97492.353460,0.472688
97492.355962,0.589538
97492.358464,0.266781
97492.360966,0.027117
97492.363468,0.000000
97492.365971,0.000000
97492.368473,0.000000
97492.370975,0.780415
97492.373477,0.000000
97492.375979,0.044290
97492.378481,0.198249
97492.380983,0.015674
97492.383485,0.609340
97492.385987,0.000000
97492.388489,0.069958
97492.390991,0.000000
97492.393493,0.000000
97492.395996,0.000000
97492.398498,0.000000
97492.401000,0.000000
97492.403502,0.000000
97492.406004,0.000000
97492.408506,0.000000
97492.411008,0.000000
97492.413510,0.273226
97492.416012,0.029636
97492.418514,0.000000
97492.421016,0.000000
97492.423519,0.000000
97492.426021,0.114737
97492.428523,0.481868
97492.431025,0.000000
97492.433527,0.041350
97492.436029,0.000000
97492.438531,0.241335
97492.441033,0.076640
97492.443535,0.000000
97492.446037,0.000000
97492.448539,0.000000
97492.451041,0.386805
97492.453544,0.007661
97492.456046,0.683444
97492.458548,0.000000
97492.461050,0.000000
97492.463552,0.000000
97492.466054,0.000000
97492.468556,0.000000
97492.471058,0.274058
97492.473560,0.943245
97492.476062,1.726606
97492.478564,5.217074
97492.481066,7.205579
97492.483569,7.913711
97492.486071,6.497523
97492.488573,3.470893
97492.491075,1.087240
97492.493577,0.000000
97492.496079,0.000000
97492.498581,0.000000
97492.501083,0.000000
97492.503585,0.000000
97492.506087,0.000000
97492.508589,0.027627
97492.511091,0.000000
97492.513594,0.000000
97492.516096,0.060628
97492.518598,0.158870
97492.521100,0.000000
97492.523602,0.507205
97492.526104,0.000000
97492.528606,0.006776
97492.531108,0.254590
97492.533610,0.083837
97492.536112,0.342635
97492.538614,0.103216
97492.541117,0.000000
97492.543619,0.129954
97492.546121,0.000000
97492.548623,0.039025
97492.551125,0.000000
97492.553627,0.000000
97492.556129,0.000000
97492.558631,0.000000
97492.561133,0.000000
97492.563635,0.033376
97492.566137,0.057466
97492.568639,0.000000
97492.571142,0.455461
97492.573644,0.000000
97492.576146,0.404502
97492.578648,0.519726
97492.581150,1.459627
97492.583652,6.163206
97492.586154,12.321110
97492.588656,21.124253
97492.591158,24.325159
97492.593660,19.278531
97492.596162,11.736006
97492.598664,4.480394
97492.601167,1.417581
97492.603669,0.360482
97492.606171,0.000000
97492.608673,0.295359
97492.611175,0.285524
97492.613677,0.000000
97492.616179,0.468887
97492.618681,0.000000
97492.621183,0.371182
97492.623685,0.405030
97492.626187,0.000000
97492.628689,0.000000
97492.631192,0.000000
97492.633694,0.000000
97492.636196,0.000000
97492.638698,0.280274
97492.641200,0.471032
97492.643702,0.501723
97492.646204,0.000000
97492.648706,0.000000
97492.651208,0.000000
97492.653710,0.000000
97492.656212,0.346847
97492.658715,0.580773
97492.661217,0.000000
97492.663719,0.000000
97492.666221,0.000000
97492.668723,0.100713
97492.671225,0.000000
97492.673727,0.152442
97492.676229,0.000000
97492.678731,0.000000
97492.681233,0.196379
97492.683735,0.002309
97492.686237,0.000000
97492.688740,0.000000
97492.691242,0.000000
97492.693744,0.000000
97492.696246,0.000000
97492.698748,0.574685
97492.701250,0.201640
97492.703752,0.000000
97492.706254,0.250543
97492.708756,0.000000
97492.711258,0.421717
97492.713760,0.132880
97492.716262,0.000000
97492.718765,0.160946
97492.721267,0.000000
97492.723769,0.000000
97492.726271,0.000000
97492.728773,0.051385
97492.731275,0.622808
97492.733777,0.802112
97492.736279,0.229368
97492.738781,0.180045
97492.741283,0.000000
97492.743785,0.000000
97492.746287,0.000000
97492.748790,0.000000
97492.751292,0.000000
97492.753794,0.000000
97492.756296,0.000000
97492.758798,0.268860
97492.761300,0.000000
97492.763802,0.086005
97492.766304,0.745595
97492.768806,0.000000
97492.771308,0.000000
97492.773810,0.000000
97492.776313,0.395775
97492.778815,0.703991
97492.781317,0.000000
97492.783819,0.178554
97492.786321,0.000000
97492.788823,0.000000
97492.791325,0.950594
97492.793827,0.000000
97492.796329,0.091215
97492.798831,0.168127
97492.801333,0.390321
97492.803835,0.035223
97492.806338,0.110739
97492.808840,0.000000
97492.811342,0.096746
97492.813844,0.000000
97492.816346,0.223444
97492.818848,0.000000
97492.821350,0.135561
97492.823852,0.000000
97492.826354,0.404795
97492.828856,0.000000
97492.831358,0.000000
97492.833860,0.453638
97492.836363,0.000000
97492.838865,0.000000
97492.841367,0.000000
97492.843869,0.494086
97492.846371,0.000000
97492.848873,1.127964
97492.851375,0.379633
97492.853877,0.080250
97492.856379,0.000000
97492.858881,0.102652
97492.861383,0.187334
97492.863885,0.231943
97492.866388,0.199730
97492.868890,0.032203
97492.871392,0.000000
97492.873894,0.000000
97492.876396,0.000000
97492.878898,0.407570
97492.881400,0.213373
97492.883902,0.000000
97492.886404,0.235785
97492.888906,0.070004
97492.891408,0.000000
97492.893910,0.000000
97492.896413,0.404098
97492.898915,0.340619
97492.901417,0.000000
97492.903919,0.146328
97492.906421,0.000000
97492.908923,0.000000
97492.911425,0.000000
97492.913927,0.310015
97492.916429,0.342631
97492.918931,0.184445
97492.921433,0.260659
97492.923936,0.185557
97492.926438,0.000000
97492.928940,0.155268
97492.931442,0.287733
97492.933944,0.271154
97492.936446,0.427393
97492.938948,0.254622
97492.941450,0.126339
97492.943952,0.384700
97492.946454,0.000000
97492.948956,0.000000
97492.951458,0.000000
97492.953961,0.000000
97492.956463,0.000000
97492.958965,0.000000
97492.961467,0.000000
97492.963969,0.000000
97492.966471,0.000000
97492.968973,0.076675
97492.971475,0.000433
97492.973977,0.000000
97492.976479,0.236987
97492.978981,0.337040
97492.981483,0.000000
97492.983986,0.000000
97492.986488,0.000000
97492.988990,0.000000
97492.991492,0.298181
97492.993994,0.000000
97492.996496,0.000000
97492.998998,0.000000
97493.001500,0.228421
97493.004002,0.000000
97493.006504,0.021545
97493.009006,0.099712
97493.011508,0.489132
97493.014011,0.000000
97493.016513,0.000000
97493.019015,0.066091
97493.021517,0.647251
97493.024019,0.445379
97493.026521,0.075369
97493.029023,0.000000
97493.031525,0.290146
97493.034027,0.000000
97493.036529,0.171242
97493.039031,0.181707
97493.041534,0.381126
97493.044036,0.992048
97493.046538,0.141066
97493.049040,0.000000
97493.051542,0.000000
97493.054044,0.000000
97493.056546,0.000000
97493.059048,0.000000
97493.061550,0.000000
97493.064052,0.054769
97493.066554,0.000000
97493.069056,0.402990
97493.071559,0.000074
97493.074061,0.000000
97493.076563,0.000000
97493.079065,0.055788
97493.081567,0.296608
97493.084069,0.000000
97493.086571,0.000000
97493.089073,0.000000
97493.091575,0.000000
97493.094077,0.000000
97493.096579,0.000000
97493.099081,0.314327
97493.101584,0.094386
97493.104086,0.069592
97493.106588,0.305883
97493.109090,0.000000
97493.111592,0.140365
97493.114094,0.000000
97493.116596,0.095393
97493.119098,0.000000
97493.121600,0.000000
97493.124102,0.000000
97493.126604,0.511452
97493.129106,0.332958
97493.131609,0.347043
97493.134111,0.444367
97493.136613,0.031871
97493.139115,0.070931
97493.141617,0.000000
97493.144119,0.000000
97493.146621,0.221359
97493.149123,0.432775
97493.151625,0.000000
97493.154127,0.000000
97493.156629,0.000190
97493.159132,0.216123
97493.161634,0.000000
97493.164136,0.000000
97493.166638,0.000000
97493.169140,0.000000
97493.171642,0.000000
97493.174144,0.000000
97493.176646,0.000000
97493.179148,0.522136
97493.181650,0.117459
97493.184152,0.108015
97493.186654,0.223672
97493.189157,0.000000
97493.191659,0.373542
97493.194161,0.000000
97493.196663,0.241026
97493.199165,0.000000
97493.201667,0.000000
97493.204169,0.294017
97493.206671,0.135312
97493.209173,0.000000
97493.211675,0.000000
97493.214177,0.404574
97493.216679,0.000000
97493.219182,0.590511
97493.221684,0.000000
97493.224186,0.229490
97493.226688,0.000000
97493.229190,0.216835
97493.231692,0.000000
97493.234194,0.000000
97493.236696,0.014710
97493.239198,0.000000
97493.241700,0.266313
97493.244202,0.000000
97493.246704,0.000000
97493.249207,0.000000
97493.251709,0.000000
97493.254211,0.000000
97493.256713,0.867292
97493.259215,0.282051
97493.261717,0.000000
97493.264219,0.000000
97493.266721,0.008076
97493.269223,0.196679
97493.271725,0.000000
97493.274227,0.400579
97493.276730,0.257167
97493.279232,0.258175
97493.281734,0.157624
97493.284236,0.007052
97493.286738,0.241882
97493.289240,0.212747
97493.291742,0.000000
97493.294244,0.000000
97493.296746,0.036616
97493.299248,0.556845
97493.301750,0.000000
97493.304252,0.000000
97493.306755,0.059229
97493.309257,0.018293
97493.311759,0.062313
97493.314261,0.087697
97493.316763,0.000000
97493.319265,0.535579
97493.321767,0.000000
97493.324269,0.000000
97493.326771,0.000000
97493.329273,0.000000
97493.331775,0.000000
97493.334277,0.597269
97493.336780,0.007508
97493.339282,0.082933
97493.341784,0.000000
97493.344286,0.000000
97493.346788,0.000000
97493.349290,0.000000
97493.351792,0.460728
97493.354294,0.200480
97493.356796,0.000000
97493.359298,0.088614
97493.361800,0.179102
97493.364302,0.409863
97493.366805,0.568176
97493.369307,0.000000
97493.371809,0.000000
97493.374311,0.000000
97493.376813,0.000000
97493.379315,0.167647
97493.381817,0.354929
97493.384319,0.000000
97493.386821,0.000000
97493.389323,0.054554
97493.391825,0.000000
97493.394328,0.751152
97493.396830,0.000000
97493.399332,0.066411
97493.401834,0.727450
97493.404336,0.002444
97493.406838,0.000000
97493.409340,0.000000
97493.411842,0.000000
97493.414344,0.493514
97493.416846,0.000000
97493.419348,0.551242
97493.421850,0.000000
97493.424353,0.000000
97493.426855,0.000000
97493.429357,0.211574
97493.431859,0.000000
97493.434361,0.166143
97493.436863,0.727703
97493.439365,0.000000
97493.441867,0.068196
97493.444369,0.000000
97493.446871,0.153099
97493.449373,0.006883
97493.451875,0.000000
97493.454378,0.175381
97493.456880,0.648631
97493.459382,0.000000
97493.461884,0.258740
97493.464386,0.000000
97493.466888,0.000000
97493.469390,0.169822
97493.471892,0.533513
97493.474394,0.127837
97493.476896,0.000000
97493.479398,0.000000
97493.481900,0.000000
97493.484403,0.217312
97493.486905,0.317183
97493.489407,0.000000
97493.491909,0.000000
97493.494411,0.095578
97493.496913,0.000000
97493.499415,0.000000
97493.501917,0.754812
97493.504419,0.000000
97493.506921,0.000000
97493.509423,0.000000
97493.511926,0.267524
97493.514428,0.000000
97493.516930,0.000000
97493.519432,0.474985
97493.521934,0.510322
97493.524436,0.000000
97493.526938,0.000000
97493.529440,0.362183
97493.531942,0.000000
97493.534444,0.284216
97493.536946,0.000000
97493.539448,0.320873
97493.541951,0.000000
97493.544453,0.262697
97493.546955,0.005131
97493.549457,0.000000
97493.551959,0.000000
97493.554461,0.246719
97493.556963,0.038067
97493.559465,0.210086
97493.561967,0.710495
97493.564469,0.000000
97493.566971,0.581359
97493.569473,0.037514
97493.571976,0.000000
97493.574478,0.000000
97493.576980,0.000000
97493.579482,0.331317
97493.581984,0.000000
97493.584486,0.543233
97493.586988,0.000000
97493.589490,0.000000
97493.591992,0.000000
97493.594494,0.130719
97493.596996,0.318820
97493.599498,0.000000
97493.602001,0.000000
97493.604503,0.071518
97493.607005,0.157000
97493.609507,0.145337
97493.612009,0.444241
97493.614511,0.000000
97493.617013,0.244525
97493.619515,0.428685
97493.622017,0.000000
97493.624519,0.114909
97493.627021,0.000000
97493.629524,0.000000
97493.632026,0.124983
97493.634528,0.000000
97493.637030,0.000000
97493.639532,0.012277
97493.642034,0.000000
97493.644536,0.000000
97493.647038,0.244222
97493.649540,0.000000
97493.652042,0.239527
97493.654544,0.166293
97493.657046,0.000000
97493.659549,0.000000
97493.662051,0.429261
97493.664553,0.000000
97493.667055,0.000000
97493.669557,0.166103
97493.672059,0.281615
97493.674561,0.000000
97493.677063,0.000000
97493.679565,0.511316
97493.682067,0.625103
97493.684569,0.351882
97493.687071,0.030670
97493.689574,0.000000
97493.692076,0.000000
97493.694578,0.187834
97493.697080,0.150407
97493.699582,0.503849
97493.702084,0.233825
97493.704586,0.000000
97493.707088,0.378156
97493.709590,0.000000
97493.712092,0.000000
97493.714594,0.089942
97493.717096,0.717407
97493.719599,1.117960
97493.722101,0.218106
97493.724603,0.000000
97493.727105,0.192145
97493.729607,0.319096
97493.732109,0.000000
97493.734611,0.645346
97493.737113,0.082706
97493.739615,0.178930
97493.742117,0.239388
97493.744619,0.151553
97493.747122,0.301584
97493.749624,0.000000
97493.752126,0.000000
97493.754628,0.000000
97493.757130,0.157993
97493.759632,0.280014
97493.762134,0.164561
97493.764636,0.601950
97493.767138,0.000000
97493.769640,0.240401
97493.772142,0.000000
97493.774644,0.000000
97493.777147,0.250033
97493.779649,0.305237
97493.782151,0.000000
97493.784653,0.000000
97493.787155,0.000000
97493.789657,0.000000
97493.792159,0.320077
97493.794661,0.206776
97493.797163,0.179980
97493.799665,0.017893
97493.802167,0.002539
97493.804669,0.000000
97493.807172,0.251216
97493.809674,0.151332
97493.812176,0.176872
97493.814678,0.000000
97493.817180,0.000000
97493.819682,0.394407
97493.822184,0.000000
97493.824686,0.000000
97493.827188,0.249293
97493.829690,0.000000
97493.832192,0.381028
97493.834694,0.221803
97493.837197,0.245731
97493.839699,0.000000
97493.842201,0.435672
97493.844703,0.093915
97493.847205,0.000000
97493.849707,0.051546
97493.852209,0.000000
97493.854711,0.146903
97493.857213,0.000000
97493.859715,0.000000
97493.862217,0.000000
97493.864720,0.399991
97493.867222,0.000000
97493.869724,0.551348
97493.872226,0.000000
97493.874728,0.000000
97493.877230,0.000000
97493.879732,0.444252
97493.882234,0.000000
97493.884736,0.000000
97493.887238,0.057524
97493.889740,0.180382
97493.892242,0.401685
97493.894745,0.520709
97493.897247,0.000000
97493.899749,0.000000
97493.902251,0.000000
97493.904753,0.093566
97493.907255,0.000000
97493.909757,0.000000
97493.912259,0.123586
97493.914761,0.000000
97493.917263,0.011790
97493.919765,0.000000
97493.922267,0.000000
97493.924770,0.000000
97493.927272,0.320010
97493.929774,0.372154
97493.932276,0.000000
97493.934778,0.000000
97493.937280,0.000000
97493.939782,0.000000
97493.942284,0.000000
97493.944786,0.000000
97493.947288,0.000000
97493.949790,0.000000
97493.952292,0.074509
97493.954795,0.024928
97493.957297,0.000000
97493.959799,0.063564
97493.962301,0.000000
97493.964803,0.000000
97493.967305,0.601576
97493.969807,0.481872
97493.972309,0.000000
97493.974811,0.298274
97493.977313,0.291682
97493.979815,0.000000
97493.982318,0.294336
97493.984820,0.552859
97493.987322,0.000000
97493.989824,0.000000
97493.992326,0.365831
97493.994828,0.097598
97493.997330,0.198246
97493.999832,0.122436
97494.002334,0.140448
97494.004836,0.000000
97494.007338,0.376492
97494.009840,0.420447
97494.012343,0.000000
97494.014845,0.000000
97494.017347,0.000000
97494.019849,0.184865
97494.022351,0.205644
97494.024853,0.000000
97494.027355,0.404185
97494.029857,0.000000
97494.032359,0.202966
97494.034861,0.000000
97494.037363,0.000000
97494.039865,0.000000
97494.042368,0.080994
97494.044870,0.000000
97494.047372,0.000000
97494.049874,0.296949
97494.052376,0.000000
97494.054878,0.000000
97494.054878,0.628944
97774.507277,0.496608
98054.959676,0.000000
98335.412074,0.247938
98615.864473,0.000000
98896.316872,0.094719
99176.769271,0.105768
99457.221669,0.000000
99737.674068,0.000000
100018.126467,0.000000
100298.578866,0.000000
100579.031265,0.000000
100859.483663,0.000000
101139.936062,0.000000
101420.388461,0.245185
101700.840860,0.534638
101981.293259,0.000000
102261.745657,0.086062
102542.198056,0.179628
102822.650455,0.169676
102822.650455,0.027305
102822.652957,0.266981
102822.655459,0.173360
102822.657961,0.000000
102822.660463,0.312446
102822.662965,0.318965
102822.665467,0.000000
102822.667969,0.013638
102822.670472,0.245644
102822.672974,0.000000
102822.675476,0.385716
102822.677978,0.849770
102822.680480,0.000000
102822.682982,0.000000
102822.685484,0.109217
102822.687986,0.259389
102822.690488,0.000000
102822.692990,0.522421
102822.695492,0.000000
102822.697995,0.249092
102822.700497,0.000000
102822.702999,0.618085
102822.705501,0.716273
102822.708003,0.000000
102822.710505,0.000000
102822.713007,0.309006
102822.715509,0.000000
102822.718011,0.000000
102822.720513,0.009127
102822.723015,0.000000
102822.725517,0.000000
102822.728020,0.000000
102822.730522,0.000000
102822.733024,0.518960
102822.735526,0.000000
102822.738028,0.292333
102822.740530,0.000000
102822.743032,0.000000
102822.745534,0.284124
102822.748036,0.122242
102822.750538,0.205125
102822.753040,0.348045
102822.755542,0.000000
102822.758045,0.000000
102822.760547,0.000000
102822.763049,0.000000
102822.765551,1.060146
102822.768053,0.447440
102822.770555,0.000000
102822.773057,0.000000
102822.775559,0.173222
102822.778061,0.196732
102822.780563,0.197314
102822.783065,0.000000
102822.785567,0.000000
102822.788070,0.117867
102822.790572,0.030877
102822.793074,0.000000
102822.795576,0.000000
102822.798078,0.000000
102822.800580,0.062985
102822.803082,1.073147
102822.805584,0.132103
102822.808086,0.000000
102822.810588,0.331371
102822.813090,0.173518
102822.815593,0.151016
102822.818095,0.218152
102822.820597,0.739290
102822.823099,0.000000
102822.825601,0.170262
102822.828103,0.000000
102822.830605,0.199697
102822.833107,0.000000
102822.835609,0.000000
102822.838111,0.000000
102822.840613,0.350789
102822.843115,0.330168
102822.845618,0.000000
102822.848120,0.019748
102822.850622,0.000000
102822.853124,0.000000
102822.855626,0.000000
102822.858128,0.000000
102822.860630,0.872361
102822.863132,0.155641
102822.865634,0.000000
102822.868136,0.000000
102822.870638,0.367169
102822.873140,0.750758
102822.875643,0.000000
102822.878145,0.000000
102822.880647,0.672578
102822.883149,0.140059
102822.885651,0.000000
102822.888153,0.192190
102822.890655,0.000000
102822.893157,0.001213
102822.895659,0.117846
102822.898161,0.332258
102822.900663,0.000000
102822.903165,0.030803
102822.905668,0.000000
102822.908170,0.091806
102822.910672,0.000000
102822.913174,0.000000
102822.915676,0.000000
102822.918178,0.234072
102822.920680,0.308598
102822.923182,0.000000
102822.925684,0.013746
102822.928186,0.000000
102822.930688,0.000000
102822.933191,0.000000
102822.935693,0.942128
102822.938195,0.000000
102822.940697,0.526345
102822.943199,0.358353
102822.945701,0.100884
102822.948203,0.632192
102822.950705,0.133765
102822.953207,0.139896
102822.955709,0.000000
102822.958211,0.439851
102822.960713,0.394161
102822.963216,0.000000
102822.965718,0.000000
102822.968220,0.000000
102822.970722,0.000000
102822.973224,0.000000
102822.975726,0.444837
102822.978228,0.000000
102822.980730,0.000000
102822.983232,0.020858
102822.985734,0.304996
102822.988236,0.000000
102822.990738,0.000000
102822.993241,0.075953
102822.995743,0.431407
102822.998245,0.000000
102823.000747,0.000000
102823.003249,0.222775
102823.005751,0.000000
102823.008253,0.000000
102823.010755,0.000000
102823.013257,0.000000
102823.015759,0.000000
102823.018261,0.000000
102823.020763,0.322479
102823.023266,0.458295
102823.025768,0.234210
102823.028270,0.000000
102823.030772,0.000000
102823.033274,0.000000
102823.035776,0.215256
102823.038278,0.240256
102823.040780,0.000000
102823.043282,0.029476
102823.045784,0.164384
102823.048286,0.523342
102823.050789,0.253257
102823.053291,0.283652
102823.055793,0.030134
102823.058295,0.507035
102823.060797,0.147302
102823.063299,0.000000
102823.065801,0.504486
102823.068303,0.250884
102823.070805,0.000000
102823.073307,0.000000
102823.075809,0.106614
102823.078311,0.166507
102823.080814,0.070923
102823.083316,0.111910
102823.085818,0.611104
102823.088320,0.385200
102823.090822,0.068530
102823.093324,0.338384
102823.095826,0.000000
102823.098328,0.143048
102823.100830,0.650413
102823.103332,0.000000
102823.105834,0.000000
102823.108336,0.000000
102823.110839,0.000000
102823.113341,0.000000
102823.115843,0.000000
102823.118345,0.000000
102823.120847,0.005615
102823.123349,0.324352
102823.125851,0.000000
102823.128353,0.546155
102823.130855,0.183621
102823.133357,0.370475
102823.135859,0.000000
102823.138361,0.307186
102823.140864,0.000000
102823.143366,0.320028
102823.145868,0.061773
102823.148370,0.198884
102823.150872,0.000000
102823.153374,0.000000
102823.155876,0.214693
102823.158378,0.000000
102823.160880,0.166514
102823.163382,0.000000
102823.165884,0.304903
102823.168387,0.000000
102823.170889,0.198542
102823.173391,0.224903
102823.175893,0.000000
102823.178395,0.209228
102823.180897,0.093624
102823.183399,0.000000
102823.185901,0.000000
102823.188403,0.000000
102823.190905,0.125693
102823.193407,0.000000
102823.195909,0.034275
102823.198412,0.000000
102823.200914,0.244140
102823.203416,0.000000
102823.205918,0.000000
102823.208420,0.263094
102823.210922,0.120447
102823.213424,0.113652
102823.215926,0.168693
102823.218428,0.000000
102823.220930,0.272052
102823.223432,0.220172
102823.225934,0.000000
102823.228437,0.000000
102823.230939,0.000000
102823.233441,0.000000
102823.235943,0.120017
102823.238445,0.514551
102823.240947,0.388876
102823.243449,0.000000
102823.245951,0.223623
102823.248453,0.477728
102823.250955,0.139051
102823.253457,0.392188
102823.255959,0.723375
102823.258462,0.368005
102823.260964,0.089622
102823.263466,0.375691
102823.265968,0.052085
102823.268470,0.008593
102823.270972,0.000000
102823.273474,0.562019
102823.275976,0.000000
102823.278478,0.550859
102823.280980,0.179692
102823.283482,0.000000
102823.285985,0.132163
102823.288487,0.000000
102823.290989,0.224859
102823.293491,0.318225
102823.295993,0.000000
102823.298495,0.044413
102823.300997,0.702484
102823.303499,0.000000
102823.306001,0.000000
102823.308503,0.532631
102823.311005,0.705515
102823.313507,0.001329
102823.316010,0.363603
102823.318512,0.482236
102823.321014,0.000000
102823.323516,0.000000
102823.326018,0.442477
102823.328520,0.605732
102823.331022,0.202346
102823.333524,0.000000
102823.336026,0.714313
102823.338528,0.000000
102823.341030,0.000000
102823.343532,0.123064
102823.346035,0.558693
102823.348537,0.306989
102823.351039,0.149137
102823.353541,0.166544
102823.356043,0.015643
102823.358545,0.200641
102823.361047,0.000000
102823.363549,0.000000
102823.366051,0.086751
102823.368553,0.000000
102823.371055,0.138876
102823.373557,0.000000
102823.376060,0.631062
102823.378562,0.565472
102823.381064,0.000000
102823.383566,0.000000
102823.386068,0.000000
102823.388570,0.000000
102823.391072,0.070108
102823.393574,0.000000
102823.396076,0.000000
102823.398578,0.223853
102823.401080,0.226305
102823.403583,0.000000
102823.406085,0.321864
102823.408587,0.000000
102823.411089,0.091008
102823.413591,0.294899
102823.416093,0.000000
102823.418595,0.163471
102823.421097,0.000000
102823.423599,0.000000
102823.426101,0.000000
102823.428603,0.000000
102823.431105,0.000000
102823.433608,0.000000
102823.436110,0.000000
102823.438612,0.000000
102823.441114,0.000000
102823.443616,0.000000
102823.446118,0.000000
102823.448620,0.172351
102823.451122,0.314373
102823.453624,0.000000
102823.456126,0.000000
102823.458628,0.000000
102823.461130,0.000000
102823.463633,0.000000
102823.466135,0.000000
102823.468637,0.000000
102823.471139,0.000000
102823.473641,0.065220
102823.476143,0.213902
102823.478645,0.000000
102823.481147,0.000000
102823.483649,0.000000
102823.486151,0.000000
102823.488653,0.000000
102823.491155,0.206029
102823.493658,0.000000
102823.496160,0.000000
102823.498662,0.108243
102823.501164,0.066085
102823.503666,0.968097
102823.506168,0.125747
102823.508670,0.000000
102823.511172,0.000000
102823.513674,0.000000
102823.516176,0.000000
102823.518678,0.000000
102823.521180,0.329066
102823.523683,0.000000
102823.526185,0.000000
102823.528687,0.000000
102823.531189,0.625086
102823.533691,0.000000
102823.536193,0.658771
102823.538695,0.292673
102823.541197,0.173294
102823.543699,0.132553
102823.546201,0.141563
102823.548703,0.000000
102823.551206,0.000000
102823.553708,0.303819
102823.556210,0.000000
102823.558712,0.000000
102823.561214,0.000000
102823.563716,0.612595
102823.566218,0.448235
102823.568720,0.000000
102823.571222,0.342029
102823.573724,0.000000
102823.576226,0.000000
102823.578728,0.000000
102823.581231,0.561830
102823.583733,0.000000
102823.586235,0.000000
102823.588737,0.000000
102823.591239,0.684503
102823.593741,0.584503
102823.596243,0.797612
102823.598745,0.000000
102823.601247,0.106272
102823.603749,0.000000
102823.606251,0.530931
102823.608753,0.000000
102823.611256,0.077927
102823.613758,0.000000
102823.616260,0.000000
102823.618762,0.000000
102823.621264,0.000000
102823.623766,0.000000
102823.626268,0.000000
102823.628770,0.299569
102823.631272,0.000000
102823.633774,0.079281
102823.636276,0.437834
102823.638778,0.000000
102823.641281,0.000000
102823.643783,0.000000
102823.646285,0.424090
102823.648787,0.069778
102823.651289,0.000000
102823.653791,0.173945
102823.656293,0.000000
102823.658795,0.244936
102823.661297,0.146887
102823.663799,0.000000
102823.666301,0.000000
102823.668804,0.000000
102823.671306,0.192257
102823.673808,0.441796
102823.676310,0.000000
102823.678812,0.164782
102823.681314,0.000000
102823.683816,0.000000
102823.686318,0.000000
102823.688820,0.000000
102823.691322,0.000000
102823.693824,0.000000
102823.696326,0.105038
102823.698829,0.000000
102823.701331,0.000000
102823.703833,0.000000
102823.706335,0.000000
102823.708837,0.164530
102823.711339,0.000000
102823.713841,0.000000
102823.716343,0.000000
102823.718845,0.499082
102823.721347,0.000000
102823.723849,0.137678
102823.726351,0.050779
102823.728854,0.000000
102823.731356,0.276157
102823.733858,0.077431
102823.736360,0.182713
102823.738862,1.411412
102823.741364,0.000000
102823.743866,0.619997
102823.746368,0.000000
102823.748870,0.103290
102823.751372,0.000000
102823.753874,0.000000
102823.756376,0.000000
102823.758879,0.118452
102823.761381,0.000000
102823.763883,0.269820
102823.766385,0.000000
102823.768887,0.000000
102823.771389,0.000000
102823.773891,0.451923
102823.776393,0.000000
102823.778895,0.128858
102823.781397,0.000000
102823.783899,0.272459
102823.786402,0.246428
102823.788904,0.664542
102823.791406,0.000000
102823.793908,0.240369
102823.796410,0.035254
102823.798912,0.465843
102823.801414,0.000000
102823.803916,0.267816
102823.806418,0.000000
102823.808920,0.000000
102823.811422,0.032983
102823.813924,0.090676
102823.816427,0.000000
102823.818929,0.077186
102823.821431,0.567305
102823.823933,0.354251
102823.826435,0.312445
102823.828937,0.000000
102823.831439,0.000000
102823.833941,0.343413
102823.836443,0.314923
102823.838945,0.529399
102823.841447,0.000000
102823.843949,0.000000
102823.846452,0.000000
102823.848954,0.000000
102823.851456,0.358249
102823.853958,0.000000
102823.856460,0.230241
102823.858962,0.000000
102823.861464,0.116493
102823.863966,0.000000
102823.866468,0.030631
102823.868970,0.000000
102823.871472,0.000000
102823.873974,0.000000
102823.876477,0.433533
102823.878979,0.279464
102823.881481,0.167760
102823.883983,0.546774
102823.886485,0.000000
102823.888987,0.628146
102823.891489,0.335106
102823.893991,0.000000
102823.896493,0.408235
102823.898995,0.000000
102823.901497,0.000000
102823.904000,0.000000
102823.906502,0.000000
102823.909004,0.000000
102823.911506,0.439676
102823.914008,0.000000
102823.916510,0.126719
102823.919012,0.000000
102823.921514,0.000000
102823.924016,0.097081
102823.926518,0.000000
102823.929020,0.000000
102823.931522,0.000000
102823.934025,0.714390
102823.936527,0.327619
102823.939029,0.038017
102823.941531,0.454280
102823.944033,0.000000
102823.946535,0.195371
102823.949037,0.071828
102823.951539,0.094910
102823.954041,0.457388
102823.956543,0.263318
102823.959045,0.103791
102823.961547,0.000000
102823.964050,0.000000
102823.966552,0.000000
102823.969054,0.033566
102823.971556,0.000000
102823.974058,0.866954
102823.976560,0.545116
102823.979062,0.216451
102823.981564,0.025896
102823.984066,0.000000
102823.986568,0.000000
102823.989070,0.027853
102823.991572,0.092657
102823.994075,0.000000
102823.996577,0.120130
102823.999079,0.000000
102824.001581,0.000000
102824.004083,0.000000
102824.006585,0.000000
102824.009087,0.678590
102824.011589,0.200071
102824.014091,0.000000
102824.016593,0.174721
102824.019095,0.000000
102824.021598,0.389208
102824.024100,0.000000
102824.026602,0.000000
102824.029104,0.476600
102824.031606,0.000000
102824.034108,0.000000
102824.036610,0.000000
102824.039112,0.373279
102824.041614,0.000000
102824.044116,0.000000
102824.046618,0.000000
102824.049120,0.198341
102824.051623,0.431473
102824.054125,0.000000
102824.056627,0.000000
102824.059129,0.414807
102824.061631,0.000000
102824.064133,0.000000
102824.066635,0.068454
102824.069137,0.161486
102824.071639,0.000000
102824.074141,0.012381
102824.076643,0.000000
102824.079145,0.000000
102824.081648,0.163028
102824.084150,0.000000
102824.086652,0.021204
102824.089154,0.160643
102824.091656,0.000000
102824.094158,0.061279
102824.096660,0.000000
102824.099162,0.000000
102824.101664,0.220052
102824.104166,0.063853
102824.106668,0.000000
102824.109170,0.383701
102824.111673,1.407426
102824.114175,2.349462
102824.116677,6.267691
102824.119179,7.717902
102824.121681,7.574577
102824.124183,5.396117
102824.126685,1.854923
102824.129187,0.529577
102824.131689,0.081556
102824.134191,0.000000
102824.136693,0.627325
102824.139196,0.000000
102824.141698,0.000000
102824.144200,0.073543
102824.146702,0.000000
102824.149204,0.000000
102824.151706,0.222285
102824.154208,0.511009
102824.156710,2.565026
102824.159212,7.376514
102824.161714,15.026679
102824.164216,22.759985
102824.166718,23.902949
102824.169221,16.908841
102824.171723,8.756316
102824.174225,3.395775
102824.176727,0.350326
102824.179229,0.758146
102824.181731,0.091440
102824.184233,0.588316
102824.186735,0.000000
102824.189237,0.653565
102824.191739,0.278655
102824.194241,0.198808
102824.196743,0.084128
102824.199246,0.000000
102824.201748,0.431570
102824.204250,0.050457
102824.206752,0.000000
102824.209254,0.000000
102824.211756,0.000000
102824.214258,0.111439
102824.216760,0.000000
102824.219262,0.438198
102824.221764,0.000000
102824.224266,0.051617
102824.226768,0.000000
102824.229271,0.273103
102824.231773,0.000000
102824.234275,0.150842
102824.236777,0.000000
102824.239279,0.459945
102824.241781,0.374481
102824.244283,0.209774
102824.246785,0.000000
102824.249287,0.208448
102824.251789,0.000000
102824.254291,0.307557
102824.256794,0.592959
102824.259296,0.384865
102824.261798,0.000000
102824.264300,0.129923
102824.266802,0.000000
102824.269304,0.205764
102824.271806,0.161984
102824.274308,0.000000
102824.276810,0.000000
102824.279312,0.000000
102824.281814,0.000000
102824.284316,0.000000
102824.286819,0.139831
102824.289321,0.090400
102824.291823,0.000000
102824.294325,0.000000
102824.296827,0.376991
102824.299329,0.595089
102824.301831,0.000000
102824.304333,0.000000
102824.306835,0.176580
102824.309337,0.000000
102824.311839,0.000000
102824.314341,0.265892
102824.316844,0.000000
102824.319346,0.473906
102824.321848,0.026127
102824.324350,0.000000
102824.326852,0.000000
102824.329354,0.000000
102824.331856,0.000000
102824.334358,0.537403
102824.336860,0.014856
102824.339362,0.159251
102824.341864,0.342065
102824.344366,0.000000
102824.346869,0.170205
102824.349371,0.000000
102824.351873,0.304399
102824.354375,0.000000
102824.356877,0.000000
102824.359379,0.000000
102824.361881,0.155391
102824.364383,0.168972
102824.366885,0.000000
102824.369387,0.000000
102824.371889,0.000000
102824.374392,0.000000
102824.376894,0.302678
102824.379396,0.000000
102824.381898,0.000000
102824.384400,0.000000
102824.386902,0.000000
102824.389404,0.000000
102824.391906,0.000000
102824.394408,0.039330
102824.396910,0.477622
102824.399412,0.112584
102824.401914,0.000000
102824.404417,0.163889
102824.406919,0.000000
102824.409421,0.000000
102824.411923,0.000000
102824.414425,0.000000
102824.416927,0.000000
102824.419429,0.056817
102824.421931,0.000000
102824.424433,0.000000
102824.426935,0.000000
102824.429437,0.218654
102824.431939,0.000000
102824.434442,0.278968
102824.436944,0.000000
102824.439446,0.000000
102824.441948,0.000000
102824.444450,0.000000
102824.446952,0.350607
102824.449454,0.185359
102824.451956,0.351725
102824.454458,0.187701
102824.456960,0.000000
102824.459462,0.000000
102824.461964,0.000000
102824.464467,0.478318
102824.466969,0.000000
102824.469471,0.321268
102824.471973,0.321001
102824.474475,0.657716
102824.476977,0.000000
102824.479479,0.256067
102824.481981,0.820213
102824.484483,0.000000
102824.486985,0.000000
102824.489487,0.000000
102824.491990,0.256207
102824.494492,0.000000
102824.496994,0.000000
102824.499496,0.157206
102824.501998,0.066567
102824.504500,0.152940
102824.507002,0.079909
102824.509504,0.459729
102824.512006,0.000000
102824.514508,0.000000
102824.517010,0.000000
102824.519512,0.298439
102824.522015,0.323677
102824.524517,0.162207
102824.527019,0.425445
102824.529521,0.000000
102824.532023,0.599337
102824.534525,0.547577
102824.537027,0.264443
102824.539529,0.640525
102824.542031,0.000000
102824.544533,0.000000
102824.547035,0.000000
102824.549537,0.259359
102824.552040,0.000000
102824.554542,0.272306
102824.557044,0.492683
102824.559546,0.249913
102824.562048,0.102003
102824.564550,0.000000
102824.567052,0.000000
102824.569554,0.449216
102824.572056,0.280162
102824.574558,0.000000
102824.577060,0.000000
102824.579562,0.000000
102824.582065,0.000000
102824.584567,0.687121
102824.587069,0.000000
102824.589571,0.068115
102824.592073,0.362158
102824.594575,0.000000
102824.597077,0.066400
102824.599579,0.337164
102824.602081,0.004493
102824.604583,1.031139
102824.607085,0.000000
102824.609588,0.380594
102824.612090,0.000000
102824.614592,0.277491
102824.617094,0.158642
102824.619596,0.000000
102824.622098,0.082320
102824.624600,0.000000
102824.627102,0.216857
102824.629604,0.107183
102824.632106,0.229587
102824.634608,0.380375
102824.637110,0.132153
102824.639613,0.053235
102824.642115,0.000000
102824.644617,0.000000
102824.647119,0.426610
102824.649621,0.516337
102824.652123,0.000000
102824.654625,0.016537
102824.657127,0.000000
102824.659629,0.421585
102824.662131,0.239205
102824.664633,0.697833
102824.667135,0.000000
102824.669638,0.000000
102824.672140,0.083201
102824.674642,0.232401
102824.677144,0.000000
102824.679646,0.000000
102824.682148,0.316850
102824.684650,0.259235
102824.687152,0.000000
102824.689654,0.487257
102824.692156,0.420665
102824.694658,0.048277
102824.697160,0.028614
102824.699663,0.199174
102824.702165,0.000000
102824.704667,0.010796
102824.707169,0.000000
102824.709671,0.315070
102824.712173,0.000000
102824.714675,0.540452
102824.717177,0.000000
102824.719679,0.000000
102824.722181,0.000000
102824.724683,0.000000
102824.727186,0.509936
102824.729688,0.000000
102824.732190,0.459046
102824.734692,0.121513
102824.737194,0.000000
102824.739696,0.000000
102824.742198,0.602633
102824.744700,0.000000
102824.747202,0.000000
102824.749704,0.408844
102824.752206,0.121704
102824.754708,0.000000
102824.757211,0.077873
102824.759713,0.000000
102824.762215,0.395725
102824.764717,0.381544
102824.767219,0.191247
102824.769721,0.130011
102824.772223,0.633115
102824.774725,0.000000
102824.777227,0.000000
102824.779729,0.161578
102824.782231,0.749896
102824.784733,0.000000
102824.787236,0.000000
102824.789738,0.149705
102824.792240,0.000000
102824.794742,0.000000
102824.797244,0.403288
102824.799746,0.834013
102824.802248,0.070506
102824.804750,0.000000
102824.807252,0.000000
102824.809754,0.092738
102824.812256,0.396824
102824.814758,0.170814
102824.817261,0.000000
102824.819763,0.000000
102824.822265,0.000000
102824.824767,0.300078
102824.827269,0.328484
102824.829771,0.000000
102824.832273,0.571519
102824.834775,0.206368
102824.837277,0.503129
102824.839779,0.000000
102824.842281,0.000000
102824.844784,0.000000
102824.847286,0.180742
102824.849788,0.645759
102824.852290,0.253823
102824.854792,0.000000
102824.857294,0.000000
102824.859796,0.442163
102824.862298,0.000000
102824.864800,0.585405
102824.867302,0.000000
102824.869804,0.571786
102824.872306,0.244064
102824.874809,0.000000
102824.877311,0.000000
102824.879813,0.000000
102824.882315,0.153972
102824.884817,0.027736
102824.887319,0.000000
102824.889821,0.000000
102824.892323,0.028247
102824.894825,0.000000
102824.897327,0.164703
102824.899829,0.000000
102824.902331,0.000000
102824.904834,0.000000
102824.907336,0.000000
102824.909838,0.000000
102824.912340,0.000000
102824.914842,0.702162
102824.917344,0.000000
102824.919846,0.063898
102824.922348,0.143966
102824.924850,0.047116
102824.927352,0.000000
102824.929854,0.000000
102824.932356,0.521582
102824.934859,0.649655
102824.937361,0.000000
102824.939863,0.000000
102824.942365,0.000000
102824.944867,0.000000
102824.947369,0.181886
102824.949871,0.000000
102824.952373,0.778299
102824.954875,0.427981
102824.957377,0.076417
102824.959879,0.369183
102824.962381,0.397551
102824.964884,0.000000
102824.967386,0.000000
102824.969888,0.028091
102824.972390,0.309743
102824.974892,0.049990
102824.977394,0.000000
102824.979896,0.000000
102824.982398,0.000000
102824.984900,0.000000
102824.987402,0.709093
102824.989904,0.000000
102824.992407,0.181750
102824.994909,0.535309
102824.997411,0.816545
102824.999913,0.000000
102825.002415,0.176660
102825.004917,0.204819
102825.007419,0.070272
102825.009921,0.000000
102825.012423,0.156725
102825.014925,0.000000
102825.017427,0.245192
102825.019929,0.045359
102825.022432,0.000000
102825.024934,0.735810
102825.027436,0.000000
102825.029938,0.000000
102825.032440,0.715928
102825.034942,0.000000
102825.037444,0.000000
102825.039946,0.000000
102825.042448,0.302229
102825.044950,0.074701
102825.047452,0.000000
102825.049954,0.000000
102825.052457,0.000000
102825.054959,0.000000
102825.057461,0.153083
102825.059963,0.150337
102825.062465,0.000000
102825.064967,0.382468
102825.067469,0.090794
102825.069971,0.497714
102825.072473,0.159681
102825.074975,0.395906
102825.077477,0.167715
102825.079979,0.483944
102825.082482,0.187740
102825.084984,0.000000
102825.087486,0.816899
102825.089988,0.319593
102825.092490,0.206251
102825.094992,0.000000
102825.097494,0.000000
102825.099996,0.105226
102825.102498,0.052312
102825.105000,0.000000
102825.107502,0.050681
102825.110005,0.571083
102825.112507,0.249985
102825.115009,0.000000
102825.117511,0.000000
102825.120013,0.000000
102825.122515,0.000000
102825.125017,0.000000
102825.127519,0.000000
102825.130021,0.000000
102825.132523,0.000000
102825.135025,0.000000
102825.137527,0.000000
102825.140030,0.738007
102825.142532,0.391393
102825.145034,0.000000
102825.147536,0.006765
102825.150038,0.000000
102825.152540,0.609582
102825.155042,0.682041
102825.157544,0.056329
102825.160046,0.367941
102825.162548,0.063012
102825.165050,0.000000
102825.167552,0.000000
102825.170055,0.047426
102825.172557,0.000000
102825.175059,0.000000
102825.177561,0.000000
102825.180063,0.000000
102825.182565,0.018786
102825.185067,0.000000
102825.187569,0.000000
102825.190071,0.000000
102825.192573,0.351507
102825.195075,0.000000
102825.197577,0.414695
102825.200080,0.498368
102825.202582,0.000000
102825.205084,0.000000
102825.207586,0.000000
102825.210088,0.000000
102825.212590,0.000000
102825.215092,0.000000
102825.217594,0.550078
102825.220096,0.239029
102825.222598,0.000000
102825.225100,0.000000
102825.227603,0.000000
102825.230105,0.000000
102825.232607,0.178375
102825.235109,0.000000
102825.237611,0.183875
102825.240113,0.695653
102825.242615,0.293158
102825.245117,0.000000
102825.247619,0.000000
102825.250121,0.000000
102825.252623,0.424419
102825.255125,0.000000
102825.257628,0.016257
102825.260130,0.018405
102825.262632,0.000000
102825.265134,0.000000
102825.267636,0.116104
102825.270138,0.000000
102825.272640,0.179827
102825.275142,0.000000
102825.277644,0.438863
102825.280146,0.000000
102825.282648,0.615448
102825.285150,0.000000
102825.287653,0.156292
102825.290155,0.170909
102825.292657,0.000000
102825.295159,0.152562
102825.297661,0.459964
102825.300163,0.000000
102825.302665,0.180728
102825.305167,0.000000
102825.307669,0.000000
102825.310171,0.585656
102825.312673,0.000000
102825.315175,0.000000
102825.317678,0.000000
102825.320180,0.743375
102825.322682,0.000000
102825.325184,0.000000
102825.327686,0.538300
102825.330188,0.667811
102825.332690,0.000000
102825.335192,0.000000
102825.337694,0.753418
102825.340196,0.573173
102825.342698,0.244069
102825.345201,0.000000
102825.347703,0.000000
102825.350205,0.000000
102825.352707,0.118935
102825.355209,0.521609
102825.357711,0.316135
102825.360213,0.000000
102825.362715,0.494826
102825.365217,0.112565
102825.367719,0.246988
102825.370221,0.527195
102825.372723,0.000000
102825.375226,0.000000
102825.377728,0.000000
102825.380230,0.000000
102825.382732,0.124636
102825.385234,0.902859
102825.387736,0.000000
102825.390238,0.000000
102825.392740,0.230264
102825.395242,0.044244
102825.397744,0.000000
102825.400246,0.000000
102825.402748,0.083683
102825.405251,0.000000
102825.407753,0.000000
102825.410255,0.429434
102825.412757,0.344522
102825.415259,0.018571
102825.417761,0.082348
102825.420263,0.386198
102825.422765,0.080646
102825.425267,0.324978
102825.427769,0.000000
102825.430271,0.471635
102825.432773,0.115317
102825.435276,0.069758
102825.437778,0.000000
102825.440280,0.103155
102825.442782,0.000000
102825.445284,0.000000
102825.447786,0.000000
102825.450288,0.000000
102825.452790,0.763817
102825.455292,0.478592
102825.457794,0.690338
102825.460296,0.000000
102825.462799,0.025614
102825.465301,0.000000
102825.467803,0.000000
102825.470305,0.000000
102825.472807,0.445608
102825.475309,0.000000
102825.477811,0.384063
102825.480313,0.217171
102825.482815,0.828117
102825.485317,0.000000
102825.487819,0.452672
102825.490321,0.412125
102825.492824,0.000000
102825.495326,0.362046
102825.497828,0.120838
102825.500330,0.000000
102825.502832,0.000000
102825.505334,0.000000
102825.507836,0.736871
102825.510338,0.000245
102825.512840,0.281162
102825.515342,0.000000
102825.517844,0.000000
102825.520346,0.388954
102825.522849,0.000000
102825.525351,0.000000
102825.527853,0.012232
102825.530355,0.040036
102825.532857,0.000000
102825.535359,0.142290
102825.537861,0.249069
102825.540363,0.264089
102825.542865,0.000000
102825.545367,0.000000
102825.547869,0.429496
102825.550371,0.321610
102825.552874,0.000000
102825.555376,0.126351
102825.557878,0.000000
102825.560380,0.016872
102825.562882,0.682213
102825.565384,0.000000
102825.567886,0.000000
102825.570388,0.274655
102825.572890,0.000000
102825.575392,0.000000
102825.577894,0.214410
102825.580397,0.000000
102825.582899,0.000000
102825.585401,0.267521
102825.587903,0.151538
102825.590405,0.095916
102825.592907,0.000000
102825.595409,0.133030
102825.597911,0.000000
102825.600413,0.164573
102825.602915,0.000000
102825.605417,0.000000
102825.607919,0.000000
102825.610422,0.000000
102825.612924,0.000000
102825.615426,0.000000
102825.617928,0.092984
102825.620430,0.076476
102825.622932,0.281429
102825.625434,0.000000
102825.627936,0.146688
102825.630438,0.198002
102825.632940,0.159888
102825.635442,0.000000
102825.637944,0.053693
102825.640447,0.130902
102825.642949,0.002581
102825.645451,0.000000
102825.647953,0.057693
102825.650455,0.795365
102825.650455,0.000000
102955.374939,0.000000
103085.099424,0.134212
103214.823908,0.112294
103344.548393,0.428767
103474.272877,0.000000
103603.997362,0.262918
103733.721846,0.212246
103863.446330,0.000000
103993.170815,0.121752
104122.895299,0.370071
104252.619784,0.313582
104382.344268,0.000000
104512.068753,0.294832
104641.793237,0.000000
104771.517722,0.026197
104901.242206,0.026313
105030.966690,0.000000
105160.691175,0.428397
105290.415659,0.000000
105290.415659,0.000000
105290.418161,0.000000
105290.420663,0.064238
105290.423166,0.441881
105290.425668,0.216802
105290.428170,0.000000
105290.430672,0.893381
105290.433174,0.095182
105290.435676,0.458480
105290.438178,0.000000
105290.440680,0.191733
105290.443182,0.301774
105290.445684,0.437919
105290.448186,0.380105
105290.450688,0.313539
105290.453191,0.000000
105290.455693,0.000000
105290.458195,0.119566
105290.460697,0.335443
105290.463199,0.000000
105290.465701,0.382910
105290.468203,0.522190
105290.470705,0.000000
105290.473207,0.000000
105290.475709,0.000000
105290.478211,0.110581
105290.480714,0.000000
105290.483216,0.486093
105290.485718,0.152444
105290.488220,0.014181
105290.490722,0.000000
105290.493224,0.000000
105290.495726,0.101018
105290.498228,0.000000
105290.500730,0.364025
105290.503232,0.000000
105290.505734,1.165834
105290.508236,0.829654
105290.510739,0.000000
105290.513241,0.000000
105290.515743,0.357894
105290.518245,0.612260
105290.520747,0.000000
105290.523249,0.000000
105290.525751,0.000000
105290.528253,0.209484
105290.530755,0.178617
105290.533257,0.384564
105290.535759,0.000000
105290.538261,0.000000
105290.540764,0.308441
105290.543266,0.000000
105290.545768,0.000000
105290.548270,0.052148
105290.550772,0.285132
105290.553274,0.000000
105290.555776,0.000000
105290.558278,0.000000
105290.560780,0.000000
105290.563282,0.000000
105290.565784,0.000000
105290.568286,0.187391
105290.570789,0.115638
105290.573291,0.060414
105290.575793,0.000000
105290.578295,0.000000
105290.580797,0.000000
105290.583299,0.064159
105290.585801,0.513649
105290.588303,0.000000
105290.590805,0.000000
105290.593307,0.118308
105290.595809,0.450374
105290.598312,0.000000
105290.600814,0.000000
105290.603316,0.000000
105290.605818,0.037184
105290.608320,0.734090
105290.610822,0.099705
105290.613324,0.000000
105290.615826,0.115783
105290.618328,0.000000
105290.620830,0.000000
105290.623332,0.295954
105290.625834,0.081157
105290.628337,0.006332
105290.630839,0.000000
105290.633341,0.468588
105290.635843,0.238949
105290.638345,0.000000
105290.640847,0.360138
105290.643349,0.000000
105290.645851,0.000000
105290.648353,0.000000
105290.650855,0.000000
105290.653357,0.169511
105290.655859,0.000000
105290.658362,0.000000
105290.660864,0.000000
105290.663366,0.000000
105290.665868,0.000000
105290.668370,0.000000
105290.670872,0.000000
105290.673374,0.000000
105290.675876,0.166933
105290.678378,0.000000
105290.680880,0.113725
105290.683382,0.000000
105290.685884,0.065089
105290.688387,0.468505
105290.690889,0.210716
105290.693391,0.000000
105290.695893,0.092458
105290.698395,0.000000
105290.700897,0.002833
105290.703399,0.000000
105290.705901,0.000000
105290.708403,0.076244
105290.710905,0.000000
105290.713407,0.000000
105290.715910,0.000000
105290.718412,0.000000
105290.720914,0.000000
105290.723416,0.057324
105290.725918,0.000000
105290.728420,0.184635
105290.730922,0.012479
105290.733424,0.000000
105290.735926,0.235452
105290.738428,0.291468
105290.740930,0.000000
105290.743432,0.151051
105290.745935,0.000000
105290.748437,0.035111
105290.750939,0.000000
105290.753441,0.000000
105290.755943,0.000000
105290.758445,0.000000
105290.760947,0.000000
105290.763449,0.000000
105290.765951,0.000000
105290.768453,0.096807
105290.770955,0.000000
105290.773457,0.065606
105290.775960,0.000000
105290.778462,0.421212
105290.780964,0.000000
105290.783466,0.175269
105290.785968,0.424869
105290.788470,0.172878
105290.790972,0.000000
105290.793474,0.000000
105290.795976,0.372455
105290.798478,0.000000
105290.800980,0.000000
105290.803482,0.000000
105290.805985,0.444914
105290.808487,0.136520
105290.810989,0.000000
105290.813491,0.000000
105290.815993,0.000000
105290.818495,0.000000
105290.820997,0.351893
105290.823499,0.000000
105290.826001,0.578328
105290.828503,0.297734
105290.831005,0.392145
105290.833508,0.000000
105290.836010,0.000000
105290.838512,0.000000
105290.841014,0.000000
105290.843516,0.177460
105290.846018,0.465911
105290.848520,0.000000
105290.851022,0.000000
105290.853524,0.000000
105290.856026,0.000000
105290.858528,0.212579
105290.861030,0.000000
105290.863533,0.000000
105290.866035,0.000000
105290.868537,0.000000
105290.871039,0.000000
105290.873541,0.000000
105290.876043,0.000000
105290.878545,0.000000
105290.881047,0.114863
105290.883549,0.594446
105290.886051,0.050287
105290.888553,0.358087
105290.891055,0.000000
105290.893558,0.056712
105290.896060,0.000000
105290.898562,0.000000
105290.901064,0.000000
105290.903566,0.428466
105290.906068,0.341514
105290.908570,0.087356
105290.911072,0.000000
105290.913574,0.000000
105290.916076,0.108456
105290.918578,0.063102
105290.921080,0.000000
105290.923583,0.000000
105290.926085,0.000000
105290.928587,0.192787
105290.931089,0.000000
105290.933591,0.000000
105290.936093,0.051423
105290.938595,0.305420
105290.941097,0.249070
105290.943599,0.209424
105290.946101,0.000000
105290.948603,0.000000
105290.951105,0.000000
105290.953608,0.360069
105290.956110,0.500922
105290.958612,0.255430
105290.961114,0.154340
105290.963616,0.136474
105290.966118,0.000000
105290.968620,0.000000
105290.971122,0.600000
105290.973624,0.000000
105290.976126,0.580484
105290.978628,0.000000
105290.981131,0.476469
105290.983633,0.000000
105290.986135,0.210622
105290.988637,0.000000
105290.991139,0.000000
105290.993641,0.078559
105290.996143,0.362887
105290.998645,0.000000
105291.001147,0.000000
105291.003649,0.000000
105291.006151,0.000000
105291.008653,0.197111
105291.011156,0.341362
105291.013658,0.000000
105291.016160,0.667020
105291.018662,0.080608
105291.021164,0.000000
105291.023666,0.000000
105291.026168,0.000000
105291.028670,0.000000
105291.031172,0.345212
105291.033674,0.166255
105291.036176,0.000000
105291.038678,0.061922
105291.041181,0.241403
105291.043683,0.549300
105291.046185,0.319042
105291.048687,0.273511
105291.051189,0.021600
105291.053691,0.139591
105291.056193,0.449175
105291.058695,0.000000
105291.061197,0.000000
105291.063699,0.000000
105291.066201,0.136299
105291.068703,0.442243
105291.071206,0.000000
105291.073708,0.000000
105291.076210,0.000000
105291.078712,0.328377
105291.081214,0.193268
105291.083716,0.153925
105291.086218,0.000000
105291.088720,0.000000
105291.091222,0.185239
105291.093724,0.000000
105291.096226,0.785143
105291.098729,0.205087
105291.101231,0.000000
105291.103733,0.000000
105291.106235,0.000000
105291.108737,0.000000
105291.111239,0.401482
105291.113741,0.067013
105291.116243,0.000000
105291.118745,0.679579
105291.121247,0.017725
105291.123749,0.276384
105291.126251,0.000000
105291.128754,0.130534
105291.131256,0.111838
105291.133758,0.000000
105291.136260,0.724455
105291.138762,0.463963
105291.141264,0.000000
105291.143766,0.000000
105291.146268,0.124942
105291.148770,0.031166
105291.151272,0.127857
105291.153774,0.068869
105291.156276,0.181985
105291.158779,0.520280
105291.161281,0.204223
105291.163783,0.000000
105291.166285,0.489817
105291.168787,0.589771
105291.171289,1.133108
105291.173791,0.000000
105291.176293,0.087312
105291.178795,0.000000
105291.181297,0.198847
105291.183799,0.000000
105291.186301,0.691444
105291.188804,0.000000
105291.191306,0.000000
105291.193808,0.000000
105291.196310,0.000000
105291.198812,0.270007
105291.201314,0.000000
105291.203816,0.010230
105291.206318,0.000000
105291.208820,0.000000
105291.211322,0.590765
105291.213824,0.129646
105291.216327,0.000000
105291.218829,0.000000
105291.221331,0.006477
105291.223833,0.169902
105291.226335,0.000000
105291.228837,0.213017
105291.231339,0.000000
105291.233841,0.000000
105291.236343,0.000000
105291.238845,0.227670
105291.241347,0.008135
105291.243849,0.000000
105291.246352,0.000000
105291.248854,0.071422
105291.251356,0.000000
105291.253858,0.000000
105291.256360,0.000000
105291.258862,0.250260
105291.261364,0.000000
105291.263866,0.000000
105291.266368,0.780053
105291.268870,0.000000
105291.271372,0.000000
105291.273874,0.281686
105291.276377,0.000000
105291.278879,0.000000
105291.281381,0.000000
105291.283883,0.000000
105291.286385,0.574646
105291.288887,0.288351
105291.291389,0.309954
105291.293891,0.000000
105291.296393,0.000000
105291.298895,0.000000
105291.301397,0.000000
105291.303899,0.343918
105291.306402,0.185833
105291.308904,0.000000
105291.311406,0.000000
105291.313908,0.000000
105291.316410,0.073607
105291.318912,0.275319
105291.321414,0.000000
105291.323916,0.107718
105291.326418,0.335194
105291.328920,0.000000
105291.331422,0.251889
105291.333925,1.011818
105291.336427,0.000000
105291.338929,0.141387
105291.341431,0.000000
105291.343933,0.065157
105291.346435,0.165459
105291.348937,0.070042
105291.351439,0.000000
105291.353941,0.074183
105291.356443,0.525633
105291.358945,0.161276
105291.361447,0.345817
105291.363950,0.000000
105291.366452,0.269576
105291.368954,0.100392
105291.371456,0.000000
105291.373958,0.114503
105291.376460,0.000000
105291.378962,0.000000
105291.381464,0.068060
105291.383966,0.106854
105291.386468,0.000000
105291.388970,0.378889
105291.391472,0.205626
105291.393975,0.000000
105291.396477,0.000000
105291.398979,0.000000
105291.401481,0.000000
105291.403983,0.040672
105291.406485,0.000000
105291.408987,0.000000
105291.411489,0.000000
105291.413991,0.000000
105291.416493,0.227790
105291.418995,0.000000
105291.421497,0.603453
105291.424000,0.000000
105291.426502,0.471341
105291.429004,0.000000
105291.431506,0.309005
105291.434008,0.028687
105291.436510,0.409650
105291.439012,0.000000
105291.441514,0.000000
105291.444016,0.510646
105291.446518,0.000000
105291.449020,0.079646
105291.451523,0.443871
105291.454025,0.000000
105291.456527,0.214068
105291.459029,0.000000
105291.461531,0.000000
105291.464033,0.025983
105291.466535,0.000000
105291.469037,0.000000
105291.471539,0.485686
105291.474041,0.318570
105291.476543,0.000000
105291.479045,0.087399
105291.481548,0.000000
105291.484050,0.487667
105291.486552,0.000000
105291.489054,0.083343
105291.491556,0.411977
105291.494058,0.000000
105291.496560,0.560357
105291.499062,0.000000
105291.501564,0.585827
105291.504066,0.000000
105291.506568,0.000000
105291.509070,0.000000
105291.511573,0.000000
105291.514075,0.000000
105291.516577,0.000000
105291.519079,0.000000
105291.521581,0.344309
105291.524083,0.074630
105291.526585,0.110604
105291.529087,0.000000
105291.531589,0.000000
105291.534091,0.646609
105291.536593,0.000000
105291.539095,0.595377
105291.541598,0.000000
105291.544100,0.000822
105291.546602,0.384777
105291.549104,0.457222
105291.551606,0.000000
105291.554108,0.000000
105291.556610,0.000000
105291.559112,0.121490
105291.561614,0.320408
105291.564116,0.001521
105291.566618,0.222478
105291.569121,0.588961
105291.571623,0.137074
105291.574125,0.112034
105291.576627,0.000000
105291.579129,0.000000
105291.581631,0.139614
105291.584133,0.000000
105291.586635,0.000000
105291.589137,0.087545
105291.591639,0.000000
105291.594141,0.405417
105291.596643,0.030955
105291.599146,0.000000
105291.601648,0.355947
105291.604150,0.000000
105291.606652,0.189280
105291.609154,0.000000
105291.611656,0.000000
105291.614158,0.030257
105291.616660,0.004612
105291.619162,0.172489
105291.621664,0.000000
105291.624166,0.000000
105291.626668,0.000000
105291.629171,0.285363
105291.631673,0.000000
105291.634175,0.000000
105291.636677,0.354585
105291.639179,0.000000
105291.641681,0.000000
105291.644183,0.000000
105291.646685,0.000000
105291.649187,0.000000
105291.651689,0.000000
105291.654191,0.176687
105291.656693,0.000000
105291.659196,0.110354
105291.661698,0.651887
105291.664200,0.000000
105291.666702,0.100061
105291.669204,0.000000
105291.671706,0.000000
105291.674208,0.000000
105291.676710,0.000000
105291.679212,0.129225
105291.681714,0.844450
105291.684216,0.000000
105291.686719,0.000000
105291.689221,0.000000
105291.691723,0.142283
105291.694225,0.094742
105291.696727,0.461609
105291.699229,0.000000
105291.701731,0.000000
105291.704233,0.000000
105291.706735,0.394460
105291.709237,0.000000
105291.711739,0.000000
105291.714241,0.205329
105291.716744,0.087590
105291.719246,0.000000
105291.721748,0.000000
105291.724250,0.000000
105291.726752,0.039735
105291.729254,0.000000
105291.731756,0.177607
105291.734258,0.000000
105291.736760,0.000000
105291.739262,0.000000
105291.741764,0.000000
105291.744266,0.000000
105291.746769,0.286810
105291.749271,0.000000
105291.751773,0.016353
105291.754275,0.200712
105291.756777,0.667431
105291.759279,0.000000
105291.761781,0.116637
105291.764283,0.000000
105291.766785,0.000000
105291.769287,0.303681
105291.771789,0.000000
105291.774291,0.423654
105291.776794,0.000000
105291.779296,0.186895
105291.781798,0.671806
105291.784300,0.150877
105291.786802,0.099426
105291.789304,0.003076
105291.791806,0.000000
105291.794308,0.487304
105291.796810,0.000000
105291.799312,0.181353
105291.801814,0.000000
105291.804317,0.000000
105291.806819,0.515888
105291.809321,0.000000
105291.811823,0.522426
105291.814325,0.000000
105291.816827,0.000000
105291.819329,0.320682
105291.821831,0.000000
105291.824333,0.251166
105291.826835,0.009063
105291.829337,0.000000
105291.831839,0.059061
105291.834342,0.789503
105291.836844,0.177220
105291.839346,0.000000
105291.841848,0.386567
105291.844350,0.075732
105291.846852,0.075324
105291.849354,0.000000
105291.851856,0.084064
105291.854358,0.372223
105291.856860,0.000000
105291.859362,0.512081
105291.861864,0.000000
105291.864367,0.000000
105291.866869,0.358631
105291.869371,0.000000
105291.871873,0.273032
105291.874375,0.000000
105291.876877,0.000000
105291.879379,0.177481
105291.881881,0.105391
105291.884383,0.000000
105291.886885,0.000000
105291.889387,0.669221
105291.891889,1.195262
105291.894392,3.068719
105291.896894,5.543859
105291.899396,7.507268
105291.901898,6.576317
105291.904400,4.738464
105291.906902,2.002304
105291.909404,0.473810
105291.911906,0.739393
105291.914408,2.649902
105291.916910,8.096974
105291.919412,14.741059
105291.921915,22.904582
105291.924417,23.731825
105291.926919,16.901023
105291.929421,8.994881
105291.931923,3.109575
105291.934425,0.915855
105291.936927,0.698125
105291.939429,0.237860
105291.941931,0.184680
105291.944433,0.000000
105291.946935,0.000000
105291.949437,0.000000
105291.951940,0.433754
105291.954442,0.000000
105291.956944,0.000000
105291.959446,0.045391
105291.961948,0.000000
105291.964450,0.000000
105291.966952,0.000000
105291.969454,0.000000
105291.971956,0.000000
105291.974458,0.252870
105291.976960,0.000000
105291.979462,0.000000
105291.981965,0.000000
105291.984467,0.263125
105291.986969,0.000000
105291.989471,0.000000
105291.991973,0.015946
105291.994475,0.000000
105291.996977,0.177838
105291.999479,0.137838
105292.001981,0.000000
105292.004483,0.361612
105292.006985,0.000000
105292.009487,0.405463
105292.011990,0.055538
105292.014492,0.000000
105292.016994,0.000000
105292.019496,0.000000
105292.021998,0.438670
105292.024500,0.000000
105292.027002,0.000000
105292.029504,0.372532
105292.032006,0.000000
105292.034508,0.323725
105292.037010,0.610917
105292.039513,0.000000
105292.042015,0.244937
105292.044517,0.000000
105292.047019,0.271313
105292.049521,0.071689
105292.052023,0.170049
105292.054525,0.000000
105292.057027,0.000000
105292.059529,0.180910
105292.062031,0.000000
105292.064533,0.000000
105292.067035,0.338338
105292.069538,0.068984
105292.072040,0.700394
105292.074542,0.368508
105292.077044,0.000000
105292.079546,0.009819
105292.082048,0.000000
105292.084550,0.000000
105292.087052,0.000000
105292.089554,0.000000
105292.092056,0.000000
105292.094558,0.017073
105292.097060,0.000000
105292.099563,0.000000
105292.102065,0.145307
105292.104567,0.257343
105292.107069,0.081615
105292.109571,0.000000
105292.112073,0.212613
105292.114575,0.244527
105292.117077,0.110506
105292.119579,0.000000
105292.122081,0.099433
105292.124583,0.429754
105292.127085,0.000000
105292.129588,0.754171
105292.132090,0.000000
105292.134592,0.011650
105292.137094,0.000000
105292.139596,0.080262
105292.142098,0.000000
105292.144600,0.000000
105292.147102,0.000000
105292.149604,0.048652
105292.152106,0.357486
105292.154608,0.232228
105292.157111,0.000000
105292.159613,0.734087
105292.162115,0.106148
105292.164617,0.000000
105292.167119,0.056485
105292.169621,0.063337
105292.172123,0.000000
105292.174625,0.071147
105292.177127,0.000000
105292.179629,0.000000
105292.182131,0.000000
105292.184633,0.000000
105292.187136,0.052426
105292.189638,0.210405
105292.192140,0.185091
105292.194642,0.294748
105292.197144,0.116594
105292.199646,0.000000
105292.202148,0.301844
105292.204650,0.000000
105292.207152,0.000000
105292.209654,0.000000
105292.212156,0.388261
105292.214658,0.338916
105292.217161,0.175177
105292.219663,0.385340
105292.222165,0.000000
105292.224667,0.125314
105292.227169,0.000000
105292.229671,0.304439
105292.232173,0.000000
105292.234675,0.000000
105292.237177,0.194447
105292.239679,0.314967
105292.242181,0.000000
105292.244683,0.000000
105292.247186,0.000000
105292.249688,0.000000
105292.252190,0.072062
105292.254692,0.218891
105292.257194,0.094208
105292.259696,0.000000
105292.262198,0.000000
105292.264700,0.000000
105292.267202,0.492383
105292.269704,0.000000
105292.272206,0.451295
105292.274709,0.340023
105292.277211,0.000000
105292.279713,0.000000
105292.282215,0.125952
105292.284717,0.000000
105292.287219,0.036841
105292.289721,0.000000
105292.292223,0.000000
105292.294725,0.000000
105292.297227,0.081489
105292.299729,0.000000
105292.302231,0.000000
105292.304734,0.250151
105292.307236,0.421831
105292.309738,0.000000
105292.312240,0.000000
105292.314742,0.179792
105292.317244,0.000000
105292.319746,0.080220
105292.322248,0.198393
105292.324750,0.244531
105292.327252,0.000000
105292.329754,0.000000
105292.332256,0.000000
105292.334759,0.035908
105292.337261,0.172819
105292.339763,0.538040
105292.342265,0.000000
105292.344767,0.000000
105292.347269,0.413286
105292.349771,0.106614
105292.352273,0.455698
105292.354775,0.103793
105292.357277,0.000000
105292.359779,0.000000
105292.362281,0.000000
105292.364784,0.237996
105292.367286,0.427279
105292.369788,0.664812
105292.372290,0.303081
105292.374792,0.418020
105292.377294,0.000000
105292.379796,0.000000
105292.382298,0.305588
105292.384800,0.150149
105292.387302,0.038624
105292.389804,0.139253
105292.392307,0.116179
105292.394809,0.461509
105292.397311,0.465524
105292.399813,0.195637
105292.402315,0.304051
105292.404817,0.184796
105292.407319,0.000000
105292.409821,0.271971
105292.412323,0.000000
105292.414825,0.378855
105292.417327,0.000000
105292.419829,0.102741
105292.422332,0.000000
105292.424834,0.198933
105292.427336,0.000000
105292.429838,0.000000
105292.432340,0.151234
105292.434842,0.000000
105292.437344,0.316756
105292.439846,0.000477
105292.442348,0.142147
105292.444850,0.000000
105292.447352,0.000000
105292.449854,0.000000
105292.452357,0.307969
105292.454859,0.602987
105292.457361,0.000000
105292.459863,0.387108
105292.462365,0.000000
105292.464867,0.000000
105292.467369,0.000000
105292.469871,0.000000
105292.472373,0.000000
105292.474875,0.148466
105292.477377,0.000000
105292.479879,0.136389
105292.482382,0.248213
105292.484884,0.095485
105292.487386,0.236454
105292.489888,0.000000
105292.492390,0.000000
105292.494892,0.380265
105292.497394,0.000000
105292.499896,0.000000
105292.502398,0.000000
105292.504900,0.000000
105292.507402,0.000000
105292.509904,0.123681
105292.512407,0.125223
105292.514909,0.000000
105292.517411,0.000000
105292.519913,0.386203
105292.522415,0.178447
105292.524917,0.745949
105292.527419,0.424235
105292.529921,0.411353
105292.532423,0.000000
105292.534925,0.274594
105292.537427,0.000000
105292.539930,0.000000
105292.542432,0.060398
105292.544934,0.339787
105292.547436,0.180040
105292.549938,0.000000
105292.552440,0.266901
105292.554942,0.000000
105292.557444,0.077894
105292.559946,0.000000
105292.562448,0.000000
105292.564950,0.275451
105292.567452,0.000000
105292.569955,0.699263
105292.572457,0.000000
105292.574959,0.000000
105292.577461,0.133085
105292.579963,0.210050
105292.582465,0.000000
105292.584967,0.000000
105292.587469,0.147585
105292.589971,0.000000
105292.592473,0.500824
105292.594975,0.301731
105292.597477,0.313765
105292.599980,0.000000
105292.602482,0.000000
105292.604984,0.000000
105292.607486,0.000000
105292.609988,0.129473
105292.612490,0.000000
105292.614992,0.235606
105292.617494,0.000000
105292.619996,0.617964
105292.622498,0.000000
105292.625000,0.078835
105292.627502,0.284659
105292.630005,0.000000
105292.632507,0.306447
105292.635009,0.000000
105292.637511,0.522010
105292.640013,0.005086
105292.642515,0.000000
105292.645017,0.000000
105292.647519,0.290792
105292.650021,0.000000
105292.652523,0.000000
105292.655025,0.000000
105292.657528,0.000000
105292.660030,0.654453
105292.662532,0.000000
105292.665034,0.298951
105292.667536,0.075301
105292.670038,0.000000
105292.672540,0.000000
105292.675042,0.281835
105292.677544,0.000000
105292.680046,0.428903
105292.682548,0.367216
105292.685050,0.330333
105292.687553,0.000000
105292.690055,0.000000
105292.692557,0.000000
105292.695059,0.070545
105292.697561,0.196201
105292.700063,0.000000
105292.702565,0.000000
105292.705067,0.056830
105292.707569,0.000000
105292.710071,0.464190
105292.712573,0.151622
105292.715075,0.470990
105292.717578,0.000000
105292.720080,0.337006
105292.722582,0.587777
105292.725084,0.471530
105292.727586,0.000000
105292.730088,0.000000
105292.732590,0.000000
105292.735092,0.175878
105292.737594,0.246732
105292.740096,0.000000
105292.742598,0.024387
105292.745100,0.000000
105292.747603,0.518353
105292.750105,0.000000
105292.752607,0.020082
105292.755109,0.000000
105292.757611,0.411976
105292.760113,0.000000
105292.762615,0.000000
105292.765117,0.000000
105292.767619,0.000000
105292.770121,0.620547
105292.772623,0.000000
105292.775126,0.277447
105292.777628,0.128066
105292.780130,0.453493
105292.782632,0.000000
105292.785134,0.000000
105292.787636,0.394017
105292.790138,0.152895
105292.792640,0.000000
105292.795142,0.000000
105292.797644,0.138898
105292.800146,0.301161
105292.802648,0.000000
105292.805151,0.000000
105292.807653,0.188089
105292.810155,0.000000
105292.812657,0.000000
105292.815159,0.000000
105292.817661,0.292611
105292.820163,0.046236
105292.822665,0.000000
105292.825167,0.499329
105292.827669,0.229107
105292.830171,0.581031
105292.832673,0.000000
105292.835176,0.000000
105292.837678,0.000000
105292.840180,0.000000
105292.842682,0.000000
105292.845184,0.225256
105292.847686,0.016379
105292.850188,0.224104
105292.852690,0.252874
105292.855192,0.774658
105292.857694,0.000000
105292.860196,0.000000
105292.862698,0.088463
105292.865201,0.000000
105292.867703,0.532738
105292.870205,0.000000
105292.872707,0.000000
105292.875209,0.000000
105292.877711,0.258258
105292.880213,0.000000
105292.882715,0.000000
105292.885217,0.598664
105292.887719,0.000000
105292.890221,0.012785
105292.892724,0.234492
105292.895226,0.000000
105292.897728,0.172645
105292.900230,0.000000
105292.902732,0.295776
105292.905234,0.000000
105292.907736,0.249038
105292.910238,0.397527
105292.912740,0.309671
105292.915242,0.090344
105292.917744,0.000000
105292.920246,0.000000
105292.922749,0.528811
105292.925251,0.000000
105292.927753,0.000000
105292.930255,0.239188
105292.932757,0.000000
105292.935259,0.000000
105292.937761,0.000000
105292.940263,0.000000
105292.942765,0.000000
105292.945267,0.087387
105292.947769,0.341977
105292.950271,0.189410
105292.952774,0.000000
105292.955276,0.000000
105292.957778,0.183392
105292.960280,0.457466
105292.962782,0.045408
105292.965284,0.000000
105292.967786,0.000000
105292.970288,0.000000
105292.972790,0.239512
105292.975292,0.207773
105292.977794,0.207552
105292.980296,0.000000
105292.982799,0.505768
105292.985301,0.000000
105292.987803,0.343402
105292.990305,0.000000
105292.992807,0.000000
105292.995309,0.213004
105292.997811,0.147257
105293.000313,0.128325
105293.002815,0.029218
105293.005317,0.000000
105293.007819,0.858577
105293.010322,0.425719
105293.012824,0.259843
105293.015326,0.040190
105293.017828,0.362055
105293.020330,0.186210
105293.022832,0.009420
105293.025334,0.000000
105293.027836,0.000000
105293.030338,0.000000
105293.032840,0.075707
105293.035342,0.000000
105293.037844,0.572536
105293.040347,0.006954
105293.042849,0.000000
105293.045351,0.000000
105293.047853,0.000000
105293.050355,0.170181
105293.052857,0.104590
105293.055359,0.344326
105293.057861,0.000000
105293.060363,0.012225
105293.062865,0.000000
105293.065367,0.252175
105293.067869,0.186525
105293.070372,0.178233
105293.072874,0.000582
105293.075376,0.149103
105293.077878,0.576731
105293.080380,0.000000
105293.082882,0.049840
105293.085384,0.000000
105293.087886,0.000000
105293.090388,0.035162
105293.092890,0.396844
105293.095392,0.000000
105293.097894,0.000000
105293.100397,0.000000
105293.102899,0.000000
105293.105401,0.106037
105293.107903,0.000000
105293.110405,0.460475
105293.112907,0.000000
105293.115409,0.259511
105293.117911,0.000000
105293.120413,0.240436
105293.122915,0.241552
105293.125417,0.138114
105293.127920,0.000000
105293.130422,0.089708
105293.132924,0.000000
105293.135426,0.000000
105293.137928,0.370055
105293.140430,0.286400
105293.142932,0.005458
105293.145434,0.000000
105293.147936,0.232077
105293.150438,0.006967
105293.152940,0.000000
105293.155442,0.281341
105293.157945,0.000000
105293.160447,0.432260
105293.162949,0.000000
105293.165451,0.000000
105293.167953,0.100326
105293.170455,0.104812
105293.172957,0.000000
105293.175459,0.000000
105293.177961,0.990451
105293.180463,0.000000
105293.182965,0.262767
105293.185467,0.000000
105293.187970,0.000000
105293.190472,0.000000
105293.192974,0.000000
105293.195476,0.000000
105293.197978,0.000000
105293.200480,0.095000
105293.202982,0.000000
105293.205484,0.000000
105293.207986,0.174775
105293.210488,0.000000
105293.212990,0.000000
105293.215492,0.265722
105293.217995,0.182265
105293.220497,0.000000
105293.222999,0.000000
105293.225501,0.000000
105293.228003,0.000000
105293.230505,0.000000
105293.233007,0.000000
105293.235509,0.234501
105293.238011,0.513091
105293.240513,0.000000
105293.243015,0.271944
105293.245518,0.000000
105293.248020,0.237061
105293.250522,0.000000
105293.253024,0.110485
105293.255526,0.000000
105293.258028,0.474665
105293.260530,0.000000
105293.263032,0.225613
105293.265534,0.000000
105293.268036,0.000000
105293.270538,0.000000
105293.273040,0.000000
105293.275543,0.000000
105293.278045,0.000000
105293.280547,0.086722
105293.283049,0.030378
105293.285551,0.286865
105293.288053,0.331985
105293.290555,0.000000
105293.293057,0.312308
105293.295559,0.000000
105293.298061,0.211324
105293.300563,0.222785
105293.303065,0.000000
105293.305568,0.033424
105293.308070,0.000000
105293.310572,0.000000
105293.313074,0.485607
105293.315576,0.000000
105293.318078,0.000000
105293.320580,0.027211
105293.323082,0.246457
105293.325584,0.000000
105293.328086,0.419289
105293.330588,0.190876
105293.333090,0.000000
105293.335593,0.000000
105293.338095,0.000000
105293.340597,0.172322
105293.343099,0.000000
105293.345601,0.916323
105293.348103,0.190894
105293.350605,0.053519
105293.353107,0.424752
105293.355609,0.842501
105293.358111,0.313018
105293.360613,0.341081
105293.363116,0.046981
105293.365618,0.000000
105293.368120,0.000000
105293.370622,0.000000
105293.373124,0.000000
105293.375626,0.000000
105293.378128,0.000000
105293.380630,0.000000
105293.383132,0.068631
105293.385634,0.000000
105293.388136,0.052821
105293.390638,0.000000
105293.393141,1.106076
105293.395643,0.488937
105293.398145,0.000000
105293.400647,0.083712
105293.403149,0.000000
105293.405651,0.000000
105293.408153,0.000000
105293.410655,0.155374
105293.413157,0.000000
105293.415659,0.347916
105293.415659,0.357247
105363.811095,0.493898
105434.206532,0.000000
105504.601968,0.170885
105574.997404,0.227356
105645.392840,0.000000
105715.788276,0.000000
105786.183712,0.578594
105856.579148,0.081781
105926.974585,0.228619
105997.370021,0.000000
106067.765457,0.000000
106138.160893,0.000000
106208.556329,0.000000
106278.951765,0.000000
106349.347201,0.000000
106419.742637,0.000000
106490.138074,0.000000
106560.533510,0.241181
106630.928946,0.217052
106630.928946,0.000000
106630.931448,0.000000
106630.933950,0.000000
106630.936452,0.000000
106630.938954,0.231693
106630.941456,0.333688
106630.943958,0.000000
106630.946460,0.000000
106630.948963,0.096285
106630.951465,0.000000
106630.953967,0.000000
106630.956469,0.476413
106630.958971,0.297333
106630.961473,0.056789
106630.963975,0.000000
106630.966477,0.075993
106630.968979,0.382006
106630.971481,0.000000
106630.973983,0.485701
106630.976486,0.464719
106630.978988,0.598082
106630.981490,0.109729
106630.983992,0.211157
106630.986494,0.508375
106630.988996,0.160830
106630.991498,0.000000
106630.994000,0.000000
106630.996502,0.085756
106630.999004,0.000000
106631.001506,0.000000
106631.004008,0.394189
106631.006511,0.000000
106631.009013,0.551619
106631.011515,0.403473
106631.014017,0.000000
106631.016519,0.195339
106631.019021,0.001132
106631.021523,0.442159
106631.024025,0.353257
106631.026527,0.000000
106631.029029,0.211110
106631.031531,0.000000
106631.034033,0.029777
106631.036536,0.000000
106631.039038,0.628424
106631.041540,0.373884
106631.044042,0.000000
106631.046544,0.000000
106631.049046,0.000000
106631.051548,0.156196
106631.054050,0.086350
106631.056552,0.450479
106631.059054,0.283962
106631.061556,0.348543
106631.064058,0.117499
106631.066561,0.000000
106631.069063,0.000000
106631.071565,0.381083
106631.074067,0.000000
106631.076569,0.180852
106631.079071,0.000000
106631.081573,0.000000
106631.084075,0.000000
106631.086577,0.111097
106631.089079,0.000000
106631.091581,0.000000
106631.094084,0.000000
106631.096586,0.402348
106631.099088,0.000000
106631.101590,0.522239
106631.104092,0.549557
106631.106594,0.000000
106631.109096,0.000000
106631.111598,0.000000
106631.114100,0.000000
106631.116602,0.000000
106631.119104,0.495535
106631.121606,0.041637
106631.124109,0.140056
106631.126611,0.000000
106631.129113,0.000000
106631.131615,0.318889
106631.134117,0.103090
106631.136619,0.000000
106631.139121,0.203051
106631.141623,0.588040
106631.144125,0.000000
106631.146627,0.024937
106631.149129,0.069235
106631.151631,0.859920
106631.154134,0.000000
106631.156636,0.245606
106631.159138,0.000000
106631.161640,0.203744
106631.164142,0.000000
106631.166644,0.000000
106631.169146,0.255739
106631.171648,1.119035
106631.174150,0.290474
106631.176652,0.000000
106631.179154,0.000000
106631.181656,0.000000
106631.184159,0.000000
106631.186661,0.000000
106631.189163,0.263439
106631.191665,0.000000
106631.194167,0.376911
106631.196669,0.175346
106631.199171,0.000000
106631.201673,0.000000
106631.204175,0.574568
106631.206677,0.263697
106631.209179,0.003158
106631.211682,0.000000
106631.214184,0.027540
106631.216686,0.000000
106631.219188,0.000000
106631.221690,0.734126
106631.224192,0.055837
106631.226694,0.143127
106631.229196,0.000000
106631.231698,0.000000
106631.234200,0.000000
106631.236702,0.000000
106631.239204,0.818572
106631.241707,0.000000
106631.244209,0.000000
106631.246711,0.000000
106631.249213,0.463040
106631.251715,0.005216
106631.254217,0.000000
106631.256719,0.450912
106631.259221,0.262782
106631.261723,0.193558
106631.264225,0.257294
106631.266727,0.860730
106631.269229,0.785502
106631.271732,0.000000
106631.274234,0.583757
106631.276736,0.137742
106631.279238,0.179416
106631.281740,0.000000
106631.284242,0.000000
106631.286744,0.000000
106631.289246,0.297672
106631.291748,0.385034
106631.294250,0.000000
106631.296752,0.000000
106631.299254,0.403289
106631.301757,0.000000
106631.304259,0.262085
106631.306761,0.126238
106631.309263,0.122821
106631.311765,0.000000
106631.314267,0.000000
106631.316769,0.000000
106631.319271,0.254999
106631.321773,0.006995
106631.324275,0.000000
106631.326777,0.000000
106631.329280,0.000000
106631.331782,0.376346
106631.334284,0.000000
106631.336786,0.000000
106631.339288,0.267329
106631.341790,0.000000
106631.344292,0.011286
106631.346794,0.577895
106631.349296,0.000000
106631.351798,0.103956
106631.354300,0.000000
106631.356802,0.000000
106631.359305,0.219114
106631.361807,0.000000
106631.364309,0.072200
106631.366811,0.036233
106631.369313,0.014842
106631.371815,0.372840
106631.374317,0.120225
106631.376819,0.531340
106631.379321,0.000000
106631.381823,0.048862
106631.384325,0.030364
106631.386827,0.000000
106631.389330,0.343771
106631.391832,0.835678
106631.394334,0.000000
106631.396836,0.181546
106631.399338,0.030383
106631.401840,0.000000
106631.404342,0.000000
106631.406844,0.000000
106631.409346,0.000000
106631.411848,0.612594
106631.414350,0.000000
106631.416852,0.000000
106631.419355,0.319635
106631.421857,0.000000
106631.424359,0.000000
106631.426861,0.024471
106631.429363,0.369824
106631.431865,0.180347
106631.434367,0.089268
106631.436869,0.028082
106631.439371,0.143878
106631.441873,0.072491
106631.444375,0.000000
106631.446878,0.016565
106631.449380,0.000000
106631.451882,0.029148
106631.454384,0.000000
106631.456886,0.912862
106631.459388,0.000000
106631.461890,0.000000
106631.464392,0.000000
106631.466894,0.186700
106631.469396,0.601544
106631.471898,0.000000
106631.474400,0.000000
106631.476903,0.293638
106631.479405,0.000000
106631.481907,0.000000
106631.484409,0.000000
106631.486911,0.000000
106631.489413,0.247742
106631.491915,0.000000
106631.494417,0.000000
106631.496919,0.000000
106631.499421,0.053778
106631.501923,0.035167
106631.504425,0.156736
106631.506928,0.303345
106631.509430,0.141145
106631.511932,0.163056
106631.514434,0.000000
106631.516936,0.018056
106631.519438,0.172374
106631.521940,0.262041
106631.524442,0.000000
106631.526944,0.000000
106631.529446,0.000000
106631.531948,0.192831
106631.534450,0.371662
106631.536953,0.000000
106631.539455,0.326396
106631.541957,0.044389
106631.544459,0.000000
106631.546961,0.000000
106631.549463,0.268393
106631.551965,0.117039
106631.554467,0.818118
106631.556969,0.000000
106631.559471,0.186248
106631.561973,0.000000
106631.564476,0.000000
106631.566978,0.000000
106631.569480,0.049376
106631.571982,1.049031
106631.574484,0.000000
106631.576986,0.000000
106631.579488,0.098142
106631.581990,0.000000
106631.584492,0.000000
106631.586994,0.005761
106631.589496,0.285645
106631.591998,0.350000
106631.594501,0.000000
106631.597003,0.000000
106631.599505,0.000000
106631.602007,0.000000
106631.604509,0.111402
106631.607011,0.000000
106631.609513,0.000000
106631.612015,0.000000
106631.614517,0.197601
106631.617019,0.647582
106631.619521,0.000000
106631.622023,0.000000
106631.624526,0.000000
106631.627028,0.005643
106631.629530,0.078604
106631.632032,0.000000
106631.634534,0.000000
106631.637036,0.132113
106631.639538,0.374016
106631.642040,0.000000
106631.644542,0.000000
106631.647044,0.076860
106631.649546,0.000000
106631.652048,0.622324
106631.654551,0.000000
106631.657053,0.000000
106631.659555,0.199880
106631.662057,0.000000
106631.664559,0.000000
106631.667061,0.000000
106631.669563,0.370065
106631.672065,0.000000
106631.674567,0.000000
106631.677069,0.332763
106631.679571,0.000000
106631.682074,0.000000
106631.684576,0.053727
106631.687078,0.277071
106631.689580,0.856183
106631.692082,0.297376
106631.694584,0.416942
106631.697086,0.000000
106631.699588,0.000000
106631.702090,0.022407
106631.704592,0.038526
106631.707094,0.000000
106631.709596,0.000000
106631.712099,0.143547
106631.714601,0.129555
106631.717103,0.181282
106631.719605,0.104597
106631.722107,0.000000
106631.724609,0.000000
106631.727111,0.000000
106631.729613,0.641595
106631.732115,0.004835
106631.734617,0.000000
106631.737119,0.000000
106631.739621,1.055316
106631.742124,0.000000
106631.744626,0.000000
106631.747128,0.149486
106631.749630,0.215766
106631.752132,0.344359
106631.754634,0.649803
106631.757136,0.181955
106631.759638,0.000000
106631.762140,0.000000
106631.764642,0.110660
106631.767144,0.743490
106631.769646,0.000000
106631.772149,0.432305
106631.774651,0.064676
106631.777153,0.301185
106631.779655,0.000000
106631.782157,0.000000
106631.784659,0.269925
106631.787161,0.235256
106631.789663,0.349437
106631.792165,0.000000
106631.794667,0.000000
106631.797169,0.000000
106631.799672,0.294550
106631.802174,0.152381
106631.804676,0.000000
106631.807178,0.000000
106631.809680,0.000000
106631.812182,0.000000
106631.814684,0.000000
106631.817186,0.000000
106631.819688,0.000000
106631.822190,0.000000
106631.824692,0.000000
106631.827194,0.727085
106631.829697,0.450266
106631.832199,0.000000
106631.834701,0.097931
106631.837203,0.150071
106631.839705,0.428174
106631.842207,0.000000
106631.844709,0.392593
106631.847211,0.000000
106631.849713,0.000000
106631.852215,0.260314
106631.854717,0.464004
106631.857219,0.930307
106631.859722,0.000000
106631.862224,0.251249
106631.864726,0.000000
106631.867228,0.281603
106631.869730,0.000000
106631.872232,0.000000
106631.874734,0.000000
106631.877236,0.028386
106631.879738,0.000000
106631.882240,0.236918
106631.884742,0.369150
106631.887244,0.215537
106631.889747,0.581925
106631.892249,0.149482
106631.894751,0.000000
106631.897253,0.490109
106631.899755,0.000000
106631.902257,0.327279
106631.904759,0.565729
106631.907261,0.164171
106631.909763,0.000000
106631.912265,0.000000
106631.914767,0.475503
106631.917270,0.000000
106631.919772,0.028605
106631.922274,0.272784
106631.924776,0.250316
106631.927278,0.100224
106631.929780,0.000000
106631.932282,0.000000
106631.934784,0.308399
106631.937286,0.198998
106631.939788,0.000000
106631.942290,0.389000
106631.944792,0.000000
106631.947295,0.000000
106631.949797,0.000000
106631.952299,0.000000
106631.954801,0.000000
106631.957303,0.443502
106631.959805,0.000000
106631.962307,0.067754
106631.964809,0.000000
106631.967311,0.000000
106631.969813,0.000000
106631.972315,0.000000
106631.974817,0.000000
106631.977320,0.194224
106631.979822,0.080265
106631.982324,0.000000
106631.984826,0.389750
106631.987328,0.075600
106631.989830,0.071319
106631.992332,0.000000
106631.994834,0.000000
106631.997336,0.078296
106631.999838,0.170965
106632.002340,0.000000
106632.004842,0.000000
106632.007345,0.000000
106632.009847,0.092089
106632.012349,0.428974
106632.014851,0.000000
106632.017353,0.000000
106632.019855,0.000000
106632.022357,0.000000
106632.024859,0.000000
106632.027361,0.277090
106632.029863,0.000000
106632.032365,0.153792
106632.034868,0.000000
106632.037370,0.000000
106632.039872,0.000000
106632.042374,0.602082
106632.044876,0.000000
106632.047378,0.000000
106632.049880,0.000000
106632.052382,0.012233
106632.054884,0.220640
106632.057386,0.134970
106632.059888,0.060238
106632.062390,0.417811
106632.064893,0.000000
106632.067395,0.321704
106632.069897,0.000000
106632.072399,0.000000
106632.074901,0.000000
106632.077403,0.000000
106632.079905,0.000000
106632.082407,0.041017
106632.084909,0.022246
106632.087411,0.000000
106632.089913,0.000000
106632.092415,0.000000
106632.094918,0.490056
106632.097420,0.000000
106632.099922,0.000000
106632.102424,0.571195
106632.104926,0.000000
106632.107428,0.000000
106632.109930,0.000000
106632.112432,0.000000
106632.114934,0.155164
106632.117436,0.265900
106632.119938,0.924586
106632.122440,0.000000
106632.124943,0.218829
106632.127445,0.000000
106632.129947,0.000000
106632.132449,0.000000
106632.134951,0.000000
106632.137453,0.605556
106632.139955,0.302791
106632.142457,0.008339
106632.144959,0.485666
106632.147461,0.000000
106632.149963,0.000000
106632.152466,0.000000
106632.154968,0.000000
106632.157470,0.058128
106632.159972,0.036976
106632.162474,0.053686
106632.164976,0.000000
106632.167478,0.288720
106632.169980,0.086142
106632.172482,0.263520
106632.174984,0.000000
106632.177486,0.111975
106632.179988,0.000000
106632.182491,0.000000
106632.184993,0.192095
106632.187495,0.032747
106632.189997,0.000000
106632.192499,0.002255
106632.195001,0.000000
106632.197503,0.413500
106632.200005,0.000000
106632.202507,0.402099
106632.205009,0.000000
106632.207511,0.000000
106632.210013,0.000000
106632.212516,0.314969
106632.215018,0.000000
106632.217520,0.231720
106632.220022,0.000000
106632.222524,0.000000
106632.225026,0.000000
106632.227528,0.000000
106632.230030,0.012187
106632.232532,0.000000
106632.235034,0.332871
106632.237536,0.000000
106632.240038,0.000000
106632.242541,0.235781
106632.245043,0.346507
106632.247545,0.000000
106632.250047,0.000000
106632.252549,0.000000
106632.255051,0.000000
106632.257553,0.000000
106632.260055,0.038485
106632.262557,0.000000
106632.265059,0.247300
106632.267561,0.000000
106632.270063,0.000000
106632.272566,0.425622
106632.275068,0.122880
106632.277570,0.000000
106632.280072,0.000000
106632.282574,0.000000
106632.285076,0.000000
106632.287578,0.000000
106632.290080,0.271648
106632.292582,0.000000
106632.295084,0.000000
106632.297586,0.635625
106632.300089,0.115022
106632.302591,0.000000
106632.305093,0.000000
106632.307595,0.039862
106632.310097,0.612770
106632.312599,0.000000
106632.315101,0.350869
106632.317603,0.503090
106632.320105,0.000000
106632.322607,0.000000
106632.325109,0.000000
106632.327611,0.000000
106632.330114,0.000000
106632.332616,0.237132
106632.335118,0.391901
106632.337620,0.000000
106632.340122,0.000000
106632.342624,0.000000
106632.345126,0.105521
106632.347628,0.089661
106632.350130,0.000000
106632.352632,0.044846
106632.355134,0.544775
106632.357636,0.137227
106632.360139,0.000000
106632.362641,0.000000
106632.365143,0.000000
106632.367645,0.588379
106632.370147,0.000000
106632.372649,0.000000
106632.375151,0.000000
106632.377653,0.395065
106632.380155,0.704526
106632.382657,0.161987
106632.385159,0.029755
106632.387661,0.013223
106632.390164,0.000000
106632.392666,0.267868
106632.395168,0.048231
106632.397670,0.153990
106632.400172,0.000000
106632.402674,0.000000
106632.405176,0.000000
106632.407678,0.491646
106632.410180,0.436414
106632.412682,2.611318
106632.415184,4.438683
106632.417687,6.521361
106632.420189,8.122021
106632.422691,7.212218
106632.425193,6.546250
106632.427695,11.653254
106632.430197,18.573187
106632.432699,23.904148
106632.435201,22.121047
106632.437703,14.046975
106632.440205,6.604563
106632.442707,2.535352
106632.445209,0.141849
106632.447712,0.000000
106632.450214,0.000000
106632.452716,0.000000
106632.455218,0.048780
106632.457720,0.261891
106632.460222,0.229208
106632.462724,0.093023
106632.465226,0.429772
106632.467728,0.000000
106632.470230,0.181388
106632.472732,0.225229
106632.475234,0.000000
106632.477737,0.000000
106632.480239,0.000000
106632.482741,0.000000
106632.485243,0.270841
106632.487745,0.000000
106632.490247,0.000000
106632.492749,0.000000
106632.495251,0.402128
106632.497753,0.004689
106632.500255,0.000000
106632.502757,0.000000
106632.505259,0.464472
106632.507762,0.000000
106632.510264,0.472902
106632.512766,0.075670
106632.515268,0.000000
106632.517770,0.899029
106632.520272,0.000000
106632.522774,0.000000
106632.525276,0.000000
106632.527778,0.342393
106632.530280,0.607233
106632.532782,0.600307
106632.535285,0.439988
106632.537787,0.000000
106632.540289,0.000000
106632.542791,0.000000
106632.545293,0.731860
106632.547795,0.168589
106632.550297,0.000000
106632.552799,0.477413
106632.555301,0.000000
106632.557803,0.146173
106632.560305,0.000000
106632.562807,0.229593
106632.565310,0.000000
106632.567812,0.000000
106632.570314,0.027168
106632.572816,0.377048
106632.575318,0.000000
106632.577820,0.278640
106632.580322,0.000000
106632.582824,0.000000
106632.585326,0.000000
106632.587828,0.268526
106632.590330,0.011321
106632.592832,0.248069
106632.595335,0.391012
106632.597837,0.248624
106632.600339,0.098181
106632.602841,0.000000
106632.605343,0.000000
106632.607845,0.000000
106632.610347,0.000000
106632.612849,0.000000
106632.615351,0.000000
106632.617853,0.000000
106632.620355,0.000000
106632.622857,0.069516
106632.625360,0.000000
106632.627862,0.005637
106632.630364,0.683112
106632.632866,0.367770
106632.635368,0.590824
106632.637870,0.140603
106632.640372,0.419699
106632.642874,0.000000
106632.645376,0.000000
106632.647878,0.000000
106632.650380,0.426398
106632.652883,0.553719
106632.655385,0.000000
106632.657887,0.000000
106632.660389,0.000000
106632.662891,0.137557
106632.665393,0.404393
106632.667895,0.000000
106632.670397,0.147186
106632.672899,0.000000
106632.675401,0.040763
106632.677903,0.165000
106632.680405,0.000000
106632.682908,0.000000
106632.685410,0.000000
106632.687912,0.348811
106632.690414,0.150537
106632.692916,0.079296
106632.695418,0.000000
106632.697920,0.000000
106632.700422,0.323055
106632.702924,0.013551
106632.705426,0.237090
106632.707928,0.635029
106632.710430,0.373360
106632.712933,0.033489
106632.715435,0.000000
106632.717937,0.000000
106632.720439,0.000000
106632.722941,0.000000
106632.725443,0.140330
106632.727945,0.000000
106632.730447,0.000000
106632.732949,0.000000
106632.735451,0.000000
106632.737953,0.171347
106632.740455,0.616838
106632.742958,0.000000
106632.745460,0.117842
106632.747962,0.342399
106632.750464,0.000000
106632.752966,0.131863
106632.755468,0.000000
106632.757970,0.310889
106632.760472,0.054427
106632.762974,0.107288
106632.765476,0.000000
106632.767978,0.254165
106632.770481,0.749417
106632.772983,0.000000
106632.775485,0.000000
106632.777987,0.083259
106632.780489,0.282699
106632.782991,0.000000
106632.785493,0.000000
106632.787995,0.488604
106632.790497,0.273388
106632.792999,0.000000
106632.795501,0.000000
106632.798003,0.563733
106632.800506,0.520457
106632.803008,0.337424
106632.805510,0.000000
106632.808012,0.029832
106632.810514,0.000000
106632.813016,0.405582
106632.815518,0.000000
106632.818020,0.000000
106632.820522,0.363176
106632.823024,0.000000
106632.825526,0.495534
106632.828028,0.000000
106632.830531,0.000000
106632.833033,0.000000
106632.835535,0.002647
106632.838037,0.000000
106632.840539,0.000000
106632.843041,0.000000
106632.845543,0.249453
106632.848045,0.257601
106632.850547,0.000000
106632.853049,0.479508
106632.855551,0.897776
106632.858053,0.016538
106632.860556,0.000000
106632.863058,1.015296
106632.865560,0.000000
106632.868062,0.007228
106632.870564,0.064571
106632.873066,0.483556
106632.875568,0.129320
106632.878070,0.000000
106632.880572,0.000000
106632.883074,0.000000
106632.885576,0.000000
106632.888079,0.017192
106632.890581,0.000000
106632.893083,0.000000
106632.895585,0.451202
106632.898087,0.000000
106632.900589,0.000000
106632.903091,0.000000
106632.905593,0.024578
106632.908095,0.000000
106632.910597,0.119221
106632.913099,0.000000
106632.915601,0.615084
106632.918104,0.188354
106632.920606,0.000000
106632.923108,0.000000
106632.925610,0.000000
106632.928112,0.220287
106632.930614,0.000000
106632.933116,0.000000
106632.935618,0.020983
106632.938120,0.000000
106632.940622,0.000000
106632.943124,0.000000
106632.945626,0.350037
106632.948129,0.107412
106632.950631,0.000000
106632.953133,0.682561
106632.955635,0.031281
106632.958137,0.000000
106632.960639,0.307982
106632.963141,0.143091
106632.965643,0.141844
106632.968145,0.000000
106632.970647,0.161945
106632.973149,0.000000
106632.975651,0.199851
106632.978154,0.000000
106632.980656,0.000000
106632.983158,0.619084
106632.985660,0.000000
106632.988162,0.000000
106632.990664,0.000000
106632.993166,0.000000
106632.995668,0.000000
106632.998170,0.000000
106633.000672,0.048839
106633.003174,0.000000
106633.005677,0.000000
106633.008179,0.015472
106633.010681,0.367693
106633.013183,0.000000
106633.015685,0.000000
106633.018187,0.000000
106633.020689,0.208265
106633.023191,0.507598
106633.025693,0.000000
106633.028195,0.035565
106633.030697,0.121633
106633.033199,0.000000
106633.035702,0.007340
106633.038204,0.000000
106633.040706,0.000000
106633.043208,0.131839
106633.045710,0.000000
106633.048212,0.072716
106633.050714,0.000000
106633.053216,0.000000
106633.055718,0.000000
106633.058220,0.000000
106633.060722,0.500030
106633.063224,0.000000
106633.065727,0.000000
106633.068229,0.000000
106633.070731,0.205056
106633.073233,0.000000
106633.075735,0.000000
106633.078237,0.306711
106633.080739,0.010580
106633.083241,0.185724
106633.085743,0.000000
106633.088245,0.000000
106633.090747,0.038539
106633.093249,0.000000
106633.095752,0.225192
106633.098254,0.000000
106633.100756,0.073721
106633.103258,0.000000
106633.105760,0.678859
106633.108262,0.000000
106633.110764,0.250770
106633.113266,0.000000
106633.115768,0.110724
106633.118270,0.000000
106633.120772,0.162510
106633.123275,0.000000
106633.125777,0.010493
106633.128279,0.250909
106633.130781,0.000000
106633.133283,0.000000
106633.135785,0.164400
106633.138287,0.754273
106633.140789,0.000000
106633.143291,0.212503
106633.145793,0.000000
106633.148295,0.698202
106633.150797,0.000000
106633.153300,0.034015
106633.155802,0.000000
106633.158304,0.000000
106633.160806,0.106932
106633.163308,0.050147
106633.165810,0.000000
106633.168312,0.000000
106633.170814,1.113783
106633.173316,0.000000
106633.175818,0.183381
106633.178320,0.000000
106633.180822,0.106131
106633.183325,0.000000
106633.185827,0.000000
106633.188329,0.653861
106633.190831,0.423177
106633.193333,0.049158
106633.195835,0.000000
106633.198337,0.000000
106633.200839,0.971690
106633.203341,0.000000
106633.205843,0.396587
106633.208345,0.518352
106633.210847,0.078714
106633.213350,0.000000
106633.215852,0.000000
106633.218354,0.245944
106633.220856,0.000000
106633.223358,0.063323
106633.225860,0.000000
106633.228362,0.000000
106633.230864,0.012121
106633.233366,0.096555
106633.235868,0.000000
106633.238370,0.430268
106633.240873,0.000000
106633.243375,0.000000
106633.245877,0.000000
106633.248379,0.012357
106633.250881,0.057729
106633.253383,0.489662
106633.255885,0.000000
106633.258387,0.000000
106633.260889,0.000000
106633.263391,0.294974
106633.265893,0.066256
106633.268395,0.000000
106633.270898,0.000000
106633.273400,0.519240
106633.275902,0.000000
106633.278404,0.000000
106633.280906,0.128818
106633.283408,0.000000
106633.285910,0.000000
106633.288412,0.000000
106633.290914,0.259185
106633.293416,0.000000
106633.295918,1.052301
106633.298420,0.000000
106633.300923,0.000000
106633.303425,0.000000
106633.305927,0.087403
106633.308429,0.000000
106633.310931,0.220122
106633.313433,0.000000
106633.315935,0.000000
106633.318437,0.000000
106633.320939,0.000000
106633.323441,0.000000
106633.325943,0.000000
106633.328445,0.000000
106633.330948,0.446982
106633.333450,0.441455
106633.335952,0.000000
106633.338454,0.000000
106633.340956,0.000000
106633.343458,0.000000
106633.345960,0.000000
106633.348462,0.000000
106633.350964,0.000000
106633.353466,0.000000
106633.355968,0.000000
106633.358471,0.074888
106633.360973,0.129546
106633.363475,0.000000
106633.365977,0.456925
106633.368479,0.000000
106633.370981,0.000000
106633.373483,0.136883
106633.375985,0.000000
106633.378487,0.115499
106633.380989,0.000000
106633.383491,0.500563
106633.385993,0.241677
106633.388496,0.000000
106633.390998,0.000000
106633.393500,0.601150
106633.396002,0.000000
106633.398504,0.000000
106633.401006,0.000000
106633.403508,0.000000
106633.406010,0.000000
106633.408512,0.257207
106633.411014,0.000000
106633.413516,0.000000
106633.416018,0.162113
106633.418521,0.361901
106633.421023,0.000000
106633.423525,0.388785
106633.426027,0.013496
106633.428529,0.392484
106633.431031,0.000000
106633.433533,0.000000
106633.436035,0.000000
106633.438537,0.381103
106633.441039,0.000000
106633.443541,0.000000
106633.446043,0.000000
106633.448546,0.000000
106633.451048,0.600819
106633.453550,0.000000
106633.456052,0.181803
106633.458554,0.000000
106633.461056,0.452091
106633.463558,0.145970
106633.466060,0.000000
106633.468562,0.000000
106633.471064,0.286813
106633.473566,0.000000
106633.476069,0.232186
106633.478571,0.000000
106633.481073,0.450173
106633.483575,0.057984
106633.486077,0.231551
106633.488579,0.029474
106633.491081,0.000000
106633.493583,0.000000
106633.496085,0.241712
106633.498587,0.059910
106633.501089,0.424545
106633.503591,0.144970
106633.506094,0.000000
106633.508596,0.000000
106633.511098,0.036997
106633.513600,0.000000
106633.516102,0.601572
106633.518604,0.158800
106633.521106,0.441097
106633.523608,0.000000
106633.526110,0.447399
106633.528612,0.802184
106633.531114,0.000000
106633.533616,0.277305
106633.536119,0.000399
106633.538621,0.000000
106633.541123,0.177183
106633.543625,0.299665
106633.546127,0.000000
106633.548629,0.419126
106633.551131,0.000000
106633.553633,0.000000
106633.556135,0.049104
106633.558637,0.009126
106633.561139,0.000000
106633.563641,0.291035
106633.566144,0.190847
106633.568646,0.308486
106633.571148,0.000000
106633.573650,0.216617
106633.576152,0.000000
106633.578654,0.738311
106633.581156,0.000000
106633.583658,0.756817
106633.586160,0.012542
106633.588662,0.000000
106633.591164,0.491800
106633.593667,0.045259
106633.596169,0.305964
106633.598671,0.439954
106633.601173,0.121489
106633.603675,0.000000
106633.606177,0.350751
106633.608679,0.000272
106633.611181,0.246554
106633.613683,0.000000
106633.616185,0.160682
106633.618687,0.000000
106633.621189,0.594335
106633.623692,0.223989
106633.626194,0.086225
106633.628696,0.174820
106633.631198,0.000000
106633.633700,0.583532
106633.636202,0.715862
106633.638704,0.141245
106633.641206,0.571721
106633.643708,0.000000
106633.646210,0.000000
106633.648712,0.014712
106633.651214,0.156353
106633.653717,0.000000
106633.656219,0.193318
106633.658721,0.110142
106633.661223,0.000000
106633.663725,0.186497
106633.666227,0.310423
106633.668729,0.061640
106633.671231,0.414356
106633.673733,0.000000
106633.676235,0.168220
106633.678737,0.000000
106633.681239,0.000000
106633.683742,0.000000
106633.686244,0.000000
106633.688746,0.000000
106633.691248,0.000000
106633.693750,0.300942
106633.696252,0.000000
106633.698754,0.000000
106633.701256,0.409834
106633.703758,0.000000
106633.706260,0.000000
106633.708762,0.160522
106633.711265,0.071756
106633.713767,0.393338
106633.716269,0.172193
106633.718771,0.000000
106633.721273,0.783154
106633.723775,0.069859
106633.726277,0.000000
106633.728779,0.346514
106633.731281,0.089673
106633.733783,0.143515
106633.736285,0.895895
106633.738787,0.000000
106633.741290,0.000000
106633.743792,0.041908
106633.746294,0.385191
106633.748796,0.000000
106633.751298,0.000000
106633.753800,0.000000
106633.756302,0.000000
106633.758804,0.000000
106633.761306,0.180640
106633.763808,0.000000
106633.766310,0.000000
106633.768812,0.024925
106633.771315,0.310069
106633.773817,0.000000
106633.776319,0.294859
106633.778821,0.293807
106633.781323,0.342976
106633.783825,0.438022
106633.786327,0.791584
106633.788829,0.000000
106633.791331,0.039389
106633.793833,0.000000
106633.796335,0.000711
106633.798837,0.551040
106633.801340,0.000000
106633.803842,0.000000
106633.806344,0.495072
106633.808846,0.366685
106633.811348,0.000000
106633.813850,0.307142
106633.816352,0.122661
106633.818854,0.539322
106633.821356,0.026785
106633.823858,0.368696
106633.826360,0.949756
106633.828862,0.215006
106633.831365,0.017733
106633.833867,0.259707
106633.836369,0.000000
106633.838871,0.858431
106633.841373,0.064732
106633.843875,0.000000
106633.846377,0.000000
106633.848879,0.394431
106633.851381,0.311738
106633.853883,0.000000
106633.856385,0.207224
106633.858888,0.000000
106633.861390,0.066494
106633.863892,0.162758
106633.866394,0.613754
106633.868896,0.000000
106633.871398,0.000000
106633.873900,0.000000
106633.876402,0.000000
106633.878904,0.480504
106633.881406,0.556708
106633.883908,0.115112
106633.886410,0.439034
106633.888913,0.048156
106633.891415,0.000000
106633.893917,0.000000
106633.896419,0.000000
106633.898921,0.000000
106633.901423,0.094995
106633.903925,0.000000
106633.906427,0.267944
106633.908929,0.033620
106633.911431,0.000000
106633.913933,0.000000
106633.916435,0.025938
106633.918938,0.265383
106633.921440,0.000000
106633.923942,0.031445
106633.926444,0.083775
106633.928946,0.000000
106633.928946,0.000000
106660.244735,0.082900
106686.560525,0.000000
106712.876314,0.125791
106739.192104,0.000000
106765.507893,0.382077
106791.823683,0.840407
106818.139472,0.000000
106844.455262,0.192038
106870.771051,0.000000
106897.086841,0.374204
106923.402630,0.000000
106949.718420,0.172762
106976.034209,0.000000
107002.349999,0.000000
107028.665788,0.000000
107054.981577,0.295620
107081.297367,0.000000
107107.613156,0.198421
107133.928946,0.000000
