wavenumber_cm-1,intensity
81753.765836,0.016216
81780.081625,0.000000
81806.397415,0.000000
81832.713204,0.000000
81859.028994,0.000000
81885.344783,0.005903
81911.660573,0.000000
81937.976362,0.000000
81964.292152,0.000000
81990.607941,0.000000
82016.923731,0.000000
82043.239520,0.000000
82069.555309,0.000000
82095.871099,0.000792
82122.186888,0.000000
82148.502678,0.003315
82174.818467,0.013546
82201.134257,0.008518
82227.450046,0.013711
82253.765836,0.000000
82253.765836,0.000000
82253.768337,0.009388
82253.770838,0.009645
82253.773339,0.000000
82253.775840,0.008785
82253.778341,0.000000
82253.780842,0.006910
82253.783343,0.000000
82253.785844,0.000000
82253.788345,0.000000
82253.790846,0.031345
82253.793347,0.002913
82253.795848,0.033043
82253.798349,0.000000
82253.800850,0.010783
82253.803351,0.000000
82253.805852,0.000000
82253.808353,0.009067
82253.810854,0.012035
82253.813355,0.000000
82253.815857,0.014925
82253.818358,0.000000
82253.820859,0.000000
82253.823360,0.000000
82253.825861,0.000000
82253.828362,0.022547
82253.830863,0.000690
82253.833364,0.015618
82253.835865,0.015006
82253.838366,0.000000
82253.840867,0.017468
82253.843368,0.007231
82253.845869,0.000000
82253.848370,0.006447
82253.850871,0.000000
82253.853372,0.023074
82253.855873,0.011689
82253.858374,0.000000
82253.860875,0.018167
82253.863376,0.000000
82253.865877,0.000000
82253.868378,0.000000
82253.870879,0.032112
82253.873380,0.000000
82253.875881,0.000000
82253.878382,0.000000
82253.880883,0.013016
82253.883385,0.000000
82253.885886,0.000000
82253.888387,0.010957
82253.890888,0.000000
82253.893389,0.002932
82253.895890,0.007688
82253.898391,0.000000
82253.900892,0.000000
82253.903393,0.003475
82253.905894,0.012470
82253.908395,0.000000
82253.910896,0.000000
82253.913397,0.009761
82253.915898,0.013325
82253.918399,0.002873
82253.920900,0.003854
82253.923401,0.000000
82253.925902,0.007184
82253.928403,0.012254
82253.930904,0.000811
82253.933405,0.035783
82253.935906,0.000000
82253.938407,0.002341
82253.940908,0.000000
82253.943409,0.012638
82253.945910,0.000000
82253.948411,0.000000
82253.950913,0.000000
82253.953414,0.003818
82253.955915,0.000000
82253.958416,0.000000
82253.960917,0.000000
82253.963418,0.000000
82253.965919,0.021365
82253.968420,0.009852
82253.970921,0.000000
82253.973422,0.030120
82253.975923,0.007062
82253.978424,0.000000
82253.980925,0.003684
82253.983426,0.007692
82253.985927,0.000000
82253.988428,0.000000
82253.990929,0.001242
82253.993430,0.000000
82253.995931,0.021246
82253.998432,0.010646
82254.000933,0.000000
82254.003434,0.006118
82254.005935,0.018200
82254.008436,0.000000
82254.010937,0.000000
82254.013438,0.000000
82254.015939,0.000511
82254.018441,0.000000
82254.020942,0.000000
82254.023443,0.000000
82254.025944,0.005519
82254.028445,0.016287
82254.030946,0.000000
82254.033447,0.035024
82254.035948,0.028162
82254.038449,0.019093
82254.040950,0.008941
82254.043451,0.028842
82254.045952,0.000000
82254.048453,0.000000
82254.050954,0.000000
82254.053455,0.000000
82254.055956,0.001749
82254.058457,0.004307
82254.060958,0.002885
82254.063459,0.000000
82254.065960,0.001913
82254.068461,0.024940
82254.070962,0.008906
82254.073463,0.013250
82254.075964,0.002740
82254.078465,0.000000
82254.080966,0.000000
82254.083467,0.029917
82254.085969,0.000000
82254.088470,0.000000
82254.090971,0.003529
82254.093472,0.007906
82254.095973,0.009722
82254.098474,0.025487
82254.100975,0.021556
82254.103476,0.000000
82254.105977,0.013914
82254.108478,0.000000
82254.110979,0.000000
82254.113480,0.000000
82254.115981,0.000000
82254.118482,0.000000
82254.120983,0.000000
82254.123484,0.013327
82254.125985,0.000000
82254.128486,0.004432
82254.130987,0.019643
82254.133488,0.000000
82254.135989,0.000000
82254.138490,0.002598
82254.140991,0.004489
82254.143492,0.015850
82254.145993,0.012455
82254.148494,0.001392
82254.150995,0.004358
82254.153496,0.004755
82254.155998,0.000000
82254.158499,0.000000
82254.161000,0.003569
82254.163501,0.006586
82254.166002,0.000000
82254.168503,0.000000
82254.171004,0.000000
82254.173505,0.028258
82254.176006,0.000000
82254.178507,0.016862
82254.181008,0.022762
82254.183509,0.000653
82254.186010,0.000000
82254.188511,0.007366
82254.191012,0.002801
82254.193513,0.000000
82254.196014,0.000000
82254.198515,0.006515
82254.201016,0.013408
82254.203517,0.000000
82254.206018,0.000000
82254.208519,0.009604
82254.211020,0.000000
82254.213521,0.000000
82254.216022,0.000000
82254.218523,0.000000
82254.221024,0.038335
82254.223526,0.000000
82254.226027,0.019607
82254.228528,0.024188
82254.231029,0.000000
82254.233530,0.005292
82254.236031,0.001472
82254.238532,0.000000
82254.241033,0.000000
82254.243534,0.000702
82254.246035,0.000000
82254.248536,0.027170
82254.251037,0.000000
82254.253538,0.028022
82254.256039,0.000000
82254.258540,0.027466
82254.261041,0.007274
82254.263542,0.008091
82254.266043,0.000000
82254.268544,0.008287
82254.271045,0.024313
82254.273546,0.000000
82254.276047,0.000000
82254.278548,0.000000
82254.281049,0.023271
82254.283550,0.012286
82254.286051,0.020794
82254.288552,0.004505
82254.291054,0.000565
82254.293555,0.006089
82254.296056,0.015371
82254.298557,0.000000
82254.301058,0.019659
82254.303559,0.005255
82254.306060,0.000000
82254.308561,0.012690
82254.311062,0.000000
82254.313563,0.012341
82254.316064,0.012949
82254.318565,0.004738
82254.321066,0.007809
82254.323567,0.015784
82254.326068,0.000000
82254.328569,0.011396
82254.331070,0.016705
82254.333571,0.025281
82254.336072,0.000000
82254.338573,0.005868
82254.341074,0.000000
82254.343575,0.000000
82254.346076,0.005157
82254.348577,0.001113
82254.351078,0.016446
82254.353579,0.000000
82254.356080,0.000000
82254.358582,0.003038
82254.361083,0.000000
82254.363584,0.000000
82254.366085,0.016031
82254.368586,0.000000
82254.371087,0.016985
82254.373588,0.008723
82254.376089,0.000000
82254.378590,0.007618
82254.381091,0.007505
82254.383592,0.006075
82254.386093,0.000000
82254.388594,0.000000
82254.391095,0.019336
82254.393596,0.000000
82254.396097,0.000000
82254.398598,0.006571
82254.401099,0.000000
82254.403600,0.000000
82254.406101,0.000000
82254.408602,0.000000
82254.411103,0.000000
82254.413604,0.011583
82254.416105,0.000000
82254.418606,0.017987
82254.421107,0.000000
82254.423608,0.000000
82254.426110,0.002137
82254.428611,0.026658
82254.431112,0.007627
82254.433613,0.046184
82254.436114,0.004770
82254.438615,0.003383
82254.441116,0.000000
82254.443617,0.006147
82254.446118,0.002423
82254.448619,0.000000
82254.451120,0.000000
82254.453621,0.000000
82254.456122,0.000000
82254.458623,0.030016
82254.461124,0.000000
82254.463625,0.002432
82254.466126,0.000000
82254.468627,0.011253
82254.471128,0.002539
82254.473629,0.000000
82254.476130,0.000000
82254.478631,0.003495
82254.481132,0.000000
82254.483633,0.000000
82254.486134,0.000000
82254.488635,0.020587
82254.491136,0.012306
82254.493638,0.020550
82254.496139,0.016475
82254.498640,0.008508
82254.501141,0.000000
82254.503642,0.026478
82254.506143,0.000000
82254.508644,0.000000
82254.511145,0.010154
82254.513646,0.010867
82254.516147,0.008219
82254.518648,0.000000
82254.521149,0.000000
82254.523650,0.036405
82254.526151,0.000000
82254.528652,0.000000
82254.531153,0.000000
82254.533654,0.003514
82254.536155,0.002844
82254.538656,0.000000
82254.541157,0.005483
82254.543658,0.025331
82254.546159,0.000000
82254.548660,0.000619
82254.551161,0.000000
82254.553662,0.004233
82254.556163,0.000000
82254.558664,0.000000
82254.561166,0.000000
82254.563667,0.001405
82254.566168,0.006173
82254.568669,0.026723
82254.571170,0.006744
82254.573671,0.000000
82254.576172,0.000000
82254.578673,0.000000
82254.581174,0.000000
82254.583675,0.026975
82254.586176,0.004134
82254.588677,0.000000
82254.591178,0.000000
82254.593679,0.000000
82254.596180,0.000000
82254.598681,0.018906
82254.601182,0.000000
82254.603683,0.000000
82254.606184,0.033186
82254.608685,0.000000
82254.611186,0.000000
82254.613687,0.018818
82254.616188,0.005963
82254.618689,0.000000
82254.621190,0.000000
82254.623691,0.000000
82254.626192,0.000000
82254.628693,0.000101
82254.631195,0.002744
82254.633696,0.000000
82254.636197,0.000000
82254.638698,0.000000
82254.641199,0.004210
82254.643700,0.018393
82254.646201,0.000000
82254.648702,0.000000
82254.651203,0.001192
82254.653704,0.016061
82254.656205,0.000000
82254.658706,0.020839
82254.661207,0.006050
82254.663708,0.000412
82254.666209,0.017426
82254.668710,0.000000
82254.671211,0.007498
82254.673712,0.006181
82254.676213,0.000000
82254.678714,0.006616
82254.681215,0.004069
82254.683716,0.000000
82254.686217,0.012393
82254.688718,0.000000
82254.691219,0.003883
82254.693720,0.000000
82254.696221,0.000000
82254.698723,0.007223
82254.701224,0.000000
82254.703725,0.000000
82254.706226,0.000000
82254.708727,0.011334
82254.711228,0.000000
82254.713729,0.004013
82254.716230,0.000789
82254.718731,0.000000
82254.721232,0.028105
82254.723733,0.002581
82254.726234,0.010854
82254.728735,0.004091
82254.731236,0.000000
82254.733737,0.000000
82254.736238,0.020950
82254.738739,0.015629
82254.741240,0.028037
82254.743741,0.003184
82254.746242,0.000000
82254.748743,0.000000
82254.751244,0.000000
82254.753745,0.011017
82254.756246,0.000000
82254.758747,0.000000
82254.761248,0.035389
82254.763749,0.000000
82254.766251,0.000000
82254.768752,0.024010
82254.771253,0.000000
82254.773754,0.016326
82254.776255,0.000000
82254.778756,0.000000
82254.781257,0.024500
82254.783758,0.013259
82254.786259,0.013214
82254.788760,0.005281
82254.791261,0.008605
82254.793762,0.000000
82254.796263,0.001603
82254.798764,0.000000
82254.801265,0.000000
82254.803766,0.005903
82254.806267,0.016635
82254.808768,0.000000
82254.811269,0.000000
82254.813770,0.000000
82254.816271,0.000104
82254.818772,0.010917
82254.821273,0.011369
82254.823774,0.007831
82254.826275,0.000000
82254.828776,0.000000
82254.831277,0.011425
82254.833779,0.011663
82254.836280,0.000000
82254.838781,0.000000
82254.841282,0.016766
82254.843783,0.000000
82254.846284,0.010714
82254.848785,0.000000
82254.851286,0.000000
82254.853787,0.023158
82254.856288,0.001725
82254.858789,0.000000
82254.861290,0.000000
82254.863791,0.000000
82254.866292,0.000000
82254.868793,0.027652
82254.871294,0.000000
82254.873795,0.020791
82254.876296,0.000000
82254.878797,0.000000
82254.881298,0.000000
82254.883799,0.000000
82254.886300,0.000000
82254.888801,0.000000
82254.891302,0.000000
82254.893803,0.021729
82254.896304,0.003031
82254.898805,0.000000
82254.901307,0.003185
82254.903808,0.000000
82254.906309,0.000000
82254.908810,0.042469
82254.911311,0.002723
82254.913812,0.000000
82254.916313,0.000000
82254.918814,0.000000
82254.921315,0.023764
82254.923816,0.021573
82254.926317,0.010819
82254.928818,0.000000
82254.931319,0.021689
82254.933820,0.006460
82254.936321,0.009407
82254.938822,0.006409
82254.941323,0.000000
82254.943824,0.000000
82254.946325,0.000000
82254.948826,0.009245
82254.951327,0.000000
82254.953828,0.000000
82254.956329,0.000000
82254.958830,0.011387
82254.961331,0.009691
82254.963832,0.000000
82254.966333,0.020780
82254.968835,0.000000
82254.971336,0.015688
82254.973837,0.000000
82254.976338,0.002355
82254.978839,0.003246
82254.981340,0.002840
82254.983841,0.009688
82254.986342,0.005623
82254.988843,0.011256
82254.991344,0.006674
82254.993845,0.000000
82254.996346,0.003875
82254.998847,0.000000
82255.001348,0.000000
82255.003849,0.000000
82255.006350,0.002632
82255.008851,0.003586
82255.011352,0.015168
82255.013853,0.018778
82255.016354,0.004830
82255.018855,0.007427
82255.021356,0.001369
82255.023857,0.011020
82255.026358,0.006995
82255.028859,0.000000
82255.031360,0.030910
82255.033861,0.000000
82255.036363,0.020891
82255.038864,0.000000
82255.041365,0.011686
82255.043866,0.020634
82255.046367,0.000000
82255.048868,0.001996
82255.051369,0.010276
82255.053870,0.003619
82255.056371,0.005432
82255.058872,0.001957
82255.061373,0.000000
82255.063874,0.034014
82255.066375,0.000000
82255.068876,0.006236
82255.071377,0.000000
82255.073878,0.000000
82255.076379,0.000000
82255.078880,0.000000
82255.081381,0.015679
82255.083882,0.000000
82255.086383,0.000000
82255.088884,0.000000
82255.091385,0.001351
82255.093886,0.000000
82255.096387,0.014254
82255.098888,0.004338
82255.101389,0.000000
82255.103890,0.012212
82255.106392,0.000114
82255.108893,0.000309
82255.111394,0.000000
82255.113895,0.000000
82255.116396,0.004619
82255.118897,0.019155
82255.121398,0.000000
82255.123899,0.032722
82255.126400,0.007999
82255.128901,0.000000
82255.131402,0.000000
82255.133903,0.020411
82255.136404,0.017857
82255.138905,0.000260
82255.141406,0.002153
82255.143907,0.000000
82255.146408,0.018981
82255.148909,0.000000
82255.151410,0.012133
82255.153911,0.019420
82255.156412,0.000692
82255.158913,0.013898
82255.161414,0.026539
82255.163915,0.003849
82255.166416,0.000000
82255.168917,0.000000
82255.171418,0.000000
82255.173920,0.000000
82255.176421,0.006355
82255.178922,0.000000
82255.181423,0.004705
82255.183924,0.000000
82255.186425,0.000000
82255.188926,0.014796
82255.191427,0.000000
82255.193928,0.000237
82255.196429,0.000000
82255.198930,0.000000
82255.201431,0.011601
82255.203932,0.000000
82255.206433,0.026171
82255.208934,0.006211
82255.211435,0.007621
82255.213936,0.000000
82255.216437,0.000000
82255.218938,0.000000
82255.221439,0.000000
82255.223940,0.009536
82255.226441,0.012418
82255.228942,0.005730
82255.231443,0.000000
82255.233944,0.004750
82255.236445,0.000000
82255.238946,0.019003
82255.241448,0.000000
82255.243949,0.000000
82255.246450,0.001656
82255.248951,0.002932
82255.251452,0.000000
82255.253953,0.000000
82255.256454,0.016279
82255.258955,0.000000
82255.261456,0.000000
82255.263957,0.000000
82255.266458,0.000000
82255.268959,0.017561
82255.271460,0.000000
82255.273961,0.022364
82255.276462,0.014868
82255.278963,0.017740
82255.281464,0.027106
82255.283965,0.001167
82255.286466,0.000000
82255.288967,0.000000
82255.291468,0.000000
82255.293969,0.000000
82255.296470,0.002167
82255.298971,0.000000
82255.301472,0.000000
82255.303973,0.000000
82255.306474,0.007885
82255.308976,0.013738
82255.311477,0.000000
82255.313978,0.000000
82255.316479,0.000000
82255.318980,0.000000
82255.321481,0.000000
82255.323982,0.002126
82255.326483,0.007452
82255.328984,0.001108
82255.331485,0.000000
82255.333986,0.028900
82255.336487,0.011909
82255.338988,0.007939
82255.341489,0.014433
82255.343990,0.003513
82255.346491,0.018476
82255.348992,0.000817
82255.351493,0.000025
82255.353994,0.009124
82255.356495,0.022642
82255.358996,0.021718
82255.361497,0.008515
82255.363998,0.007420
82255.366499,0.009998
82255.369000,0.014157
82255.371501,0.018654
82255.374002,0.000000
82255.376504,0.018932
82255.379005,0.004927
82255.381506,0.009350
82255.384007,0.019850
82255.386508,0.010730
82255.389009,0.013157
82255.391510,0.000000
82255.394011,0.021521
82255.396512,0.009993
82255.399013,0.001811
82255.401514,0.015815
82255.404015,0.037170
82255.406516,0.000000
82255.409017,0.000000
82255.411518,0.038570
82255.414019,0.006129
82255.416520,0.002742
82255.419021,0.000000
82255.421522,0.017357
82255.424023,0.037507
82255.426524,0.000000
82255.429025,0.000000
82255.431526,0.000000
82255.434027,0.010527
82255.436528,0.017558
82255.439029,0.023282
82255.441530,0.011013
82255.444032,0.036187
82255.446533,0.000000
82255.449034,0.000000
82255.451535,0.021105
82255.454036,0.001764
82255.456537,0.000000
82255.459038,0.000000
82255.461539,0.003672
82255.464040,0.000000
82255.466541,0.000000
82255.469042,0.000000
82255.471543,0.000000
82255.474044,0.009123
82255.476545,0.000000
82255.479046,0.001299
82255.481547,0.007462
82255.484048,0.000000
82255.486549,0.015703
82255.489050,0.000000
82255.491551,0.000000
82255.494052,0.000000
82255.496553,0.010237
82255.499054,0.003139
82255.501555,0.030786
82255.504056,0.000000
82255.506557,0.000000
82255.509058,0.025698
82255.511560,0.000000
82255.514061,0.009811
82255.516562,0.000000
82255.519063,0.000000
82255.521564,0.000000
82255.524065,0.012920
82255.526566,0.000000
82255.529067,0.008275
82255.531568,0.010957
82255.534069,0.000000
82255.536570,0.000000
82255.539071,0.022652
82255.541572,0.009345
82255.544073,0.000000
82255.546574,0.005965
82255.549075,0.000000
82255.551576,0.015997
82255.554077,0.015990
82255.556578,0.001737
82255.559079,0.003314
82255.561580,0.000000
82255.564081,0.000000
82255.566582,0.000000
82255.569083,0.000000
82255.571584,0.015263
82255.574085,0.013249
82255.576586,0.002655
82255.579087,0.017100
82255.581589,0.000000
82255.584090,0.015474
82255.586591,0.000000
82255.589092,0.017806
82255.591593,0.000000
82255.594094,0.000000
82255.596595,0.010488
82255.599096,0.011628
82255.601597,0.000000
82255.604098,0.000000
82255.606599,0.000000
82255.609100,0.000000
82255.611601,0.000000
82255.614102,0.018696
82255.616603,0.000000
82255.619104,0.026648
82255.621605,0.019684
82255.624106,0.022510
82255.626607,0.000000
82255.629108,0.000000
82255.631609,0.000000
82255.634110,0.000000
82255.636611,0.000000
82255.639112,0.000000
82255.641613,0.000000
82255.644114,0.000000
82255.646615,0.000000
82255.649117,0.000000
82255.651618,0.005118
82255.654119,0.000000
82255.656620,0.004198
82255.659121,0.001966
82255.661622,0.000673
82255.664123,0.000000
82255.666624,0.000000
82255.669125,0.024367
82255.671626,0.009053
82255.674127,0.014446
82255.676628,0.000000
82255.679129,0.000000
82255.681630,0.007048
82255.684131,0.000000
82255.686632,0.000000
82255.689133,0.000000
82255.691634,0.000000
82255.694135,0.000000
82255.696636,0.004780
82255.699137,0.001170
82255.701638,0.020006
82255.704139,0.035532
82255.706640,0.000000
82255.709141,0.002116
82255.711642,0.002090
82255.714143,0.000000
82255.716645,0.000000
82255.719146,0.000000
82255.721647,0.003453
82255.724148,0.000000
82255.726649,0.002288
82255.729150,0.000000
82255.731651,0.002035
82255.734152,0.000000
82255.736653,0.002262
82255.739154,0.000000
82255.741655,0.002308
82255.744156,0.019238
82255.746657,0.003749
82255.749158,0.004623
82255.751659,0.011738
82255.754160,0.000000
82255.756661,0.024690
82255.759162,0.000000
82255.761663,0.012635
82255.764164,0.010728
82255.766665,0.000000
82255.769166,0.014491
82255.771667,0.007150
82255.774168,0.027147
82255.776669,0.002778
82255.779170,0.000000
82255.781671,0.000000
82255.784173,0.000000
82255.786674,0.000000
82255.789175,0.000000
82255.791676,0.003764
82255.794177,0.000000
82255.796678,0.000000
82255.799179,0.008277
82255.801680,0.009703
82255.804181,0.000000
82255.806682,0.010146
82255.809183,0.000000
82255.811684,0.000000
82255.814185,0.000000
82255.816686,0.021453
82255.819187,0.002539
82255.821688,0.000000
82255.824189,0.005389
82255.826690,0.004948
82255.829191,0.017560
82255.831692,0.000000
82255.834193,0.000172
82255.836694,0.000000
82255.839195,0.008589
82255.841696,0.000000
82255.844197,0.000000
82255.846698,0.000000
82255.849199,0.000000
82255.851701,0.023012
82255.854202,0.027682
82255.856703,0.000000
82255.859204,0.000000
82255.861705,0.004835
82255.864206,0.000000
82255.866707,0.016873
82255.869208,0.000000
82255.871709,0.007821
82255.874210,0.001637
82255.876711,0.000000
82255.879212,0.003448
82255.881713,0.012619
82255.884214,0.001247
82255.886715,0.001397
82255.889216,0.000000
82255.891717,0.016435
82255.894218,0.015003
82255.896719,0.000000
82255.899220,0.000000
82255.901721,0.020313
82255.904222,0.000000
82255.906723,0.008680
82255.909224,0.000000
82255.911725,0.025539
82255.914226,0.000911
82255.916727,0.018103
82255.919229,0.000000
82255.921730,0.000000
82255.924231,0.000000
82255.926732,0.003773
82255.929233,0.000000
82255.931734,0.010892
82255.934235,0.000000
82255.936736,0.000000
82255.939237,0.007940
82255.941738,0.000000
82255.944239,0.000000
82255.946740,0.022308
82255.949241,0.025464
82255.951742,0.000000
82255.954243,0.008299
82255.956744,0.000000
82255.959245,0.000000
82255.961746,0.000000
82255.964247,0.000000
82255.966748,0.001365
82255.969249,0.004139
82255.971750,0.000000
82255.974251,0.015625
82255.976752,0.000000
82255.979253,0.000000
82255.981754,0.007562
82255.984255,0.000000
82255.986757,0.013023
82255.989258,0.000000
82255.991759,0.014210
82255.994260,0.018502
82255.996761,0.009195
82255.999262,0.000000
82256.001763,0.000000
82256.004264,0.000000
82256.006765,0.015842
82256.009266,0.000000
82256.011767,0.000000
82256.014268,0.000000
82256.016769,0.015522
82256.019270,0.011185
82256.021771,0.006298
82256.024272,0.009162
82256.026773,0.002588
82256.029274,0.004339
82256.031775,0.003175
82256.034276,0.000000
82256.036777,0.010821
82256.039278,0.005189
82256.041779,0.000000
82256.044280,0.007597
82256.046781,0.003551
82256.049282,0.008782
82256.051783,0.000000
82256.054284,0.011659
82256.056786,0.000000
82256.059287,0.010397
82256.061788,0.000000
82256.064289,0.000000
82256.066790,0.008648
82256.069291,0.000000
82256.071792,0.031683
82256.074293,0.008136
82256.076794,0.000358
82256.079295,0.011777
82256.081796,0.000000
82256.084297,0.013258
82256.086798,0.012859
82256.089299,0.018005
82256.091800,0.000000
82256.094301,0.000000
82256.096802,0.000000
82256.099303,0.000000
82256.101804,0.023947
82256.104305,0.031528
82256.106806,0.004951
82256.109307,0.000135
82256.111808,0.000000
82256.114309,0.011845
82256.116810,0.031436
82256.119311,0.025651
82256.121812,0.016345
82256.124314,0.016135
82256.126815,0.011955
82256.129316,0.000000
82256.131817,0.000000
82256.134318,0.000000
82256.136819,0.006066
82256.139320,0.000000
82256.141821,0.000000
82256.144322,0.000000
82256.146823,0.014562
82256.149324,0.000000
82256.151825,0.004714
82256.154326,0.000000
82256.156827,0.022949
82256.159328,0.000000
82256.161829,0.006835
82256.164330,0.000000
82256.166831,0.000000
82256.169332,0.002962
82256.171833,0.003668
82256.174334,0.003293
82256.176835,0.002180
82256.179336,0.000000
82256.181837,0.000000
82256.184338,0.000454
82256.186839,0.002806
82256.189340,0.000000
82256.191842,0.010479
82256.194343,0.001341
82256.196844,0.002892
82256.199345,0.000000
82256.201846,0.000000
82256.204347,0.002212
82256.206848,0.017343
82256.209349,0.006375
82256.211850,0.000000
82256.214351,0.011703
82256.216852,0.000000
82256.219353,0.010265
82256.221854,0.000000
82256.224355,0.005075
82256.226856,0.000000
82256.229357,0.000000
82256.231858,0.000000
82256.234359,0.007355
82256.236860,0.005317
82256.239361,0.006125
82256.241862,0.003955
82256.244363,0.000000
82256.246864,0.013874
82256.249365,0.014260
82256.251866,0.000000
82256.254367,0.007643
82256.256868,0.012568
82256.259370,0.000000
82256.261871,0.000000
82256.264372,0.007672
82256.266873,0.000000
82256.269374,0.000000
82256.271875,0.000000
82256.274376,0.000000
82256.276877,0.015584
82256.279378,0.000000
82256.281879,0.004928
82256.284380,0.011659
82256.286881,0.000000
82256.289382,0.000000
82256.291883,0.003344
82256.294384,0.000026
82256.296885,0.014414
82256.299386,0.000000
82256.301887,0.000000
82256.304388,0.008066
82256.306889,0.000725
82256.309390,0.010802
82256.311891,0.003764
82256.314392,0.000000
82256.316893,0.000000
82256.319394,0.033396
82256.321895,0.022047
82256.324396,0.007117
82256.326898,0.001127
82256.329399,0.007729
82256.331900,0.011876
82256.334401,0.006016
82256.336902,0.000000
82256.339403,0.025632
82256.341904,0.003536
82256.344405,0.028927
82256.346906,0.002688
82256.349407,0.000000
82256.351908,0.019881
82256.354409,0.004326
82256.356910,0.001916
82256.359411,0.000000
82256.361912,0.009483
82256.364413,0.000000
82256.366914,0.000000
82256.369415,0.000000
82256.371916,0.006306
82256.374417,0.000000
82256.376918,0.000000
82256.379419,0.014080
82256.381920,0.000000
82256.384421,0.002483
82256.386922,0.000000
82256.389423,0.000000
82256.391924,0.023774
82256.394426,0.000000
82256.396927,0.010997
82256.399428,0.000000
82256.401929,0.000000
82256.404430,0.000000
82256.406931,0.010829
82256.409432,0.000000
82256.411933,0.000000
82256.414434,0.001578
82256.416935,0.000000
82256.419436,0.000000
82256.421937,0.000000
82256.424438,0.012862
82256.426939,0.000000
82256.429440,0.000000
82256.431941,0.000000
82256.434442,0.000000
82256.436943,0.000000
82256.439444,0.000000
82256.441945,0.000000
82256.444446,0.000000
82256.446947,0.009321
82256.449448,0.017880
82256.451949,0.000000
82256.454450,0.027119
82256.456951,0.000000
82256.459452,0.011906
82256.461954,0.027743
82256.464455,0.002001
82256.466956,0.000000
82256.469457,0.001306
82256.471958,0.000000
82256.474459,0.000000
82256.476960,0.028511
82256.479461,0.000000
82256.481962,0.004316
82256.484463,0.000000
82256.486964,0.000000
82256.489465,0.010699
82256.491966,0.004570
82256.494467,0.000000
82256.496968,0.000000
82256.499469,0.004540
82256.501970,0.024528
82256.504471,0.000000
82256.506972,0.027458
82256.509473,0.017229
82256.511974,0.019669
82256.514475,0.004430
82256.516976,0.016822
82256.519477,0.000000
82256.521978,0.000000
82256.524479,0.011000
82256.526980,0.004249
82256.529481,0.000000
82256.531983,0.000000
82256.534484,0.000000
82256.536985,0.000000
82256.539486,0.007089
82256.541987,0.000000
82256.544488,0.000000
82256.546989,0.037962
82256.549490,0.014912
82256.551991,0.015166
82256.554492,0.031632
82256.556993,0.011522
82256.559494,0.000000
82256.561995,0.000000
82256.564496,0.013859
82256.566997,0.000000
82256.569498,0.000000
82256.571999,0.000000
82256.574500,0.001420
82256.577001,0.012267
82256.579502,0.004013
82256.582003,0.013475
82256.584504,0.028222
82256.587005,0.000000
82256.589506,0.040328
82256.592007,0.003055
82256.594508,0.013633
82256.597009,0.000000
82256.599511,0.023259
82256.602012,0.014963
82256.604513,0.021135
82256.607014,0.000783
82256.609515,0.000000
82256.612016,0.006613
82256.614517,0.000000
82256.617018,0.000000
82256.619519,0.002745
82256.622020,0.034145
82256.624521,0.004575
82256.627022,0.002004
82256.629523,0.000000
82256.632024,0.000000
82256.634525,0.001233
82256.637026,0.001478
82256.639527,0.000000
82256.642028,0.000000
82256.644529,0.000000
82256.647030,0.000933
82256.649531,0.000000
82256.652032,0.000000
82256.654533,0.004155
82256.657034,0.007740
82256.659535,0.001742
82256.662036,0.000000
82256.664537,0.008544
82256.667039,0.000000
82256.669540,0.000000
82256.672041,0.014884
82256.674542,0.005078
82256.677043,0.000000
82256.679544,0.000000
82256.682045,0.000000
82256.684546,0.028994
82256.687047,0.000000
82256.689548,0.000000
82256.692049,0.000000
82256.694550,0.004603
82256.697051,0.000000
82256.699552,0.002502
82256.702053,0.000000
82256.704554,0.001399
82256.707055,0.000000
82256.709556,0.000000
82256.712057,0.011991
82256.714558,0.000000
82256.717059,0.006804
82256.719560,0.007280
82256.722061,0.018241
82256.724562,0.000000
82256.727063,0.013200
82256.729564,0.000236
82256.732065,0.000000
82256.734567,0.000000
82256.737068,0.008713
82256.739569,0.000000
82256.742070,0.007438
82256.744571,0.027690
82256.747072,0.014076
82256.749573,0.019986
82256.752074,0.000000
82256.754575,0.010956
82256.757076,0.000000
82256.759577,0.000000
82256.762078,0.025011
82256.764579,0.000000
82256.767080,0.015963
82256.769581,0.014588
82256.772082,0.015437
82256.774583,0.000000
82256.777084,0.007544
82256.779585,0.000000
82256.782086,0.015635
82256.784587,0.000000
82256.787088,0.005283
82256.789589,0.003252
82256.792090,0.000000
82256.794591,0.000000
82256.797092,0.000000
82256.799593,0.000000
82256.802095,0.007889
82256.804596,0.002806
82256.807097,0.002433
82256.809598,0.000000
82256.812099,0.016094
82256.814600,0.000000
82256.817101,0.000484
82256.819602,0.013507
82256.822103,0.000000
82256.824604,0.003283
82256.827105,0.006082
82256.829606,0.000000
82256.832107,0.009370
82256.834608,0.006853
82256.837109,0.000000
82256.839610,0.000000
82256.842111,0.007520
82256.844612,0.011325
82256.847113,0.000903
82256.849614,0.016090
82256.852115,0.009459
82256.854616,0.000000
82256.857117,0.000000
82256.859618,0.016981
82256.862119,0.000000
82256.864620,0.002358
82256.867121,0.016364
82256.869623,0.000000
82256.872124,0.000535
82256.874625,0.000000
82256.877126,0.005314
82256.879627,0.008424
82256.882128,0.000000
82256.884629,0.000000
82256.887130,0.037723
82256.889631,0.000000
82256.892132,0.000000
82256.894633,0.010149
82256.897134,0.000000
82256.899635,0.000000
82256.902136,0.006938
82256.904637,0.000000
82256.907138,0.022644
82256.909639,0.007103
82256.912140,0.000000
82256.914641,0.001571
82256.917142,0.012974
82256.919643,0.002671
82256.922144,0.030481
82256.924645,0.016315
82256.927146,0.007004
82256.929647,0.000000
82256.932148,0.000000
82256.934649,0.006878
82256.937151,0.000000
82256.939652,0.018578
82256.942153,0.000000
82256.944654,0.000000
82256.947155,0.000000
82256.949656,0.010684
82256.952157,0.000000
82256.954658,0.000000
82256.957159,0.015628
82256.959660,0.000000
82256.962161,0.000000
82256.964662,0.000000
82256.967163,0.024659
82256.969664,0.000000
82256.972165,0.000000
82256.974666,0.000000
82256.977167,0.000000
82256.979668,0.000000
82256.982169,0.000000
82256.984670,0.013730
82256.987171,0.001449
82256.989672,0.035660
82256.992173,0.000000
82256.994674,0.000000
82256.997175,0.022030
82256.999676,0.015196
82257.002177,0.005527
82257.004678,0.000000
82257.007180,0.025064
82257.009681,0.000000
82257.012182,0.000000
82257.014683,0.016417
82257.017184,0.000000
82257.019685,0.000000
82257.022186,0.000579
82257.024687,0.000000
82257.027188,0.000000
82257.029689,0.000000
82257.032190,0.000000
82257.034691,0.000000
82257.037192,0.008263
82257.039693,0.000000
82257.042194,0.006872
82257.044695,0.000000
82257.047196,0.013060
82257.049697,0.000000
82257.052198,0.000000
82257.054699,0.017771
82257.057200,0.000000
82257.059701,0.025236
82257.062202,0.008110
82257.064703,0.011351
82257.067204,0.015017
82257.069705,0.001618
82257.072206,0.001782
82257.074708,0.018405
82257.077209,0.001600
82257.079710,0.000000
82257.082211,0.008414
82257.084712,0.000000
82257.087213,0.018954
82257.089714,0.019253
82257.092215,0.017210
82257.094716,0.016658
82257.097217,0.000000
82257.099718,0.000000
82257.102219,0.000000
82257.104720,0.025108
82257.107221,0.000000
82257.109722,0.004882
82257.112223,0.003649
82257.114724,0.000000
82257.117225,0.000000
82257.119726,0.000080
82257.122227,0.000000
82257.124728,0.000000
82257.127229,0.015303
82257.129730,0.003231
82257.132231,0.010895
82257.134732,0.006396
82257.137233,0.000000
82257.139734,0.000000
82257.142236,0.003802
82257.144737,0.001205
82257.147238,0.013145
82257.149739,0.000000
82257.152240,0.000000
82257.154741,0.000000
82257.157242,0.000000
82257.159743,0.020783
82257.162244,0.016369
82257.164745,0.000000
82257.167246,0.011548
82257.169747,0.000000
82257.172248,0.014152
82257.174749,0.000000
82257.177250,0.005169
82257.179751,0.000000
82257.182252,0.000000
82257.184753,0.006732
82257.187254,0.000000
82257.189755,0.000000
82257.192256,0.020050
82257.194757,0.031757
82257.197258,0.013459
82257.199759,0.000000
82257.202260,0.025330
82257.204761,0.000000
82257.207262,0.000000
82257.209764,0.000787
82257.212265,0.027636
82257.214766,0.013109
82257.217267,0.000000
82257.219768,0.000000
82257.222269,0.014395
82257.224770,0.000000
82257.227271,0.003113
82257.229772,0.000000
82257.232273,0.008177
82257.234774,0.007019
82257.237275,0.000000
82257.239776,0.014818
82257.242277,0.007968
82257.244778,0.010629
82257.247279,0.000000
82257.249780,0.002570
82257.252281,0.000910
82257.254782,0.000000
82257.257283,0.002449
82257.259784,0.018047
82257.262285,0.015440
82257.264786,0.000000
82257.267287,0.014154
82257.269788,0.017109
82257.272289,0.000000
82257.274790,0.007303
82257.277292,0.007096
82257.279793,0.000000
82257.282294,0.000000
82257.284795,0.010784
82257.287296,0.000000
82257.289797,0.014012
82257.292298,0.018744
82257.294799,0.016427
82257.297300,0.028437
82257.299801,0.000000
82257.302302,0.002545
82257.304803,0.004606
82257.307304,0.000000
82257.309805,0.007788
82257.312306,0.000000
82257.314807,0.002943
82257.317308,0.000000
82257.319809,0.000000
82257.322310,0.010527
82257.324811,0.000000
82257.327312,0.010020
82257.329813,0.000000
82257.332314,0.015892
82257.334815,0.000000
82257.337316,0.000000
82257.339817,0.003237
82257.342318,0.000000
82257.344820,0.000000
82257.347321,0.000000
82257.349822,0.000000
82257.352323,0.000000
82257.354824,0.000000
82257.357325,0.000000
82257.359826,0.022146
82257.362327,0.000000
82257.364828,0.000000
82257.367329,0.000000
82257.369830,0.000000
82257.372331,0.000000
82257.374832,0.010203
82257.377333,0.000000
82257.379834,0.000000
82257.382335,0.006410
82257.384836,0.016517
82257.387337,0.007711
82257.389838,0.000000
82257.392339,0.000000
82257.394840,0.000682
82257.397341,0.000000
82257.399842,0.000000
82257.402343,0.000000
82257.404844,0.000000
82257.407345,0.028839
82257.409846,0.000389
82257.412347,0.009223
82257.414849,0.000090
82257.417350,0.000666
82257.419851,0.000000
82257.422352,0.000000
82257.424853,0.000000
82257.427354,0.005548
82257.429855,0.002698
82257.432356,0.013477
82257.434857,0.010562
82257.437358,0.000000
82257.439859,0.016268
82257.442360,0.010988
82257.444861,0.009923
82257.447362,0.032308
82257.449863,0.029358
82257.452364,0.009910
82257.454865,0.008118
82257.457366,0.015536
82257.459867,0.000000
82257.462368,0.000000
82257.464869,0.009673
82257.467370,0.000000
82257.469871,0.008514
82257.472372,0.002253
82257.474873,0.000000
82257.477374,0.000372
82257.479875,0.018746
82257.482377,0.001183
82257.484878,0.001243
82257.487379,0.004725
82257.489880,0.006596
82257.492381,0.000000
82257.494882,0.005031
82257.497383,0.000000
82257.499884,0.000000
82257.502385,0.000000
82257.504886,0.006747
82257.507387,0.002302
82257.509888,0.000000
82257.512389,0.009922
82257.514890,0.005442
82257.517391,0.000000
82257.519892,0.000000
82257.522393,0.000000
82257.524894,0.000000
82257.527395,0.002019
82257.529896,0.000000
82257.532397,0.000000
82257.534898,0.000000
82257.537399,0.014995
82257.539900,0.013341
82257.542401,0.000000
82257.544902,0.018178
82257.547403,0.000000
82257.549905,0.027191
82257.552406,0.011997
82257.554907,0.014516
82257.557408,0.045822
82257.559909,0.180031
82257.562410,0.427363
82257.564911,0.673913
82257.567412,0.756011
82257.569913,0.581918
82257.572414,0.318987
82257.574915,0.134608
82257.577416,0.048010
82257.579917,0.007369
82257.582418,0.022305
82257.584919,0.000578
82257.587420,0.000000
82257.589921,0.009632
82257.592422,0.017512
82257.594923,0.000000
82257.597424,0.000000
82257.599925,0.000000
82257.602426,0.045374
82257.604927,0.000000
82257.607428,0.000000
82257.609929,0.008882
82257.612430,0.014032
82257.614931,0.002439
82257.617433,0.016724
82257.619934,0.000000
82257.622435,0.000000
82257.624936,0.016697
82257.627437,0.000157
82257.629938,0.000000
82257.632439,0.000000
82257.634940,0.000000
82257.637441,0.000031
82257.639942,0.006713
82257.642443,0.000000
82257.644944,0.005530
82257.647445,0.000000
82257.649946,0.017580
82257.652447,0.036653
82257.654948,0.000000
82257.657449,0.006894
82257.659950,0.005723
82257.662451,0.001992
82257.664952,0.009383
82257.667453,0.006878
82257.669954,0.000000
82257.672455,0.018910
82257.674956,0.002897
82257.677457,0.000000
82257.679958,0.035093
82257.682459,0.000000
82257.684961,0.003662
82257.687462,0.002520
82257.689963,0.000000
82257.692464,0.006444
82257.694965,0.000000
82257.697466,0.008568
82257.699967,0.000000
82257.702468,0.000000
82257.704969,0.026224
82257.707470,0.000000
82257.709971,0.000000
82257.712472,0.000000
82257.714973,0.024993
82257.717474,0.000000
82257.719975,0.000000
82257.722476,0.000000
82257.724977,0.000000
82257.727478,0.000000
82257.729979,0.000000
82257.732480,0.026661
82257.734981,0.000000
82257.737482,0.000000
82257.739983,0.004864
82257.742484,0.000000
82257.744985,0.006989
82257.747486,0.000000
82257.749987,0.005376
82257.752489,0.000000
82257.754990,0.000000
82257.757491,0.018760
82257.759992,0.029739
82257.762493,0.000000
82257.764994,0.000000
82257.767495,0.021632
82257.769996,0.027153
82257.772497,0.000000
82257.774998,0.000000
82257.777499,0.000000
82257.780000,0.000000
82257.782501,0.000000
82257.785002,0.024633
82257.787503,0.000000
82257.790004,0.000000
82257.792505,0.007134
82257.795006,0.000000
82257.797507,0.000000
82257.800008,0.000000
82257.802509,0.000000
82257.805010,0.010595
82257.807511,0.001664
82257.810012,0.000000
82257.812513,0.001717
82257.815014,0.000000
82257.817515,0.000000
82257.820017,0.016720
82257.822518,0.011245
82257.825019,0.000000
82257.827520,0.002073
82257.830021,0.000000
82257.832522,0.006995
82257.835023,0.000000
82257.837524,0.012389
82257.840025,0.005078
82257.842526,0.000000
82257.845027,0.000000
82257.847528,0.012082
82257.850029,0.000000
82257.852530,0.000000
82257.855031,0.000000
82257.857532,0.011048
82257.860033,0.000000
82257.862534,0.000000
82257.865035,0.015377
82257.867536,0.000000
82257.870037,0.003919
82257.872538,0.015610
82257.875039,0.012817
82257.877540,0.000000
82257.880041,0.000000
82257.882542,0.012996
82257.885043,0.013494
82257.887544,0.000000
82257.890046,0.000000
82257.892547,0.003845
82257.895048,0.019634
82257.897549,0.015334
82257.900050,0.009959
82257.902551,0.000000
82257.905052,0.000000
82257.907553,0.000000
82257.910054,0.020374
82257.912555,0.000000
82257.915056,0.018004
82257.917557,0.000000
82257.920058,0.000000
82257.922559,0.006915
82257.925060,0.022524
82257.927561,0.000000
82257.930062,0.000000
82257.932563,0.000000
82257.935064,0.004280
82257.937565,0.000000
82257.940066,0.000000
82257.942567,0.000177
82257.945068,0.000000
82257.947569,0.000000
82257.950070,0.000000
82257.952571,0.000000
82257.955072,0.000000
82257.957574,0.000000
82257.960075,0.006743
82257.962576,0.017186
82257.965077,0.000000
82257.967578,0.000000
82257.970079,0.000000
82257.972580,0.000000
82257.975081,0.000000
82257.977582,0.000000
82257.980083,0.000000
82257.982584,0.023441
82257.985085,0.000000
82257.987586,0.000000
82257.990087,0.000000
82257.992588,0.000000
82257.995089,0.000854
82257.997590,0.000000
82258.000091,0.000803
82258.002592,0.000000
82258.005093,0.000000
82258.007594,0.000000
82258.010095,0.000000
82258.012596,0.014635
82258.015097,0.026051
82258.017598,0.000000
82258.020099,0.000000
82258.022600,0.007188
82258.025102,0.021448
82258.027603,0.000000
82258.030104,0.009949
82258.032605,0.000000
82258.035106,0.004738
82258.037607,0.013941
82258.040108,0.000000
82258.042609,0.000000
82258.045110,0.013714
82258.047611,0.008850
82258.050112,0.014880
82258.052613,0.012187
82258.055114,0.000000
82258.057615,0.031588
82258.060116,0.001967
82258.062617,0.000000
82258.065118,0.000000
82258.067619,0.000000
82258.070120,0.011423
82258.072621,0.000000
82258.075122,0.015785
82258.077623,0.008016
82258.080124,0.000000
82258.082625,0.000000
82258.085126,0.000000
82258.087627,0.002654
82258.090128,0.000000
82258.092630,0.001069
82258.095131,0.000000
82258.097632,0.000000
82258.100133,0.029459
82258.102634,0.000000
82258.105135,0.000000
82258.107636,0.014591
82258.110137,0.014478
82258.112638,0.000000
82258.115139,0.000000
82258.117640,0.006260
82258.120141,0.007529
82258.122642,0.000000
82258.125143,0.000256
82258.127644,0.000000
82258.130145,0.000000
82258.132646,0.029438
82258.135147,0.000000
82258.137648,0.002535
82258.140149,0.000000
82258.142650,0.012887
82258.145151,0.001650
82258.147652,0.002204
82258.150153,0.000000
82258.152654,0.000000
82258.155155,0.010696
82258.157656,0.009403
82258.160158,0.000000
82258.162659,0.000000
82258.165160,0.001818
82258.167661,0.000000
82258.170162,0.000000
82258.172663,0.025282
82258.175164,0.020756
82258.177665,0.006999
82258.180166,0.004414
82258.182667,0.000000
82258.185168,0.000000
82258.187669,0.000000
82258.190170,0.000000
82258.192671,0.000000
82258.195172,0.018661
82258.197673,0.000000
82258.200174,0.000000
82258.202675,0.010622
82258.205176,0.000000
82258.207677,0.000000
82258.210178,0.000000
82258.212679,0.000798
82258.215180,0.000000
82258.217681,0.000000
82258.220182,0.000000
82258.222683,0.000000
82258.225184,0.008749
82258.227686,0.000000
82258.230187,0.008891
82258.232688,0.000000
82258.235189,0.000000
82258.237690,0.000000
82258.240191,0.000000
82258.242692,0.010835
82258.245193,0.000000
82258.247694,0.010726
82258.250195,0.005386
82258.252696,0.000000
82258.255197,0.000000
82258.257698,0.010871
82258.260199,0.000000
82258.262700,0.000000
82258.265201,0.000000
82258.267702,0.000000
82258.270203,0.000000
82258.272704,0.000000
82258.275205,0.000000
82258.277706,0.020164
82258.280207,0.000000
82258.282708,0.000000
82258.285209,0.000000
82258.287710,0.015737
82258.290211,0.027767
82258.292712,0.002296
82258.295214,0.000000
82258.297715,0.000000
82258.300216,0.000000
82258.302717,0.000000
82258.305218,0.000000
82258.307719,0.000000
82258.310220,0.015496
82258.312721,0.006077
82258.315222,0.000000
82258.317723,0.015935
82258.320224,0.000000
82258.322725,0.000000
82258.325226,0.000000
82258.327727,0.011122
82258.330228,0.000000
82258.332729,0.000225
82258.335230,0.014401
82258.337731,0.019690
82258.340232,0.000000
82258.342733,0.005519
82258.345234,0.000000
82258.347735,0.024179
82258.350236,0.000000
82258.352737,0.001153
82258.355238,0.000000
82258.357739,0.017225
82258.360240,0.002867
82258.362741,0.010930
82258.365243,0.005084
82258.367744,0.000000
82258.370245,0.013350
82258.372746,0.004960
82258.375247,0.000000
82258.377748,0.000000
82258.380249,0.002138
82258.382750,0.013034
82258.385251,0.023548
82258.387752,0.000000
82258.390253,0.000369
82258.392754,0.007033
82258.395255,0.004247
82258.397756,0.014498
82258.400257,0.009416
82258.402758,0.000000
82258.405259,0.000000
82258.407760,0.004488
82258.410261,0.014227
82258.412762,0.002060
82258.415263,0.000000
82258.417764,0.000000
82258.420265,0.009933
82258.422766,0.000000
82258.425267,0.001694
82258.427768,0.015303
82258.430269,0.000000
82258.432771,0.000000
82258.435272,0.000000
82258.437773,0.005105
82258.440274,0.011101
82258.442775,0.000000
82258.445276,0.000000
82258.447777,0.012487
82258.450278,0.000000
82258.452779,0.000000
82258.455280,0.000000
82258.457781,0.000000
82258.460282,0.000000
82258.462783,0.020005
82258.465284,0.000000
82258.467785,0.000000
82258.470286,0.004715
82258.472787,0.000000
82258.475288,0.000000
82258.477789,0.021694
82258.480290,0.025979
82258.482791,0.000000
82258.485292,0.015331
82258.487793,0.005114
82258.490294,0.000000
82258.492795,0.000000
82258.495296,0.022279
82258.497797,0.000000
82258.500299,0.032763
82258.502800,0.000000
82258.505301,0.022706
82258.507802,0.000000
82258.510303,0.011489
82258.512804,0.020038
82258.515305,0.019965
82258.517806,0.000000
82258.520307,0.000000
82258.522808,0.000000
82258.525309,0.000000
82258.527810,0.003437
82258.530311,0.000000
82258.532812,0.015552
82258.535313,0.000000
82258.537814,0.000000
82258.540315,0.020122
82258.542816,0.002634
82258.545317,0.000418
82258.547818,0.015719
82258.550319,0.012519
82258.552820,0.000000
82258.555321,0.000000
82258.557822,0.000000
82258.560323,0.000000
82258.562824,0.008311
82258.565325,0.005633
82258.567827,0.010928
82258.570328,0.018408
82258.572829,0.011124
82258.575330,0.012402
82258.577831,0.000000
82258.580332,0.000000
82258.582833,0.013855
82258.585334,0.000000
82258.587835,0.001317
82258.590336,0.007461
82258.592837,0.006361
82258.595338,0.005297
82258.597839,0.008603
82258.600340,0.002596
82258.602841,0.000000
82258.605342,0.007282
82258.607843,0.004090
82258.610344,0.000000
82258.612845,0.019818
82258.615346,0.007668
82258.617847,0.000000
82258.620348,0.000000
82258.622849,0.000000
82258.625350,0.000000
82258.627851,0.004209
82258.630352,0.000000
82258.632853,0.016204
82258.635355,0.015021
82258.637856,0.008896
82258.640357,0.000635
82258.642858,0.013465
82258.645359,0.000000
82258.647860,0.000000
82258.650361,0.017094
82258.652862,0.004561
82258.655363,0.000000
82258.657864,0.000000
82258.660365,0.000000
82258.662866,0.029046
82258.665367,0.000059
82258.667868,0.002266
82258.670369,0.010359
82258.672870,0.000000
82258.675371,0.015750
82258.677872,0.000000
82258.680373,0.026285
82258.682874,0.000000
82258.685375,0.014904
82258.687876,0.000000
82258.690377,0.000000
82258.692878,0.000000
82258.695379,0.000000
82258.697880,0.008631
82258.700381,0.004495
82258.702883,0.000000
82258.705384,0.000000
82258.707885,0.011584
82258.710386,0.000000
82258.712887,0.000000
82258.715388,0.000000
82258.717889,0.000341
82258.720390,0.000000
82258.722891,0.012773
82258.725392,0.006854
82258.727893,0.010006
82258.730394,0.000000
82258.732895,0.002080
82258.735396,0.000000
82258.737897,0.021001
82258.740398,0.002505
82258.742899,0.000000
82258.745400,0.012245
82258.747901,0.008091
82258.750402,0.000000
82258.752903,0.000000
82258.755404,0.000000
82258.757905,0.017631
82258.760406,0.002919
82258.762907,0.010439
82258.765408,0.000000
82258.767909,0.004809
82258.770411,0.018721
82258.772912,0.000000
82258.775413,0.001654
82258.777914,0.000000
82258.780415,0.000000
82258.782916,0.000000
82258.785417,0.000000
82258.787918,0.018988
82258.790419,0.000000
82258.792920,0.011301
82258.795421,0.002684
82258.797922,0.000443
82258.800423,0.021347
82258.802924,0.000000
82258.805425,0.000000
82258.807926,0.000000
82258.810427,0.000000
82258.812928,0.000000
82258.815429,0.000248
82258.817930,0.000000
82258.820431,0.012879
82258.822932,0.000000
82258.825433,0.000000
82258.827934,0.000000
82258.830435,0.000000
82258.832936,0.000000
82258.835437,0.000000
82258.837938,0.014208
82258.840440,0.000000
82258.842941,0.000000
82258.845442,0.006168
82258.847943,0.004578
82258.850444,0.000000
82258.852945,0.010844
82258.855446,0.007723
82258.857947,0.002556
82258.860448,0.000000
82258.862949,0.000000
82258.865450,0.000000
82258.867951,0.000000
82258.870452,0.000000
82258.872953,0.012814
82258.875454,0.012588
82258.877955,0.000000
82258.880456,0.015284
82258.882957,0.027376
82258.885458,0.000000
82258.887959,0.009933
82258.890460,0.000000
82258.892961,0.000000
82258.895462,0.001309
82258.897963,0.000000
82258.900464,0.029290
82258.902965,0.008588
82258.905466,0.013873
82258.907968,0.000000
82258.910469,0.000000
82258.912970,0.000000
82258.915471,0.003654
82258.917972,0.000000
82258.920473,0.009641
82258.922974,0.010218
82258.925475,0.000072
82258.927976,0.000000
82258.930477,0.024630
82258.932978,0.000000
82258.935479,0.038915
82258.937980,0.009373
82258.940481,0.000000
82258.942982,0.006432
82258.945483,0.000000
82258.947984,0.014739
82258.950485,0.036870
82258.952986,0.000000
82258.955487,0.000000
82258.957988,0.000000
82258.960489,0.012571
82258.962990,0.030249
82258.965491,0.005500
82258.967992,0.030764
82258.970493,0.002448
82258.972994,0.006484
82258.975496,0.004715
82258.977997,0.017528
82258.980498,0.000000
82258.982999,0.011753
82258.985500,0.000000
82258.988001,0.000000
82258.990502,0.000000
82258.993003,0.001263
82258.995504,0.000000
82258.998005,0.016261
82259.000506,0.000000
82259.003007,0.000000
82259.005508,0.000000
82259.008009,0.014280
82259.010510,0.000000
82259.013011,0.005714
82259.015512,0.000000
82259.018013,0.011839
82259.020514,0.000000
82259.023015,0.039706
82259.025516,0.027264
82259.028017,0.000000
82259.030518,0.000000
82259.033019,0.044991
82259.035520,0.000000
82259.038021,0.000000
82259.040522,0.000322
82259.043024,0.000000
82259.045525,0.000000
82259.048026,0.007133
82259.050527,0.000000
82259.053028,0.020626
82259.055529,0.000000
82259.058030,0.000854
82259.060531,0.000000
82259.063032,0.000000
82259.065533,0.000000
82259.068034,0.000000
82259.070535,0.021053
82259.073036,0.000000
82259.075537,0.018564
82259.078038,0.000000
82259.080539,0.008706
82259.083040,0.000000
82259.085541,0.000000
82259.088042,0.000000
82259.090543,0.004823
82259.093044,0.003764
82259.095545,0.011165
82259.098046,0.003087
82259.100547,0.029103
82259.103048,0.002528
82259.105549,0.014246
82259.108050,0.000000
82259.110552,0.000000
82259.113053,0.010309
82259.115554,0.000000
82259.118055,0.011951
82259.120556,0.005069
82259.123057,0.000000
82259.125558,0.015431
82259.128059,0.000000
82259.130560,0.008982
82259.133061,0.018408
82259.135562,0.000000
82259.138063,0.016604
82259.140564,0.005711
82259.143065,0.012237
82259.145566,0.000000
82259.148067,0.003078
82259.150568,0.000000
82259.153069,0.024580
82259.155570,0.000000
82259.158071,0.000000
82259.160572,0.000000
82259.163073,0.009691
82259.165574,0.027635
82259.168075,0.009407
82259.170576,0.042534
82259.173077,0.000000
82259.175578,0.000000
82259.178080,0.000000
82259.180581,0.001742
82259.183082,0.000000
82259.185583,0.000000
82259.188084,0.008912
82259.190585,0.000000
82259.193086,0.000000
82259.195587,0.000000
82259.198088,0.000000
82259.200589,0.014507
82259.203090,0.000000
82259.205591,0.000000
82259.208092,0.008355
82259.210593,0.011511
82259.213094,0.020522
82259.215595,0.006738
82259.218096,0.001872
82259.220597,0.008260
82259.223098,0.000000
82259.225599,0.000000
82259.228100,0.000000
82259.230601,0.012833
82259.233102,0.003037
82259.235603,0.011161
82259.238104,0.000000
82259.240605,0.000000
82259.243106,0.000000
82259.245608,0.021565
82259.248109,0.008822
82259.250610,0.003364
82259.253111,0.000000
82259.255612,0.005705
82259.258113,0.000000
82259.260614,0.000000
82259.263115,0.000000
82259.265616,0.032555
82259.268117,0.021114
82259.270618,0.015269
82259.273119,0.000000
82259.275620,0.012412
82259.278121,0.002696
82259.280622,0.017573
82259.283123,0.004631
82259.285624,0.000000
82259.288125,0.003358
82259.290626,0.000000
82259.293127,0.000000
82259.295628,0.005362
82259.298129,0.016366
82259.300630,0.000000
82259.303131,0.000000
82259.305632,0.000000
82259.308133,0.020961
82259.310634,0.015997
82259.313135,0.009366
82259.315637,0.005843
82259.318138,0.022300
82259.320639,0.000000
82259.323140,0.000000
82259.325641,0.015247
82259.328142,0.014282
82259.330643,0.000000
82259.333144,0.000000
82259.335645,0.024261
82259.338146,0.005913
82259.340647,0.011306
82259.343148,0.000000
82259.345649,0.009432
82259.348150,0.000000
82259.350651,0.000000
82259.353152,0.010440
82259.355653,0.020604
82259.358154,0.000000
82259.360655,0.000000
82259.363156,0.024574
82259.365657,0.000000
82259.368158,0.000000
82259.370659,0.024331
82259.373160,0.000000
82259.375661,0.000000
82259.378162,0.011714
82259.380663,0.000000
82259.383165,0.000000
82259.385666,0.000000
82259.388167,0.002663
82259.390668,0.000978
82259.393169,0.013904
82259.395670,0.012313
82259.398171,0.007922
82259.400672,0.005663
82259.403173,0.000000
82259.405674,0.008755
82259.408175,0.000000
82259.410676,0.000000
82259.413177,0.016693
82259.415678,0.009741
82259.418179,0.000000
82259.420680,0.020702
82259.423181,0.019331
82259.425682,0.109356
82259.428183,0.326135
82259.430684,0.685062
82259.433185,0.934832
82259.435686,0.946553
82259.438187,0.681070
82259.440688,0.320964
82259.443189,0.110005
82259.445690,0.000000
82259.448191,0.013969
82259.450693,0.000000
82259.453194,0.000000
82259.455695,0.000000
82259.458196,0.000000
82259.460697,0.000000
82259.463198,0.027899
82259.465699,0.000000
82259.468200,0.000000
82259.470701,0.001536
82259.473202,0.000000
82259.475703,0.003047
82259.478204,0.000000
82259.480705,0.021978
82259.483206,0.000000
82259.485707,0.000000
82259.488208,0.000000
82259.490709,0.005551
82259.493210,0.000000
82259.495711,0.010803
82259.498212,0.007207
82259.500713,0.000000
82259.503214,0.000000
82259.505715,0.000000
82259.508216,0.027066
82259.510717,0.009923
82259.513218,0.027171
82259.515719,0.012077
82259.518221,0.000000
82259.520722,0.000000
82259.523223,0.002895
82259.525724,0.000000
82259.528225,0.000000
82259.530726,0.000000
82259.533227,0.000000
82259.535728,0.018110
82259.538229,0.000000
82259.540730,0.000000
82259.543231,0.006920
82259.545732,0.000000
82259.548233,0.008074
82259.550734,0.012664
82259.553235,0.014646
82259.555736,0.000000
82259.558237,0.000000
82259.560738,0.000000
82259.563239,0.000000
82259.565740,0.000000
82259.568241,0.000000
82259.570742,0.000000
82259.573243,0.000000
82259.575744,0.000000
82259.578245,0.000000
82259.580746,0.000000
82259.583247,0.011930
82259.585749,0.025454
82259.588250,0.013826
82259.590751,0.000000
82259.593252,0.000000
82259.595753,0.022126
82259.598254,0.000000
82259.600755,0.011241
82259.603256,0.000000
82259.605757,0.024189
82259.608258,0.000000
82259.610759,0.032017
82259.613260,0.024821
82259.615761,0.000000
82259.618262,0.000000
82259.620763,0.002798
82259.623264,0.000000
82259.625765,0.000000
82259.628266,0.000000
82259.630767,0.000000
82259.633268,0.000000
82259.635769,0.007924
82259.638270,0.014235
82259.640771,0.010639
82259.643272,0.004918
82259.645773,0.000000
82259.648274,0.002950
82259.650775,0.011387
82259.653277,0.000000
82259.655778,0.001709
82259.658279,0.000000
82259.660780,0.023877
82259.663281,0.012231
82259.665782,0.008750
82259.668283,0.000000
82259.670784,0.002483
82259.673285,0.000000
82259.675786,0.000000
82259.678287,0.000000
82259.680788,0.000000
82259.683289,0.000000
82259.685790,0.016006
82259.688291,0.000000
82259.690792,0.000000
82259.693293,0.025583
82259.695794,0.000000
82259.698295,0.000000
82259.700796,0.000000
82259.703297,0.000000
82259.705798,0.008213
82259.708299,0.000000
82259.710800,0.000000
82259.713301,0.006383
82259.715802,0.027902
82259.718303,0.000000
82259.720805,0.012424
82259.723306,0.012478
82259.725807,0.000000
82259.728308,0.008611
82259.730809,0.023606
82259.733310,0.000000
82259.735811,0.003468
82259.738312,0.005814
82259.740813,0.007673
82259.743314,0.011050
82259.745815,0.002389
82259.748316,0.007375
82259.750817,0.000000
82259.753318,0.002356
82259.755819,0.000000
82259.758320,0.000000
82259.760821,0.000000
82259.763322,0.003870
82259.765823,0.006260
82259.768324,0.000000
82259.770825,0.000000
82259.773326,0.010409
82259.775827,0.007299
82259.778328,0.012742
82259.780829,0.019647
82259.783330,0.007726
82259.785831,0.000000
82259.788332,0.001650
82259.790834,0.023842
82259.793335,0.039707
82259.795836,0.006652
82259.798337,0.007692
82259.800838,0.010424
82259.803339,0.000342
82259.805840,0.016717
82259.808341,0.014479
82259.810842,0.005090
82259.813343,0.000000
82259.815844,0.000000
82259.818345,0.010520
82259.820846,0.003057
82259.823347,0.000000
82259.825848,0.000000
82259.828349,0.009501
82259.830850,0.000000
82259.833351,0.004304
82259.835852,0.012116
82259.838353,0.007898
82259.840854,0.000000
82259.843355,0.000000
82259.845856,0.008432
82259.848357,0.017244
82259.850858,0.000000
82259.853359,0.007281
82259.855860,0.022716
82259.858362,0.004867
82259.860863,0.000000
82259.863364,0.014950
82259.865865,0.000000
82259.868366,0.000000
82259.870867,0.011668
82259.873368,0.000000
82259.875869,0.000000
82259.878370,0.000000
82259.880871,0.000000
82259.883372,0.020153
82259.885873,0.023879
82259.888374,0.025782
82259.890875,0.015658
82259.893376,0.006697
82259.895877,0.000000
82259.898378,0.000000
82259.900879,0.030979
82259.903380,0.000000
82259.905881,0.021748
82259.908382,0.000791
82259.910883,0.000000
82259.913384,0.009200
82259.915885,0.018188
82259.918386,0.000000
82259.920887,0.017711
82259.923388,0.000000
82259.925890,0.000000
82259.928391,0.002943
82259.930892,0.006853
82259.933393,0.019485
82259.935894,0.009177
82259.938395,0.000000
82259.940896,0.003060
82259.943397,0.008629
82259.945898,0.000000
82259.948399,0.000000
82259.950900,0.000000
82259.953401,0.000000
82259.955902,0.007164
82259.958403,0.000000
82259.960904,0.005988
82259.963405,0.008036
82259.965906,0.015567
82259.968407,0.000000
82259.970908,0.000000
82259.973409,0.004006
82259.975910,0.000000
82259.978411,0.041692
82259.980912,0.006586
82259.983413,0.000835
82259.985914,0.000000
82259.988415,0.000000
82259.990916,0.008099
82259.993418,0.000000
82259.995919,0.000000
82259.998420,0.001357
82260.000921,0.003177
82260.003422,0.000000
82260.005923,0.012023
82260.008424,0.000000
82260.010925,0.000000
82260.013426,0.018470
82260.015927,0.025559
82260.018428,0.000000
82260.020929,0.000434
82260.023430,0.003920
82260.025931,0.000000
82260.028432,0.011528
82260.030933,0.001670
82260.033434,0.002789
82260.035935,0.000000
82260.038436,0.005931
82260.040937,0.012040
82260.043438,0.001828
82260.045939,0.000000
82260.048440,0.000000
82260.050941,0.003166
82260.053442,0.000701
82260.055943,0.012996
82260.058444,0.000000
82260.060946,0.000000
82260.063447,0.005162
82260.065948,0.000000
82260.068449,0.011256
82260.070950,0.000108
82260.073451,0.009405
82260.075952,0.000000
82260.078453,0.002060
82260.080954,0.000000
82260.083455,0.000000
82260.085956,0.000000
82260.088457,0.000000
82260.090958,0.017878
82260.093459,0.000000
82260.095960,0.000000
82260.098461,0.001888
82260.100962,0.000419
82260.103463,0.000000
82260.105964,0.000000
82260.108465,0.014022
82260.110966,0.009634
82260.113467,0.008392
82260.115968,0.000000
82260.118469,0.041461
82260.120970,0.015100
82260.123471,0.007426
82260.125972,0.000000
82260.128474,0.013613
82260.130975,0.000000
82260.133476,0.000000
82260.135977,0.000000
82260.138478,0.000000
82260.140979,0.006299
82260.143480,0.014453
82260.145981,0.009838
82260.148482,0.009348
82260.150983,0.000000
82260.153484,0.000000
82260.155985,0.004150
82260.158486,0.011798
82260.160987,0.000070
82260.163488,0.017383
82260.165989,0.000000
82260.168490,0.000000
82260.170991,0.000000
82260.173492,0.001522
82260.175993,0.000000
82260.178494,0.018395
82260.180995,0.011567
82260.183496,0.000000
82260.185997,0.022039
82260.188498,0.000000
82260.190999,0.030896
82260.193500,0.000000
82260.196002,0.000000
82260.198503,0.000000
82260.201004,0.005533
82260.203505,0.000000
82260.206006,0.000000
82260.208507,0.018801
82260.211008,0.008124
82260.213509,0.000000
82260.216010,0.010639
82260.218511,0.007528
82260.221012,0.000000
82260.223513,0.011378
82260.226014,0.000000
82260.228515,0.000000
82260.231016,0.000000
82260.233517,0.000000
82260.236018,0.000000
82260.238519,0.010244
82260.241020,0.000000
82260.243521,0.000000
82260.246022,0.013856
82260.248523,0.000000
82260.251024,0.000000
82260.253525,0.031686
82260.256026,0.000000
82260.258527,0.012633
82260.261028,0.000000
82260.263529,0.001951
82260.266031,0.000000
82260.268532,0.000000
82260.271033,0.007501
82260.273534,0.005821
82260.276035,0.016441
82260.278536,0.000000
82260.281037,0.031892
82260.283538,0.003854
82260.286039,0.008141
82260.288540,0.000000
82260.291041,0.000000
82260.293542,0.007464
82260.296043,0.000000
82260.298544,0.002696
82260.301045,0.000000
82260.303546,0.001752
82260.306047,0.001703
82260.308548,0.000000
82260.311049,0.009229
82260.313550,0.000000
82260.316051,0.002646
82260.318552,0.025360
82260.321053,0.009775
82260.323554,0.009685
82260.326055,0.000000
82260.328556,0.025410
82260.331057,0.019775
82260.333559,0.000000
82260.336060,0.000000
82260.338561,0.018021
82260.341062,0.025799
82260.343563,0.000000
82260.346064,0.000000
82260.348565,0.000000
82260.351066,0.000000
82260.353567,0.000274
82260.356068,0.017031
82260.358569,0.000000
82260.361070,0.001826
82260.363571,0.000000
82260.366072,0.023555
82260.368573,0.000000
82260.371074,0.021818
82260.373575,0.000000
82260.376076,0.011077
82260.378577,0.003619
82260.381078,0.000000
82260.383579,0.000000
82260.386080,0.004641
82260.388581,0.000000
82260.391082,0.000000
82260.393583,0.021154
82260.396084,0.007864
82260.398585,0.009245
82260.401087,0.000000
82260.403588,0.000000
82260.406089,0.000000
82260.408590,0.004844
82260.411091,0.009219
82260.413592,0.000000
82260.416093,0.000000
82260.418594,0.010924
82260.421095,0.000480
82260.423596,0.000000
82260.426097,0.000000
82260.428598,0.004279
82260.431099,0.000000
82260.433600,0.006192
82260.436101,0.000000
82260.438602,0.001913
82260.441103,0.000000
82260.443604,0.025164
82260.446105,0.013650
82260.448606,0.019352
82260.451107,0.000345
82260.453608,0.011812
82260.456109,0.001316
82260.458610,0.021109
82260.461111,0.000000
82260.463612,0.000000
82260.466113,0.000000
82260.468615,0.023963
82260.471116,0.006873
82260.473617,0.007817
82260.476118,0.021397
82260.478619,0.000000
82260.481120,0.000000
82260.483621,0.000000
82260.486122,0.010662
82260.488623,0.000000
82260.491124,0.000000
82260.493625,0.000000
82260.496126,0.016510
82260.498627,0.000000
82260.501128,0.000000
82260.503629,0.009114
82260.506130,0.000000
82260.508631,0.000000
82260.511132,0.000000
82260.513633,0.000000
82260.516134,0.007143
82260.518635,0.000000
82260.521136,0.006183
82260.523637,0.000000
82260.526138,0.000000
82260.528639,0.032374
82260.531140,0.017707
82260.533641,0.011045
82260.536143,0.000000
82260.538644,0.000000
82260.541145,0.000000
82260.543646,0.018879
82260.546147,0.005785
82260.548648,0.007554
82260.551149,0.000000
82260.553650,0.011385
82260.556151,0.004342
82260.558652,0.000632
82260.561153,0.000000
82260.563654,0.000000
82260.566155,0.000000
82260.568656,0.000000
82260.571157,0.001277
82260.573658,0.000000
82260.576159,0.000000
82260.578660,0.000000
82260.581161,0.007162
82260.583662,0.009152
82260.586163,0.000000
82260.588664,0.007886
82260.591165,0.008490
82260.593666,0.000000
82260.596167,0.022038
82260.598668,0.000000
82260.601169,0.021134
82260.603671,0.000000
82260.606172,0.000000
82260.608673,0.000000
82260.611174,0.000000
82260.613675,0.011269
82260.616176,0.000000
82260.618677,0.019960
82260.621178,0.000000
82260.623679,0.012017
82260.626180,0.000348
82260.628681,0.003890
82260.631182,0.000000
82260.633683,0.005068
82260.636184,0.001939
82260.638685,0.000000
82260.641186,0.000000
82260.643687,0.000000
82260.646188,0.000000
82260.648689,0.017995
82260.651190,0.000101
82260.653691,0.000000
82260.656192,0.000000
82260.658693,0.000000
82260.661194,0.000000
82260.663695,0.000000
82260.666196,0.000000
82260.668697,0.011011
82260.671199,0.002662
82260.673700,0.000000
82260.676201,0.000038
82260.678702,0.000000
82260.681203,0.000000
82260.683704,0.007427
82260.686205,0.006365
82260.688706,0.000000
82260.691207,0.000000
82260.693708,0.000000
82260.696209,0.009129
82260.698710,0.011026
82260.701211,0.000000
82260.703712,0.000000
82260.706213,0.000000
82260.708714,0.013973
82260.711215,0.010193
82260.713716,0.016519
82260.716217,0.021352
82260.718718,0.000000
82260.721219,0.012755
82260.723720,0.021248
82260.726221,0.000000
82260.728722,0.000000
82260.731223,0.000000
82260.733724,0.012287
82260.736225,0.000000
82260.738726,0.026084
82260.741228,0.000000
82260.743729,0.013158
82260.746230,0.000000
82260.748731,0.007069
82260.751232,0.000000
82260.753733,0.000000
82260.756234,0.012177
82260.758735,0.004147
82260.761236,0.000000
82260.763737,0.000882
82260.766238,0.000000
82260.768739,0.000000
82260.771240,0.000000
82260.773741,0.008887
82260.776242,0.015987
82260.778743,0.030453
82260.781244,0.000000
82260.783745,0.011022
82260.786246,0.011967
82260.788747,0.000000
82260.791248,0.000000
82260.793749,0.000000
82260.796250,0.000000
82260.798751,0.002910
82260.801252,0.019536
82260.803753,0.015877
82260.806254,0.000000
82260.808756,0.000000
82260.811257,0.018667
82260.813758,0.000000
82260.816259,0.000000
82260.818760,0.000000
82260.821261,0.016562
82260.823762,0.000000
82260.826263,0.000000
82260.828764,0.015093
82260.831265,0.027579
82260.833766,0.000000
82260.836267,0.000000
82260.838768,0.013046
82260.841269,0.004157
82260.843770,0.000000
82260.846271,0.000000
82260.848772,0.000000
82260.851273,0.003346
82260.853774,0.000000
82260.856275,0.000000
82260.858776,0.000000
82260.861277,0.000000
82260.863778,0.008882
82260.866279,0.012664
82260.868780,0.000000
82260.871281,0.000000
82260.873782,0.000000
82260.876284,0.013456
82260.878785,0.000445
82260.881286,0.005284
82260.883787,0.005149
82260.886288,0.000000
82260.888789,0.000000
82260.891290,0.000000
82260.893791,0.016200
82260.896292,0.000000
82260.898793,0.000000
82260.901294,0.000000
82260.903795,0.000000
82260.906296,0.000000
82260.908797,0.024251
82260.911298,0.009452
82260.913799,0.000000
82260.916300,0.015554
82260.918801,0.000000
82260.921302,0.019453
82260.923803,0.031768
82260.926304,0.014768
82260.928805,0.001358
82260.931306,0.010045
82260.933807,0.000216
82260.936308,0.000000
82260.938809,0.000000
82260.941310,0.000000
82260.943812,0.000000
82260.946313,0.025763
82260.948814,0.016118
82260.951315,0.006333
82260.953816,0.011668
82260.956317,0.000000
82260.958818,0.010459
82260.961319,0.013496
82260.963820,0.000000
82260.966321,0.010992
82260.968822,0.000000
82260.971323,0.000000
82260.973824,0.019051
82260.976325,0.000000
82260.978826,0.000000
82260.981327,0.014214
82260.983828,0.000000
82260.986329,0.000000
82260.988830,0.000000
82260.991331,0.004993
82260.993832,0.000000
82260.996333,0.001639
82260.998834,0.000000
82261.001335,0.005053
82261.003836,0.004508
82261.006337,0.027260
82261.008838,0.000000
82261.011340,0.000000
82261.013841,0.003430
82261.016342,0.013853
82261.018843,0.000000
82261.021344,0.001488
82261.023845,0.000000
82261.026346,0.000000
82261.028847,0.015408
82261.031348,0.000000
82261.033849,0.002540
82261.036350,0.000000
82261.038851,0.000000
82261.041352,0.013954
82261.043853,0.000000
82261.046354,0.004208
82261.048855,0.004429
82261.051356,0.000000
82261.053857,0.002236
82261.056358,0.000000
82261.058859,0.007495
82261.061360,0.000000
82261.063861,0.000000
82261.066362,0.000000
82261.068863,0.015986
82261.071364,0.002012
82261.073865,0.013717
82261.076366,0.007967
82261.078868,0.007876
82261.081369,0.000000
82261.083870,0.014664
82261.086371,0.000000
82261.088872,0.000000
82261.091373,0.000000
82261.093874,0.006514
82261.096375,0.000000
82261.098876,0.000000
82261.101377,0.000000
82261.103878,0.011300
82261.106379,0.024028
82261.108880,0.000000
82261.111381,0.007635
82261.113882,0.007261
82261.116383,0.022318
82261.118884,0.000000
82261.121385,0.000000
82261.123886,0.000000
82261.126387,0.001083
82261.128888,0.035971
82261.131389,0.000443
82261.133890,0.000000
82261.136391,0.000000
82261.138892,0.017992
82261.141393,0.000000
82261.143894,0.009531
82261.146396,0.000000
82261.148897,0.000000
82261.151398,0.008693
82261.153899,0.000000
82261.156400,0.006111
82261.158901,0.007171
82261.161402,0.007846
82261.163903,0.000000
82261.166404,0.009856
82261.168905,0.000000
82261.171406,0.000000
82261.173907,0.010153
82261.176408,0.002378
82261.178909,0.000000
82261.181410,0.000000
82261.183911,0.000000
82261.186412,0.000743
82261.188913,0.023682
82261.191414,0.000000
82261.193915,0.000000
82261.196416,0.000000
82261.198917,0.031301
82261.201418,0.010800
82261.203919,0.000000
82261.206420,0.000404
82261.208921,0.004775
82261.211422,0.000000
82261.213923,0.010904
82261.216425,0.000000
82261.218926,0.000000
82261.221427,0.001094
82261.223928,0.000000
82261.226429,0.000000
82261.228930,0.000000
82261.231431,0.000000
82261.233932,0.016208
82261.236433,0.006336
82261.238934,0.000000
82261.241435,0.000000
82261.243936,0.000000
82261.246437,0.002259
82261.248938,0.000000
82261.251439,0.000000
82261.253940,0.000000
82261.256441,0.000000
82261.258942,0.011270
82261.261443,0.000000
82261.263944,0.000890
82261.266445,0.000000
82261.268946,0.000000
82261.271447,0.012844
82261.273948,0.010664
82261.276449,0.029377
82261.278950,0.008770
82261.281451,0.000000
82261.283953,0.000000
82261.286454,0.014714
82261.288955,0.000000
82261.291456,0.048582
82261.293957,0.120889
82261.296458,0.337358
82261.298959,0.577160
82261.301460,0.757612
82261.303961,0.647115
82261.306462,0.422531
82261.308963,0.183481
82261.311464,0.060087
82261.313965,0.007354
82261.316466,0.000000
82261.318967,0.002451
82261.321468,0.000000
82261.323969,0.000000
82261.326470,0.000000
82261.328971,0.000000
82261.331472,0.000000
82261.333973,0.013275
82261.336474,0.000000
82261.338975,0.000000
82261.341476,0.000000
82261.343977,0.029756
82261.346478,0.034861
82261.348979,0.000000
82261.351481,0.017611
82261.353982,0.000000
82261.356483,0.023036
82261.358984,0.004829
82261.361485,0.001433
82261.363986,0.000000
82261.366487,0.000000
82261.368988,0.000295
82261.371489,0.002854
82261.373990,0.000000
82261.376491,0.000000
82261.378992,0.007949
82261.381493,0.000000
82261.383994,0.001921
82261.386495,0.017781
82261.388996,0.005537
82261.391497,0.004819
82261.393998,0.000000
82261.396499,0.000000
82261.399000,0.029506
82261.401501,0.000000
82261.404002,0.018162
82261.406503,0.000000
82261.409004,0.000000
82261.411505,0.007406
82261.414006,0.001446
82261.416507,0.005480
82261.419009,0.000000
82261.421510,0.000000
82261.424011,0.000000
82261.426512,0.000000
82261.429013,0.000000
82261.431514,0.014899
82261.434015,0.001255
82261.436516,0.006961
82261.439017,0.002034
82261.441518,0.000000
82261.444019,0.000248
82261.446520,0.001878
82261.449021,0.010915
82261.451522,0.000000
82261.454023,0.000000
82261.456524,0.002532
82261.459025,0.005083
82261.461526,0.000000
82261.464027,0.000402
82261.466528,0.012622
82261.469029,0.000000
82261.471530,0.000000
82261.474031,0.001135
82261.476532,0.000000
82261.479033,0.000000
82261.481534,0.000000
82261.484035,0.023514
82261.486537,0.000000
82261.489038,0.002873
82261.491539,0.013195
82261.494040,0.000000
82261.496541,0.019760
82261.499042,0.025335
82261.501543,0.000000
82261.504044,0.000000
82261.506545,0.023371
82261.509046,0.011428
82261.511547,0.001177
82261.514048,0.020495
82261.516549,0.018974
82261.519050,0.000000
82261.521551,0.003573
82261.524052,0.008285
82261.526553,0.000413
82261.529054,0.000000
82261.531555,0.000000
82261.534056,0.000000
82261.536557,0.007080
82261.539058,0.000000
82261.541559,0.002764
82261.544060,0.026313
82261.546561,0.020508
82261.549062,0.000000
82261.551563,0.000000
82261.554065,0.000000
82261.556566,0.000000
82261.559067,0.000000
82261.561568,0.000000
82261.564069,0.010128
82261.566570,0.013703
82261.569071,0.000000
82261.571572,0.000000
82261.574073,0.005109
82261.576574,0.000000
82261.579075,0.011643
82261.581576,0.006182
82261.584077,0.000000
82261.586578,0.000000
82261.589079,0.021531
82261.591580,0.000000
82261.594081,0.005136
82261.596582,0.000000
82261.599083,0.000000
82261.601584,0.001440
82261.604085,0.002134
82261.606586,0.043289
82261.609087,0.000000
82261.611588,0.011788
82261.614089,0.007515
82261.616590,0.000000
82261.619091,0.011572
82261.621593,0.000000
82261.624094,0.012572
82261.626595,0.028166
82261.629096,0.002166
82261.631597,0.000000
82261.634098,0.015104
82261.636599,0.020061
82261.639100,0.000000
82261.641601,0.000000
82261.644102,0.009701
82261.646603,0.000000
82261.649104,0.000000
82261.651605,0.007766
82261.654106,0.009645
82261.656607,0.000000
82261.659108,0.000881
82261.661609,0.000000
82261.664110,0.000000
82261.666611,0.000000
82261.669112,0.001062
82261.671613,0.000000
82261.674114,0.000000
82261.676615,0.001262
82261.679116,0.017160
82261.681617,0.000000
82261.684118,0.000000
82261.686619,0.000000
82261.689120,0.000000
82261.691622,0.007931
82261.694123,0.000000
82261.696624,0.000000
82261.699125,0.053025
82261.701626,0.002045
82261.704127,0.001281
82261.706628,0.000000
82261.709129,0.000000
82261.711630,0.000000
82261.714131,0.004829
82261.716632,0.010085
82261.719133,0.003410
82261.721634,0.000000
82261.724135,0.000000
82261.726636,0.000000
82261.729137,0.000000
82261.731638,0.000000
82261.734139,0.011894
82261.736640,0.000000
82261.739141,0.008862
82261.741642,0.000000
82261.744143,0.001926
82261.746644,0.013415
82261.749145,0.000000
82261.751646,0.024273
82261.754147,0.027548
82261.756648,0.003407
82261.759150,0.007776
82261.761651,0.015236
82261.764152,0.007820
82261.766653,0.006280
82261.769154,0.000000
82261.771655,0.000000
82261.774156,0.000000
82261.776657,0.034219
82261.779158,0.004632
82261.781659,0.000000
82261.784160,0.018146
82261.786661,0.000000
82261.789162,0.008375
82261.791663,0.001109
82261.794164,0.006608
82261.796665,0.000000
82261.799166,0.000000
82261.801667,0.000000
82261.804168,0.000000
82261.806669,0.000000
82261.809170,0.000000
82261.811671,0.000000
82261.814172,0.001947
82261.816673,0.000000
82261.819174,0.002732
82261.821675,0.000000
82261.824176,0.036181
82261.826678,0.001820
82261.829179,0.000000
82261.831680,0.001453
82261.834181,0.014650
82261.836682,0.000000
82261.839183,0.009835
82261.841684,0.005689
82261.844185,0.000000
82261.846686,0.001593
82261.849187,0.022966
82261.851688,0.003491
82261.854189,0.000000
82261.856690,0.000000
82261.859191,0.000000
82261.861692,0.001974
82261.864193,0.018846
82261.866694,0.000000
82261.869195,0.002151
82261.871696,0.014154
82261.874197,0.015673
82261.876698,0.018382
82261.879199,0.000000
82261.881700,0.007253
82261.884201,0.000000
82261.886702,0.000000
82261.889203,0.011794
82261.891704,0.002270
82261.894206,0.010433
82261.896707,0.000000
82261.899208,0.021166
82261.901709,0.009887
82261.904210,0.012773
82261.906711,0.000000
82261.909212,0.016825
82261.911713,0.000000
82261.914214,0.000000
82261.916715,0.008984
82261.919216,0.008377
82261.921717,0.000000
82261.924218,0.029536
82261.926719,0.026060
82261.929220,0.008690
82261.931721,0.006182
82261.934222,0.004737
82261.936723,0.000000
82261.939224,0.001620
82261.941725,0.001430
82261.944226,0.000000
82261.946727,0.000000
82261.949228,0.000000
82261.951729,0.000000
82261.954230,0.013241
82261.956731,0.024866
82261.959232,0.000000
82261.961734,0.002626
82261.964235,0.015777
82261.966736,0.000000
82261.969237,0.009713
82261.971738,0.000000
82261.974239,0.017098
82261.976740,0.000000
82261.979241,0.000000
82261.981742,0.004015
82261.984243,0.001382
82261.986744,0.000000
82261.989245,0.008271
82261.991746,0.000000
82261.994247,0.000000
82261.996748,0.000000
82261.999249,0.000000
82262.001750,0.000000
82262.004251,0.018228
82262.006752,0.011066
82262.009253,0.007659
82262.011754,0.003189
82262.014255,0.000000
82262.016756,0.000000
82262.019257,0.000000
82262.021758,0.000000
82262.024259,0.000000
82262.026760,0.000000
82262.029262,0.002435
82262.031763,0.000000
82262.034264,0.000000
82262.036765,0.016684
82262.039266,0.000000
82262.041767,0.000000
82262.044268,0.000000
82262.046769,0.003427
82262.049270,0.010948
82262.051771,0.000000
82262.054272,0.000000
82262.056773,0.000000
82262.059274,0.000914
82262.061775,0.000000
82262.064276,0.000000
82262.066777,0.000000
82262.069278,0.000000
82262.071779,0.016258
82262.074280,0.003912
82262.076781,0.000000
82262.079282,0.000000
82262.081783,0.000000
82262.084284,0.020194
82262.086785,0.010216
82262.089286,0.000000
82262.091787,0.024522
82262.094288,0.020856
82262.096790,0.000000
82262.099291,0.000000
82262.101792,0.000000
82262.104293,0.000000
82262.106794,0.024906
82262.109295,0.000000
82262.111796,0.012472
82262.114297,0.009919
82262.116798,0.000000
82262.119299,0.025999
82262.121800,0.000000
82262.124301,0.000000
82262.126802,0.000000
82262.129303,0.013798
82262.131804,0.005078
82262.134305,0.000000
82262.136806,0.017803
82262.139307,0.006973
82262.141808,0.000000
82262.144309,0.000000
82262.146810,0.000000
82262.149311,0.000000
82262.151812,0.002156
82262.154313,0.000000
82262.156814,0.000000
82262.159315,0.000000
82262.161816,0.004844
82262.164317,0.000000
82262.166819,0.000446
82262.169320,0.000000
82262.171821,0.000725
82262.174322,0.000000
82262.176823,0.005793
82262.179324,0.012385
82262.181825,0.015047
82262.184326,0.000000
82262.186827,0.000000
82262.189328,0.028884
82262.191829,0.001711
82262.194330,0.000000
82262.196831,0.000000
82262.199332,0.000000
82262.201833,0.000000
82262.204334,0.012483
82262.206835,0.008393
82262.209336,0.000000
82262.211837,0.000000
82262.214338,0.000000
82262.216839,0.000000
82262.219340,0.000000
82262.221841,0.000000
82262.224342,0.000000
82262.226843,0.000000
82262.229344,0.000000
82262.231845,0.000000
82262.234347,0.010737
82262.236848,0.005123
82262.239349,0.014390
82262.241850,0.000000
82262.244351,0.023018
82262.246852,0.005000
82262.249353,0.000000
82262.251854,0.001335
82262.254355,0.000000
82262.256856,0.000000
82262.259357,0.006176
82262.261858,0.008786
82262.264359,0.000000
82262.266860,0.039268
82262.269361,0.000000
82262.271862,0.000000
82262.274363,0.017427
82262.276864,0.008720
82262.279365,0.003328
82262.281866,0.000000
82262.284367,0.005650
82262.286868,0.023255
82262.289369,0.002896
82262.291870,0.000000
82262.294371,0.000000
82262.296872,0.005524
82262.299373,0.000000
82262.301875,0.000000
82262.304376,0.000000
82262.306877,0.000000
82262.309378,0.000000
82262.311879,0.000000
82262.314380,0.011149
82262.316881,0.008240
82262.319382,0.000000
82262.321883,0.000000
82262.324384,0.005446
82262.326885,0.015118
82262.329386,0.014897
82262.331887,0.000000
82262.334388,0.014210
82262.336889,0.000000
82262.339390,0.000000
82262.341891,0.006995
82262.344392,0.000000
82262.346893,0.030061
82262.349394,0.019056
82262.351895,0.009293
82262.354396,0.000000
82262.356897,0.000000
82262.359398,0.011353
82262.361899,0.000000
82262.364400,0.000000
82262.366901,0.013076
82262.369403,0.000000
82262.371904,0.004775
82262.374405,0.000000
82262.376906,0.000000
82262.379407,0.000000
82262.381908,0.007376
82262.384409,0.000000
82262.386910,0.001803
82262.389411,0.000000
82262.391912,0.000000
82262.394413,0.017964
82262.396914,0.000000
82262.399415,0.010904
82262.401916,0.000000
82262.404417,0.000000
82262.406918,0.000000
82262.409419,0.000000
82262.411920,0.000000
82262.414421,0.000000
82262.416922,0.008669
82262.419423,0.000000
82262.421924,0.000000
82262.424425,0.000000
82262.426926,0.006848
82262.429427,0.009262
82262.431928,0.000000
82262.434429,0.000000
82262.436931,0.017630
82262.439432,0.000000
82262.441933,0.001067
82262.444434,0.000000
82262.446935,0.000000
82262.449436,0.022849
82262.451937,0.000529
82262.454438,0.021705
82262.456939,0.000081
82262.459440,0.006611
82262.461941,0.000000
82262.464442,0.000000
82262.466943,0.005880
82262.469444,0.006143
82262.471945,0.008589
82262.474446,0.005410
82262.476947,0.000000
82262.479448,0.000000
82262.481949,0.012208
82262.484450,0.000000
82262.486951,0.004203
82262.489452,0.000000
82262.491953,0.012203
82262.494454,0.005984
82262.496955,0.000000
82262.499456,0.000000
82262.501957,0.000000
82262.504459,0.008332
82262.506960,0.000000
82262.509461,0.002261
82262.511962,0.000000
82262.514463,0.002741
82262.516964,0.004948
82262.519465,0.000000
82262.521966,0.000000
82262.524467,0.002235
82262.526968,0.001263
82262.529469,0.000000
82262.531970,0.000000
82262.534471,0.000000
82262.536972,0.000000
82262.539473,0.007958
82262.541974,0.000000
82262.544475,0.000000
82262.546976,0.000000
82262.549477,0.000000
82262.551978,0.009101
82262.554479,0.000000
82262.556980,0.000000
82262.559481,0.000000
82262.561982,0.000000
82262.564483,0.000000
82262.566984,0.005471
82262.569485,0.002431
82262.571987,0.018551
82262.574488,0.000000
82262.576989,0.004862
82262.579490,0.000000
82262.581991,0.000000
82262.584492,0.011990
82262.586993,0.017858
82262.589494,0.010136
82262.591995,0.001885
82262.594496,0.000000
82262.596997,0.016398
82262.599498,0.008324
82262.601999,0.029084
82262.604500,0.000000
82262.607001,0.012390
82262.609502,0.007887
82262.612003,0.000000
82262.614504,0.019589
82262.617005,0.005779
82262.619506,0.000000
82262.622007,0.000000
82262.624508,0.000000
82262.627009,0.000000
82262.629510,0.010109
82262.632011,0.014209
82262.634512,0.003177
82262.637013,0.000000
82262.639514,0.005481
82262.642016,0.010391
82262.644517,0.000000
82262.647018,0.001673
82262.649519,0.000000
82262.652020,0.013699
82262.654521,0.005540
82262.657022,0.006957
82262.659523,0.000000
82262.662024,0.000024
82262.664525,0.013555
82262.667026,0.000000
82262.669527,0.002509
82262.672028,0.000000
82262.674529,0.000000
82262.677030,0.000000
82262.679531,0.000000
82262.682032,0.000912
82262.684533,0.011017
82262.687034,0.000000
82262.689535,0.005367
82262.692036,0.021093
82262.694537,0.000000
82262.697038,0.000000
82262.699539,0.004163
82262.702040,0.000000
82262.704541,0.000000
82262.707042,0.013262
82262.709544,0.026959
82262.712045,0.000000
82262.714546,0.000000
82262.717047,0.000000
82262.719548,0.000000
82262.722049,0.027769
82262.724550,0.000000
82262.727051,0.000000
82262.729552,0.023214
82262.732053,0.008283
82262.734554,0.014161
82262.737055,0.000000
82262.739556,0.000000
82262.742057,0.000000
82262.744558,0.011509
82262.747059,0.017599
82262.749560,0.000000
82262.752061,0.000000
82262.754562,0.000000
82262.757063,0.000000
82262.759564,0.000000
82262.762065,0.011107
82262.764566,0.000000
82262.767067,0.001336
82262.769568,0.000000
82262.772069,0.000000
82262.774570,0.000000
82262.777072,0.000000
82262.779573,0.011353
82262.782074,0.012161
82262.784575,0.000000
82262.787076,0.000000
82262.789577,0.000637
82262.792078,0.000000
82262.794579,0.000000
82262.797080,0.018476
82262.799581,0.000000
82262.802082,0.018072
82262.804583,0.000000
82262.807084,0.009463
82262.809585,0.000000
82262.812086,0.000000
82262.814587,0.026658
82262.817088,0.000000
82262.819589,0.008543
82262.822090,0.007950
82262.824591,0.048184
82262.827092,0.000000
82262.829593,0.000000
82262.832094,0.011720
82262.834595,0.000000
82262.837096,0.000000
82262.839597,0.013753
82262.842098,0.000000
82262.844600,0.000000
82262.847101,0.010431
82262.849602,0.005390
82262.852103,0.000000
82262.854604,0.000000
82262.857105,0.000000
82262.859606,0.010415
82262.862107,0.000000
82262.864608,0.000000
82262.867109,0.000000
82262.869610,0.005633
82262.872111,0.000000
82262.874612,0.000000
82262.877113,0.000000
82262.879614,0.000000
82262.882115,0.000000
82262.884616,0.000000
82262.887117,0.000000
82262.889618,0.000000
82262.892119,0.000000
82262.894620,0.017003
82262.897121,0.014884
82262.899622,0.008301
82262.902123,0.007031
82262.904624,0.012995
82262.907125,0.000000
82262.909626,0.000473
82262.912128,0.000000
82262.914629,0.000000
82262.917130,0.005287
82262.919631,0.013599
82262.922132,0.000000
82262.924633,0.023685
82262.927134,0.003042
82262.929635,0.000000
82262.932136,0.000000
82262.934637,0.014624
82262.937138,0.001845
82262.939639,0.009710
82262.942140,0.000000
82262.944641,0.003514
82262.947142,0.000000
82262.949643,0.000000
82262.952144,0.000000
82262.954645,0.015682
82262.957146,0.032551
82262.959647,0.003478
82262.962148,0.000000
82262.964649,0.000000
82262.967150,0.013834
82262.969651,0.000000
82262.972152,0.008940
82262.974653,0.004218
82262.977154,0.002630
82262.979656,0.000000
82262.982157,0.000000
82262.984658,0.000000
82262.987159,0.000000
82262.989660,0.013173
82262.992161,0.017682
82262.994662,0.003073
82262.997163,0.000000
82262.999664,0.022811
82263.002165,0.000000
82263.004666,0.000000
82263.007167,0.010004
82263.009668,0.006575
82263.012169,0.000000
82263.014670,0.001440
82263.017171,0.006351
82263.019672,0.002926
82263.022173,0.006592
82263.024674,0.000000
82263.027175,0.007559
82263.029676,0.000252
82263.032177,0.000000
82263.034678,0.000000
82263.037179,0.000000
82263.039680,0.000000
82263.042181,0.000000
82263.044682,0.000932
82263.047184,0.000000
82263.049685,0.000000
82263.052186,0.034252
82263.054687,0.000000
82263.057188,0.000000
82263.059689,0.000000
82263.062190,0.000000
82263.064691,0.000000
82263.067192,0.000000
82263.069693,0.000000
82263.072194,0.015155
82263.074695,0.001173
82263.077196,0.000000
82263.079697,0.012077
82263.082198,0.000000
82263.084699,0.000000
82263.087200,0.000000
82263.089701,0.027395
82263.092202,0.000000
82263.094703,0.000000
82263.097204,0.010809
82263.099705,0.000000
82263.102206,0.008790
82263.104707,0.000000
82263.107208,0.002039
82263.109709,0.025057
82263.112210,0.000000
82263.114711,0.014705
82263.117213,0.009763
82263.119714,0.000000
82263.122215,0.008028
82263.124716,0.001046
82263.127217,0.001308
82263.129718,0.004834
82263.132219,0.000000
82263.134720,0.001007
82263.137221,0.003468
82263.139722,0.010716
82263.142223,0.000000
82263.144724,0.018542
82263.147225,0.000000
82263.149726,0.010940
82263.152227,0.001141
82263.154728,0.000000
82263.157229,0.007586
82263.159730,0.000000
82263.162231,0.015352
82263.164732,0.000000
82263.167233,0.000000
82263.169734,0.022031
82263.172235,0.002604
82263.174736,0.012456
82263.177237,0.000000
82263.179738,0.000000
82263.182239,0.024062
82263.184741,0.000000
82263.187242,0.007058
82263.189743,0.009431
82263.192244,0.000000
82263.194745,0.003249
82263.197246,0.022895
82263.199747,0.000000
82263.202248,0.013532
82263.204749,0.000000
82263.207250,0.016141
82263.209751,0.000000
82263.212252,0.014499
82263.214753,0.005611
82263.217254,0.000000
82263.219755,0.000000
82263.222256,0.000000
82263.224757,0.000000
82263.227258,0.000000
82263.229759,0.031716
82263.232260,0.018706
82263.234761,0.000000
82263.237262,0.003845
82263.239763,0.001379
82263.242264,0.000000
82263.244765,0.000000
82263.247266,0.006405
82263.249767,0.012153
82263.252269,0.000000
82263.254770,0.028088
82263.257271,0.021861
82263.259772,0.007874
82263.262273,0.000000
82263.264774,0.005766
82263.267275,0.004050
82263.269776,0.007371
82263.272277,0.022845
82263.274778,0.000000
82263.277279,0.029414
82263.279780,0.005839
82263.282281,0.000000
82263.284782,0.034464
82263.287283,0.011920
82263.289784,0.000000
82263.292285,0.001210
82263.294786,0.009124
82263.297287,0.000000
82263.299788,0.001923
82263.302289,0.000000
82263.304790,0.000000
82263.307291,0.001529
82263.309792,0.002011
82263.312293,0.007571
82263.314794,0.000000
82263.317295,0.000000
82263.319797,0.000000
82263.322298,0.015163
82263.324799,0.000000
82263.327300,0.000000
82263.329801,0.000000
82263.332302,0.000000
82263.334803,0.000000
82263.337304,0.000000
82263.339805,0.020118
82263.342306,0.009769
82263.344807,0.017923
82263.347308,0.020818
82263.349809,0.000000
82263.352310,0.004933
82263.354811,0.000000
82263.357312,0.016041
82263.359813,0.000000
82263.362314,0.000000
82263.364815,0.000000
82263.367316,0.000000
82263.369817,0.013142
82263.372318,0.003679
82263.374819,0.000000
82263.377320,0.030920
82263.379821,0.009330
82263.382322,0.011166
82263.384823,0.018458
82263.387325,0.000000
82263.389826,0.000000
82263.392327,0.011821
82263.394828,0.000000
82263.397329,0.000000
82263.399830,0.000000
82263.402331,0.000000
82263.404832,0.000000
82263.407333,0.013135
82263.409834,0.010478
82263.412335,0.015987
82263.414836,0.014505
82263.417337,0.005830
82263.419838,0.004692
82263.422339,0.003639
82263.424840,0.000000
82263.427341,0.000000
82263.429842,0.000000
82263.432343,0.000000
82263.434844,0.000000
82263.437345,0.005944
82263.439846,0.002900
82263.442347,0.004443
82263.444848,0.005047
82263.447349,0.017174
82263.449850,0.000000
82263.452351,0.014484
82263.454853,0.007420
82263.457354,0.016226
82263.459855,0.023192
82263.462356,0.008283
82263.464857,0.001490
82263.467358,0.001398
82263.469859,0.000000
82263.472360,0.000000
82263.474861,0.012958
82263.477362,0.000000
82263.479863,0.023194
82263.482364,0.000000
82263.484865,0.041110
82263.487366,0.000000
82263.489867,0.003594
82263.492368,0.000000
82263.494869,0.000000
82263.497370,0.015280
82263.499871,0.000000
82263.502372,0.000000
82263.504873,0.008422
82263.507374,0.010700
82263.509875,0.000000
82263.512376,0.008355
82263.514877,0.001851
82263.517378,0.000000
82263.519879,0.000000
82263.522381,0.000000
82263.524882,0.024669
82263.527383,0.014585
82263.529884,0.000000
82263.532385,0.011475
82263.534886,0.000000
82263.537387,0.013140
82263.539888,0.000000
82263.542389,0.000000
82263.544890,0.000000
82263.547391,0.000000
82263.549892,0.020098
82263.552393,0.012906
82263.554894,0.001579
82263.557395,0.014716
82263.559896,0.000000
82263.562397,0.000000
82263.564898,0.006816
82263.567399,0.010565
82263.569900,0.004013
82263.572401,0.000000
82263.574902,0.000000
82263.577403,0.005984
82263.579904,0.034853
82263.582405,0.017494
82263.584906,0.022656
82263.587407,0.004880
82263.589908,0.004776
82263.592410,0.000000
82263.594911,0.013672
82263.597412,0.000000
82263.599913,0.009950
82263.602414,0.000441
82263.604915,0.004009
82263.607416,0.000000
82263.609917,0.003226
82263.612418,0.014365
82263.614919,0.000000
82263.617420,0.000000
82263.619921,0.006117
82263.622422,0.020692
82263.624923,0.024314
82263.627424,0.000000
82263.629925,0.000000
82263.632426,0.000000
82263.634927,0.000000
82263.637428,0.016128
82263.639929,0.000000
82263.642430,0.000000
82263.644931,0.007829
82263.647432,0.000000
82263.649933,0.022881
82263.652434,0.000105
82263.654935,0.000000
82263.657436,0.008429
82263.659938,0.013491
82263.662439,0.022924
82263.664940,0.000000
82263.667441,0.015600
82263.669942,0.001454
82263.672443,0.000000
82263.674944,0.000000
82263.677445,0.000000
82263.679946,0.000000
82263.682447,0.016025
82263.684948,0.010151
82263.687449,0.000000
82263.689950,0.000000
82263.692451,0.000000
82263.694952,0.000000
82263.697453,0.000000
82263.699954,0.016846
82263.702455,0.000000
82263.704956,0.024138
82263.707457,0.000000
82263.709958,0.000000
82263.712459,0.011283
82263.714960,0.012169
82263.717461,0.000000
82263.719962,0.014389
82263.722463,0.011666
82263.724964,0.000000
82263.727466,0.004523
82263.729967,0.010106
82263.732468,0.000000
82263.734969,0.024336
82263.737470,0.000000
82263.739971,0.002070
82263.742472,0.000000
82263.744973,0.001485
82263.747474,0.000000
82263.749975,0.000000
82263.752476,0.000000
82263.754977,0.011488
82263.757478,0.005117
82263.759979,0.015619
82263.762480,0.000000
82263.764981,0.016286
82263.767482,0.000564
82263.769983,0.001625
82263.772484,0.030365
82263.774985,0.000000
82263.777486,0.017631
82263.779987,0.006890
82263.782488,0.000000
82263.784989,0.000000
82263.787490,0.000000
82263.789991,0.016240
82263.792492,0.024912
82263.794994,0.001313
82263.797495,0.002067
82263.799996,0.011153
82263.802497,0.001053
82263.804998,0.015796
82263.807499,0.004189
82263.810000,0.001947
82263.812501,0.000000
82263.815002,0.000000
82263.817503,0.000000
82263.820004,0.017726
82263.822505,0.000000
82263.825006,0.000000
82263.827507,0.000000
82263.830008,0.000000
82263.832509,0.000000
82263.835010,0.000000
82263.837511,0.004781
82263.840012,0.001756
82263.842513,0.000000
82263.845014,0.000000
82263.847515,0.000000
82263.850016,0.026006
82263.852517,0.021441
82263.855018,0.000000
82263.857519,0.000000
82263.860020,0.001839
82263.862522,0.000674
82263.865023,0.004552
82263.867524,0.010649
82263.870025,0.006488
82263.872526,0.000000
82263.875027,0.004223
82263.877528,0.012264
82263.880029,0.000000
82263.882530,0.004308
82263.885031,0.000000
82263.887532,0.028672
82263.890033,0.000000
82263.892534,0.016604
82263.895035,0.000000
82263.897536,0.025755
82263.900037,0.000000
82263.902538,0.002724
82263.905039,0.000000
82263.907540,0.000000
82263.910041,0.012895
82263.912542,0.014768
82263.915043,0.003438
82263.917544,0.010645
82263.920045,0.015008
82263.922546,0.000000
82263.925047,0.000000
82263.927548,0.000000
82263.930050,0.000000
82263.932551,0.005582
82263.935052,0.007872
82263.937553,0.000000
82263.940054,0.010113
82263.942555,0.009396
82263.945056,0.010389
82263.947557,0.000000
82263.950058,0.011202
82263.952559,0.007469
82263.955060,0.009195
82263.957561,0.024099
82263.960062,0.004708
82263.962563,0.000000
82263.965064,0.000000
82263.967565,0.016201
82263.970066,0.005132
82263.972567,0.023987
82263.975068,0.000000
82263.977569,0.013080
82263.980070,0.000000
82263.982571,0.000000
82263.985072,0.000000
82263.987573,0.012921
82263.990074,0.008813
82263.992575,0.000000
82263.995076,0.002369
82263.997578,0.010142
82264.000079,0.002557
82264.002580,0.015913
82264.005081,0.000000
82264.007582,0.000000
82264.010083,0.002682
82264.012584,0.002594
82264.015085,0.004470
82264.017586,0.015900
82264.020087,0.000000
82264.022588,0.000000
82264.025089,0.000000
82264.027590,0.000000
82264.030091,0.000000
82264.032592,0.010081
82264.035093,0.004323
82264.037594,0.000000
82264.040095,0.000000
82264.042596,0.013357
82264.045097,0.009812
82264.047598,0.000000
82264.050099,0.000000
82264.052600,0.000000
82264.055101,0.000000
82264.057602,0.000000
82264.060103,0.029690
82264.062604,0.000000
82264.065105,0.015929
82264.067607,0.026114
82264.070108,0.003105
82264.072609,0.000000
82264.075110,0.000000
82264.077611,0.000000
82264.080112,0.023039
82264.082613,0.005045
82264.085114,0.000407
82264.087615,0.018847
82264.090116,0.010001
82264.092617,0.000000
82264.095118,0.003106
82264.097619,0.000000
82264.100120,0.000000
82264.102621,0.000000
82264.105122,0.008007
82264.107623,0.000000
82264.110124,0.001095
82264.112625,0.000000
82264.115126,0.000000
82264.117627,0.000000
82264.120128,0.000000
82264.122629,0.000000
82264.125130,0.000000
82264.127631,0.000000
82264.130132,0.000000
82264.132633,0.002742
82264.135135,0.013063
82264.137636,0.000000
82264.140137,0.007164
82264.142638,0.000000
82264.145139,0.000000
82264.147640,0.000024
82264.150141,0.009773
82264.152642,0.000000
82264.155143,0.000000
82264.157644,0.000000
82264.160145,0.040956
82264.162646,0.003208
82264.165147,0.000000
82264.167648,0.000000
82264.170149,0.010493
82264.172650,0.035694
82264.175151,0.000000
82264.177652,0.000000
82264.180153,0.006187
82264.182654,0.000000
82264.185155,0.000000
82264.187656,0.014899
82264.190157,0.000000
82264.192658,0.015083
82264.195159,0.000000
82264.197660,0.001749
82264.200161,0.012278
82264.202663,0.015374
82264.205164,0.003347
82264.207665,0.002632
82264.210166,0.008901
82264.212667,0.006667
82264.215168,0.000000
82264.217669,0.000000
82264.220170,0.000000
82264.222671,0.011010
82264.225172,0.000000
82264.227673,0.011781
82264.230174,0.005799
82264.232675,0.000000
82264.235176,0.000000
82264.237677,0.000000
82264.240178,0.000000
82264.242679,0.013147
82264.245180,0.036063
82264.247681,0.016033
82264.250182,0.000000
82264.252683,0.018091
82264.255184,0.024603
82264.257685,0.000000
82264.260186,0.017593
82264.262687,0.011055
82264.265188,0.017066
82264.267689,0.011682
82264.270191,0.000000
82264.272692,0.029199
82264.275193,0.004878
82264.277694,0.000000
82264.280195,0.007268
82264.282696,0.013967
82264.285197,0.001361
82264.287698,0.005647
82264.290199,0.001269
82264.292700,0.000000
82264.295201,0.000000
82264.297702,0.000000
82264.300203,0.021804
82264.302704,0.000000
82264.305205,0.000000
82264.307706,0.005696
82264.310207,0.005398
82264.312708,0.000000
82264.315209,0.000000
82264.317710,0.000000
82264.320211,0.000000
82264.322712,0.017420
82264.325213,0.000000
82264.327714,0.000000
82264.330215,0.016121
82264.332716,0.007115
82264.335217,0.000000
82264.337719,0.000000
82264.340220,0.004625
82264.342721,0.000000
82264.345222,0.029152
82264.347723,0.001621
82264.350224,0.000000
82264.352725,0.000000
82264.355226,0.013323
82264.357727,0.000000
82264.360228,0.005457
82264.362729,0.000000
82264.365230,0.001008
82264.367731,0.000000
82264.370232,0.000000
82264.372733,0.000000
82264.375234,0.014732
82264.377735,0.000000
82264.380236,0.000000
82264.382737,0.000000
82264.385238,0.023158
82264.387739,0.012788
82264.390240,0.011357
82264.392741,0.000000
82264.395242,0.000000
82264.397743,0.017073
82264.400244,0.000000
82264.402745,0.001207
82264.405247,0.000000
82264.407748,0.000000
82264.410249,0.024142
82264.412750,0.010331
82264.415251,0.014121
82264.417752,0.011257
82264.420253,0.000000
82264.422754,0.000000
82264.425255,0.000000
82264.427756,0.000000
82264.430257,0.025514
82264.432758,0.000000
82264.435259,0.000000
82264.437760,0.000000
82264.440261,0.015177
82264.442762,0.026627
82264.445263,0.004435
82264.447764,0.005616
82264.450265,0.001312
82264.452766,0.006284
82264.455267,0.011105
82264.457768,0.006114
82264.460269,0.007165
82264.462770,0.011138
82264.465271,0.000000
82264.467772,0.000029
82264.470273,0.004384
82264.472775,0.005977
82264.475276,0.000000
82264.477777,0.002309
82264.480278,0.000000
82264.482779,0.000000
82264.485280,0.014121
82264.487781,0.000000
82264.490282,0.000000
82264.492783,0.000000
82264.495284,0.022795
82264.497785,0.000000
82264.500286,0.000000
82264.502787,0.010742
82264.505288,0.030975
82264.507789,0.005827
82264.510290,0.000000
82264.512791,0.010006
82264.515292,0.000000
82264.517793,0.000667
82264.520294,0.028640
82264.522795,0.002266
82264.525296,0.001548
82264.527797,0.000296
82264.530298,0.000000
82264.532799,0.004517
82264.535300,0.011136
82264.537801,0.000000
82264.540302,0.000000
82264.542804,0.006688
82264.545305,0.030639
82264.547806,0.000000
82264.550307,0.000000
82264.552808,0.009730
82264.555309,0.025048
82264.557810,0.007604
82264.560311,0.024773
82264.562812,0.011400
82264.565313,0.010153
82264.567814,0.000000
82264.570315,0.004099
82264.572816,0.000000
82264.575317,0.000000
82264.577818,0.000000
82264.580319,0.003241
82264.582820,0.000000
82264.585321,0.011659
82264.587822,0.000000
82264.590323,0.000000
82264.592824,0.004748
82264.595325,0.000000
82264.597826,0.000000
82264.600327,0.000000
82264.602828,0.000000
82264.605329,0.010231
82264.607830,0.000000
82264.610332,0.021332
82264.612833,0.000000
82264.615334,0.000850
82264.617835,0.000000
82264.620336,0.002081
82264.622837,0.000000
82264.625338,0.000000
82264.627839,0.001253
82264.630340,0.000000
82264.632841,0.000000
82264.635342,0.000372
82264.637843,0.000000
82264.640344,0.003540
82264.642845,0.000000
82264.645346,0.006791
82264.647847,0.000000
82264.650348,0.000000
82264.652849,0.000000
82264.655350,0.020722
82264.657851,0.013731
82264.660352,0.017428
82264.662853,0.018424
82264.665354,0.000000
82264.667855,0.004249
82264.670356,0.001089
82264.672857,0.009473
82264.675358,0.000000
82264.677860,0.001335
82264.680361,0.001038
82264.682862,0.007645
82264.685363,0.009418
82264.687864,0.001345
82264.690365,0.001781
82264.692866,0.003245
82264.695367,0.023650
82264.697868,0.000000
82264.700369,0.000000
82264.702870,0.009676
82264.705371,0.003875
82264.707872,0.003774
82264.710373,0.009588
82264.712874,0.003074
82264.715375,0.000000
82264.717876,0.009032
82264.720377,0.000300
82264.722878,0.000000
82264.725379,0.009916
82264.727880,0.009351
82264.730381,0.003085
82264.732882,0.024664
82264.735383,0.019058
82264.737884,0.014390
82264.740385,0.036862
82264.742886,0.000000
82264.745388,0.000000
82264.747889,0.012358
82264.750390,0.000000
82264.752891,0.000171
82264.755392,0.000000
82264.757893,0.008714
82264.760394,0.000000
82264.762895,0.000000
82264.765396,0.000000
82264.767897,0.000000
82264.770398,0.000000
82264.772899,0.000000
82264.775400,0.000000
82264.777901,0.007743
82264.780402,0.004150
82264.782903,0.000000
82264.785404,0.000000
82264.787905,0.004900
82264.790406,0.000000
82264.792907,0.000000
82264.795408,0.000000
82264.797909,0.000000
82264.800410,0.014553
82264.802911,0.002269
82264.805412,0.023710
82264.807913,0.000000
82264.810414,0.006992
82264.812916,0.000000
82264.815417,0.019846
82264.817918,0.000000
82264.820419,0.012272
82264.822920,0.000000
82264.825421,0.000000
82264.827922,0.000000
82264.830423,0.018147
82264.832924,0.000000
82264.835425,0.000000
82264.837926,0.000000
82264.840427,0.000000
82264.842928,0.000000
82264.845429,0.000000
82264.847930,0.000000
82264.850431,0.000000
82264.852932,0.000000
82264.855433,0.000000
82264.857934,0.003632
82264.860435,0.000000
82264.862936,0.025723
82264.865437,0.000000
82264.867938,0.018478
82264.870439,0.000000
82264.872940,0.000000
82264.875441,0.009858
82264.877942,0.000000
82264.880444,0.000000
82264.882945,0.000000
82264.885446,0.010531
82264.887947,0.009359
82264.890448,0.003495
82264.892949,0.000000
82264.895450,0.000000
82264.897951,0.000000
82264.900452,0.000000
82264.902953,0.000000
82264.905454,0.018116
82264.907955,0.000000
82264.910456,0.009732
82264.912957,0.021462
82264.915458,0.011724
82264.917959,0.005720
82264.920460,0.000000
82264.922961,0.000000
82264.925462,0.000000
82264.927963,0.000532
82264.930464,0.000000
82264.932965,0.000000
82264.935466,0.000000
82264.937967,0.000896
82264.940468,0.000000
82264.942969,0.023170
82264.945470,0.010494
82264.947972,0.012874
82264.950473,0.000000
82264.952974,0.007343
82264.955475,0.000000
82264.957976,0.009570
82264.960477,0.000000
82264.962978,0.000000
82264.965479,0.000000
82264.967980,0.000000
82264.970481,0.033367
82264.972982,0.006254
82264.975483,0.022690
82264.977984,0.016249
82264.980485,0.000543
82264.982986,0.000000
82264.985487,0.000000
82264.987988,0.000000
82264.990489,0.009519
82264.992990,0.000000
82264.995491,0.005398
82264.997992,0.000000
82265.000493,0.006514
82265.002994,0.015749
82265.005495,0.000000
82265.007996,0.005337
82265.010497,0.019298
82265.012998,0.024132
82265.015499,0.000000
82265.018001,0.011203
82265.020502,0.020537
82265.023003,0.005765
82265.025504,0.018458
82265.028005,0.000000
82265.030506,0.005664
82265.033007,0.000000
82265.035508,0.000000
82265.038009,0.006230
82265.040510,0.000000
82265.043011,0.000000
82265.045512,0.010929
82265.048013,0.029482
82265.050514,0.000000
82265.053015,0.028391
82265.055516,0.000000
82265.058017,0.013859
82265.060518,0.016677
82265.063019,0.022472
82265.065520,0.000000
82265.068021,0.000000
82265.070522,0.000000
82265.073023,0.000000
82265.075524,0.018942
82265.078025,0.000000
82265.080526,0.000000
82265.083027,0.000000
82265.085529,0.000000
82265.088030,0.000000
82265.090531,0.009660
82265.093032,0.000000
82265.095533,0.000000
82265.098034,0.000000
82265.100535,0.002022
82265.103036,0.007413
82265.103036,0.011595
83066.249522,0.032397
83867.396009,0.001774
84668.542495,0.010569
85469.688982,0.000000
86270.835468,0.000000
87071.981954,0.000000
87873.128441,0.000000
88674.274927,0.000000
89475.421414,0.000000
90276.567900,0.000000
91077.714387,0.037372
91878.860873,0.007358
92680.007359,0.028742
93481.153846,0.021440
94282.300332,0.000000
95083.446819,0.000540
95884.593305,0.000000
96685.739792,0.000000
97486.886278,0.000000
97486.886278,0.000000
97486.888779,0.005164
97486.891280,0.004785
97486.893781,0.003640
97486.896282,0.000000
97486.898783,0.012363
97486.901284,0.000000
97486.903785,0.019988
97486.906286,0.000000
97486.908787,0.009434
97486.911288,0.007015
97486.913789,0.000000
97486.916290,0.000000
97486.918791,0.006676
97486.921292,0.013156
97486.923794,0.000000
97486.926295,0.009024
97486.928796,0.000000
97486.931297,0.016163
97486.933798,0.000000
97486.936299,0.035123
97486.938800,0.000000
97486.941301,0.020539
97486.943802,0.000000
97486.946303,0.000000
97486.948804,0.003808
97486.951305,0.014782
97486.953806,0.000000
97486.956307,0.010077
97486.958808,0.000000
97486.961309,0.008288
97486.963810,0.000158
97486.966311,0.000000
97486.968812,0.000000
97486.971313,0.009662
97486.973814,0.009584
97486.976315,0.009513
97486.978816,0.006142
97486.981317,0.013569
97486.983818,0.020196
97486.986319,0.000000
97486.988820,0.000000
97486.991322,0.024676
97486.993823,0.000000
97486.996324,0.000000
97486.998825,0.000000
97487.001326,0.000000
97487.003827,0.000000
97487.006328,0.000000
97487.008829,0.000000
97487.011330,0.004020
97487.013831,0.000000
97487.016332,0.000000
97487.018833,0.003706
97487.021334,0.015000
97487.023835,0.023024
97487.026336,0.000000
97487.028837,0.026212
97487.031338,0.012593
97487.033839,0.000000
97487.036340,0.000000
97487.038841,0.000000
97487.041342,0.020750
97487.043843,0.000000
97487.046344,0.000000
97487.048845,0.000000
97487.051346,0.000000
97487.053847,0.000000
97487.056348,0.000000
97487.058850,0.002150
97487.061351,0.014711
97487.063852,0.009970
97487.066353,0.000000
97487.068854,0.000000
97487.071355,0.001097
97487.073856,0.000000
97487.076357,0.000000
97487.078858,0.000000
97487.081359,0.000000
97487.083860,0.000000
97487.086361,0.000000
97487.088862,0.009202
97487.091363,0.000000
97487.093864,0.009865
97487.096365,0.008603
97487.098866,0.000000
97487.101367,0.014371
97487.103868,0.010675
97487.106369,0.000000
97487.108870,0.000000
97487.111371,0.015760
97487.113872,0.003333
97487.116373,0.015006
97487.118874,0.000000
97487.121375,0.001415
97487.123876,0.000000
97487.126378,0.000000
97487.128879,0.010253
97487.131380,0.024980
97487.133881,0.000000
97487.136382,0.000000
97487.138883,0.000000
97487.141384,0.000000
97487.143885,0.014056
97487.146386,0.000000
97487.148887,0.001752
97487.151388,0.008908
97487.153889,0.000000
97487.156390,0.000000
97487.158891,0.000000
97487.161392,0.000000
97487.163893,0.001551
97487.166394,0.014320
97487.168895,0.000000
97487.171396,0.000000
97487.173897,0.000707
97487.176398,0.000000
97487.178899,0.000456
97487.181400,0.004602
97487.183901,0.000000
97487.186402,0.009909
97487.188903,0.000000
97487.191404,0.000000
97487.193906,0.000000
97487.196407,0.000000
97487.198908,0.024331
97487.201409,0.004586
97487.203910,0.012995
97487.206411,0.002168
97487.208912,0.008906
97487.211413,0.005995
97487.213914,0.003655
97487.216415,0.015903
97487.218916,0.002248
97487.221417,0.032823
97487.223918,0.013797
97487.226419,0.000000
97487.228920,0.000000
97487.231421,0.005703
97487.233922,0.000639
97487.236423,0.009866
97487.238924,0.011448
97487.241425,0.000000
97487.243926,0.018401
97487.246427,0.000000
97487.248928,0.000000
97487.251429,0.000000
97487.253930,0.011614
97487.256431,0.000000
97487.258932,0.000000
97487.261433,0.000000
97487.263935,0.000000
97487.266436,0.000000
97487.268937,0.000000
97487.271438,0.000000
97487.273939,0.009540
97487.276440,0.007956
97487.278941,0.018051
97487.281442,0.014852
97487.283943,0.000000
97487.286444,0.000274
97487.288945,0.000000
97487.291446,0.000000
97487.293947,0.000000
97487.296448,0.000000
97487.298949,0.000000
97487.301450,0.007359
97487.303951,0.006660
97487.306452,0.000000
97487.308953,0.007449
97487.311454,0.002565
97487.313955,0.008954
97487.316456,0.015324
97487.318957,0.000000
97487.321458,0.017891
97487.323959,0.000000
97487.326460,0.000000
97487.328961,0.006159
97487.331463,0.000000
97487.333964,0.003758
97487.336465,0.028626
97487.338966,0.005652
97487.341467,0.003048
97487.343968,0.000000
97487.346469,0.000000
97487.348970,0.000000
97487.351471,0.015324
97487.353972,0.000000
97487.356473,0.005766
97487.358974,0.020490
97487.361475,0.020131
97487.363976,0.006159
97487.366477,0.002443
97487.368978,0.000000
97487.371479,0.000000
97487.373980,0.000000
97487.376481,0.000000
97487.378982,0.003569
97487.381483,0.027458
97487.383984,0.021800
97487.386485,0.003503
97487.388986,0.011195
97487.391487,0.000000
97487.393988,0.021029
97487.396489,0.000000
97487.398991,0.013111
97487.401492,0.007118
97487.403993,0.000000
97487.406494,0.000000
97487.408995,0.000000
97487.411496,0.000000
97487.413997,0.000000
97487.416498,0.011024
97487.418999,0.017313
97487.421500,0.000000
97487.424001,0.026405
97487.426502,0.000000
97487.429003,0.004163
97487.431504,0.000000
97487.434005,0.018972
97487.436506,0.002876
97487.439007,0.016358
97487.441508,0.017536
97487.444009,0.019174
97487.446510,0.000000
97487.449011,0.000000
97487.451512,0.000000
97487.454013,0.012857
97487.456514,0.004781
97487.459015,0.015357
97487.461516,0.015983
97487.464017,0.000000
97487.466519,0.019402
97487.469020,0.013658
97487.471521,0.000000
97487.474022,0.005024
97487.476523,0.000000
97487.479024,0.008849
97487.481525,0.000000
97487.484026,0.006879
97487.486527,0.000967
97487.489028,0.000000
97487.491529,0.002731
97487.494030,0.038874
97487.496531,0.000000
97487.499032,0.000000
97487.501533,0.000000
97487.504034,0.000000
97487.506535,0.011717
97487.509036,0.010283
97487.511537,0.000000
97487.514038,0.014741
97487.516539,0.011397
97487.519040,0.000000
97487.521541,0.000000
97487.524042,0.011919
97487.526543,0.002437
97487.529044,0.000319
97487.531545,0.000000
97487.534047,0.010696
97487.536548,0.005006
97487.539049,0.000000
97487.541550,0.000000
97487.544051,0.015339
97487.546552,0.008689
97487.549053,0.003668
97487.551554,0.000000
97487.554055,0.000000
97487.556556,0.000000
97487.559057,0.000000
97487.561558,0.010833
97487.564059,0.010268
97487.566560,0.006274
97487.569061,0.014908
97487.571562,0.000000
97487.574063,0.000000
97487.576564,0.001074
97487.579065,0.000000
97487.581566,0.010445
97487.584067,0.000000
97487.586568,0.018649
97487.589069,0.000000
97487.591570,0.030623
97487.594071,0.029148
97487.596572,0.000000
97487.599073,0.016463
97487.601575,0.000000
97487.604076,0.014554
97487.606577,0.000000
97487.609078,0.000000
97487.611579,0.000000
97487.614080,0.000000
97487.616581,0.004008
97487.619082,0.019108
97487.621583,0.000526
97487.624084,0.014405
97487.626585,0.000000
97487.629086,0.000000
97487.631587,0.015140
97487.634088,0.000000
97487.636589,0.000186
97487.639090,0.000000
97487.641591,0.019543
97487.644092,0.000000
97487.646593,0.007420
97487.649094,0.013236
97487.651595,0.000000
97487.654096,0.000000
97487.656597,0.000000
97487.659098,0.013592
97487.661599,0.009697
97487.664100,0.000000
97487.666601,0.000000
97487.669103,0.014911
97487.671604,0.000000
97487.674105,0.000000
97487.676606,0.000000
97487.679107,0.006286
97487.681608,0.000000
97487.684109,0.026711
97487.686610,0.000000
97487.689111,0.000000
97487.691612,0.002285
97487.694113,0.000000
97487.696614,0.000000
97487.699115,0.002742
97487.701616,0.000000
97487.704117,0.001674
97487.706618,0.000000
97487.709119,0.003782
97487.711620,0.022434
97487.714121,0.000000
97487.716622,0.000000
97487.719123,0.000000
97487.721624,0.000000
97487.724125,0.005887
97487.726626,0.000000
97487.729127,0.005981
97487.731628,0.000000
97487.734129,0.000000
97487.736630,0.004481
97487.739132,0.000000
97487.741633,0.001763
97487.744134,0.000000
97487.746635,0.000000
97487.749136,0.002261
97487.751637,0.000000
97487.754138,0.024767
97487.756639,0.011473
97487.759140,0.007828
97487.761641,0.000000
97487.764142,0.000000
97487.766643,0.000000
97487.769144,0.000000
97487.771645,0.000000
97487.774146,0.000000
97487.776647,0.009424
97487.779148,0.003923
97487.781649,0.016650
97487.784150,0.000000
97487.786651,0.003694
97487.789152,0.004939
97487.791653,0.003529
97487.794154,0.018412
97487.796655,0.011545
97487.799156,0.000000
97487.801657,0.000000
97487.804158,0.000000
97487.806660,0.030904
97487.809161,0.000000
97487.811662,0.000000
97487.814163,0.006296
97487.816664,0.007138
97487.819165,0.000000
97487.821666,0.000000
97487.824167,0.013630
97487.826668,0.000000
97487.829169,0.000000
97487.831670,0.000000
97487.834171,0.015712
97487.836672,0.004101
97487.839173,0.000000
97487.841674,0.000000
97487.844175,0.026909
97487.846676,0.015559
97487.849177,0.012088
97487.851678,0.000176
97487.854179,0.021667
97487.856680,0.000000
97487.859181,0.010815
97487.861682,0.000000
97487.864183,0.000000
97487.866684,0.010425
97487.869185,0.000000
97487.871686,0.000000
97487.874188,0.000000
97487.876689,0.000000
97487.879190,0.010962
97487.881691,0.000000
97487.884192,0.026693
97487.886693,0.000000
97487.889194,0.018808
97487.891695,0.000000
97487.894196,0.010507
97487.896697,0.014199
97487.899198,0.018724
97487.901699,0.000000
97487.904200,0.000000
97487.906701,0.008281
97487.909202,0.002132
97487.911703,0.004214
97487.914204,0.000000
97487.916705,0.022275
97487.919206,0.037467
97487.921707,0.001494
97487.924208,0.006513
97487.926709,0.000808
97487.929210,0.018444
97487.931711,0.011909
97487.934212,0.000000
97487.936713,0.000000
97487.939214,0.000000
97487.941716,0.038707
97487.944217,0.009125
97487.946718,0.000000
97487.949219,0.000000
97487.951720,0.011566
97487.954221,0.012998
97487.956722,0.011464
97487.959223,0.000000
97487.961724,0.004393
97487.964225,0.001593
97487.966726,0.000000
97487.969227,0.000000
97487.971728,0.005917
97487.974229,0.002822
97487.976730,0.007948
97487.979231,0.011362
97487.981732,0.021536
97487.984233,0.000000
97487.986734,0.009052
97487.989235,0.010761
97487.991736,0.000000
97487.994237,0.001750
97487.996738,0.000000
97487.999239,0.030287
97488.001740,0.001506
97488.004241,0.006485
97488.006742,0.000000
97488.009244,0.000000
97488.011745,0.000000
97488.014246,0.015798
97488.016747,0.011037
97488.019248,0.000000
97488.021749,0.000000
97488.024250,0.002584
97488.026751,0.000000
97488.029252,0.000000
97488.031753,0.000000
97488.034254,0.003118
97488.036755,0.003404
97488.039256,0.015724
97488.041757,0.000000
97488.044258,0.000000
97488.046759,0.000000
97488.049260,0.015814
97488.051761,0.012824
97488.054262,0.000413
97488.056763,0.000000
97488.059264,0.000000
97488.061765,0.000000
97488.064266,0.013864
97488.066767,0.004170
97488.069268,0.000000
97488.071769,0.005806
97488.074270,0.000000
97488.076772,0.000000
97488.079273,0.013958
97488.081774,0.010995
97488.084275,0.015701
97488.086776,0.000000
97488.089277,0.012683
97488.091778,0.000000
97488.094279,0.000000
97488.096780,0.000000
97488.099281,0.000343
97488.101782,0.000000
97488.104283,0.000000
97488.106784,0.020851
97488.109285,0.000000
97488.111786,0.000000
97488.114287,0.000000
97488.116788,0.038234
97488.119289,0.006677
97488.121790,0.000000
97488.124291,0.000981
97488.126792,0.003270
97488.129293,0.000000
97488.131794,0.000000
97488.134295,0.000000
97488.136796,0.000000
97488.139297,0.000000
97488.141798,0.005072
97488.144300,0.000000
97488.146801,0.037488
97488.149302,0.010818
97488.151803,0.000000
97488.154304,0.000000
97488.156805,0.000000
97488.159306,0.009830
97488.161807,0.007045
97488.164308,0.000000
97488.166809,0.000000
97488.169310,0.000000
97488.171811,0.000000
97488.174312,0.000000
97488.176813,0.000000
97488.179314,0.019117
97488.181815,0.000000
97488.184316,0.008774
97488.186817,0.010965
97488.189318,0.000000
97488.191819,0.000000
97488.194320,0.015354
97488.196821,0.000000
97488.199322,0.000000
97488.201823,0.029301
97488.204324,0.014074
97488.206825,0.001224
97488.209326,0.012076
97488.211827,0.000000
97488.214329,0.014625
97488.216830,0.000000
97488.219331,0.000000
97488.221832,0.000000
97488.224333,0.002318
97488.226834,0.000000
97488.229335,0.019545
97488.231836,0.010224
97488.234337,0.000000
97488.236838,0.000000
97488.239339,0.005468
97488.241840,0.000000
97488.244341,0.000000
97488.246842,0.018912
97488.249343,0.000000
97488.251844,0.000000
97488.254345,0.000000
97488.256846,0.045361
97488.259347,0.008737
97488.261848,0.016261
97488.264349,0.011033
97488.266850,0.011999
97488.269351,0.006802
97488.271852,0.005247
97488.274353,0.000000
97488.276854,0.005140
97488.279355,0.000000
97488.281857,0.007835
97488.284358,0.000000
97488.286859,0.010962
97488.289360,0.013501
97488.291861,0.000000
97488.294362,0.000000
97488.296863,0.000000
97488.299364,0.003432
97488.301865,0.000000
97488.304366,0.019474
97488.306867,0.002977
97488.309368,0.000000
97488.311869,0.013481
97488.314370,0.000000
97488.316871,0.000000
97488.319372,0.005654
97488.321873,0.023168
97488.324374,0.012260
97488.326875,0.008143
97488.329376,0.039513
97488.331877,0.000000
97488.334378,0.000000
97488.336879,0.002091
97488.339380,0.021761
97488.341881,0.000000
97488.344382,0.025202
97488.346883,0.000000
97488.349385,0.000000
97488.351886,0.002492
97488.354387,0.000000
97488.356888,0.000000
97488.359389,0.011442
97488.361890,0.020706
97488.364391,0.000000
97488.366892,0.002589
97488.369393,0.000000
97488.371894,0.001543
97488.374395,0.000000
97488.376896,0.000000
97488.379397,0.022153
97488.381898,0.016652
97488.384399,0.000000
97488.386900,0.000000
97488.389401,0.000000
97488.391902,0.000000
97488.394403,0.005082
97488.396904,0.011208
97488.399405,0.001981
97488.401906,0.000000
97488.404407,0.001916
97488.406908,0.000000
97488.409409,0.000000
97488.411910,0.000000
97488.414411,0.010007
97488.416913,0.019805
97488.419414,0.000000
97488.421915,0.000000
97488.424416,0.000512
97488.426917,0.028892
97488.429418,0.000000
97488.431919,0.012724
97488.434420,0.019189
97488.436921,0.000000
97488.439422,0.000000
97488.441923,0.008258
97488.444424,0.005073
97488.446925,0.009979
97488.449426,0.029786
97488.451927,0.002399
97488.454428,0.000000
97488.456929,0.000957
97488.459430,0.003470
97488.461931,0.018201
97488.464432,0.000000
97488.466933,0.000000
97488.469434,0.000000
97488.471935,0.007863
97488.474436,0.048092
97488.476937,0.000000
97488.479438,0.006492
97488.481939,0.000000
97488.484441,0.000000
97488.486942,0.006237
97488.489443,0.000405
97488.491944,0.000000
97488.494445,0.023126
97488.496946,0.005975
97488.499447,0.001061
97488.501948,0.000000
97488.504449,0.005821
97488.506950,0.006484
97488.509451,0.005764
97488.511952,0.015340
97488.514453,0.018605
97488.516954,0.028807
97488.519455,0.000000
97488.521956,0.000000
97488.524457,0.005188
97488.526958,0.000000
97488.529459,0.000000
97488.531960,0.006826
97488.534461,0.012939
97488.536962,0.018327
97488.539463,0.000000
97488.541964,0.006653
97488.544465,0.003487
97488.546966,0.000254
97488.549467,0.000000
97488.551969,0.000000
97488.554470,0.009576
97488.556971,0.000000
97488.559472,0.000000
97488.561973,0.000000
97488.564474,0.020902
97488.566975,0.000000
97488.569476,0.000000
97488.571977,0.009698
97488.574478,0.000000
97488.576979,0.000000
97488.579480,0.000000
97488.581981,0.000000
97488.584482,0.000000
97488.586983,0.000000
97488.589484,0.000000
97488.591985,0.000000
97488.594486,0.031990
97488.596987,0.010884
97488.599488,0.014515
97488.601989,0.011452
97488.604490,0.000000
97488.606991,0.004465
97488.609492,0.015767
97488.611993,0.011898
97488.614494,0.002794
97488.616995,0.007470
97488.619497,0.035376
97488.621998,0.012057
97488.624499,0.000000
97488.627000,0.000000
97488.629501,0.000000
97488.632002,0.033712
97488.634503,0.023037
97488.637004,0.001195
97488.639505,0.031324
97488.642006,0.009083
97488.644507,0.000000
97488.647008,0.013020
97488.649509,0.005726
97488.652010,0.012035
97488.654511,0.000000
97488.657012,0.000000
97488.659513,0.021380
97488.662014,0.024319
97488.664515,0.020326
97488.667016,0.031868
97488.669517,0.008293
97488.672018,0.007284
97488.674519,0.000000
97488.677020,0.000000
97488.679521,0.000000
97488.682022,0.000000
97488.684523,0.000000
97488.687024,0.015526
97488.689526,0.005579
97488.692027,0.000000
97488.694528,0.000000
97488.697029,0.028262
97488.699530,0.000000
97488.702031,0.000000
97488.704532,0.000000
97488.707033,0.000000
97488.709534,0.007693
97488.712035,0.000000
97488.714536,0.000000
97488.717037,0.000000
97488.719538,0.000000
97488.722039,0.000000
97488.724540,0.004540
97488.727041,0.000000
97488.729542,0.000000
97488.732043,0.014519
97488.734544,0.005404
97488.737045,0.009849
97488.739546,0.030887
97488.742047,0.000000
97488.744548,0.000308
97488.747049,0.000000
97488.749550,0.000000
97488.752051,0.000000
97488.754552,0.001207
97488.757054,0.005100
97488.759555,0.005900
97488.762056,0.000924
97488.764557,0.013303
97488.767058,0.000423
97488.769559,0.000000
97488.772060,0.000000
97488.774561,0.000000
97488.777062,0.020977
97488.779563,0.000000
97488.782064,0.000000
97488.784565,0.000000
97488.787066,0.000000
97488.789567,0.023535
97488.792068,0.000000
97488.794569,0.037825
97488.797070,0.000915
97488.799571,0.029546
97488.802072,0.012840
97488.804573,0.005186
97488.807074,0.022663
97488.809575,0.016119
97488.812076,0.009116
97488.814577,0.033289
97488.817078,0.000000
97488.819579,0.000000
97488.822080,0.000000
97488.824582,0.025169
97488.827083,0.020838
97488.829584,0.000000
97488.832085,0.000000
97488.834586,0.000000
97488.837087,0.000000
97488.839588,0.000000
97488.842089,0.000000
97488.844590,0.000000
97488.847091,0.027049
97488.849592,0.000000
97488.852093,0.020291
97488.854594,0.000000
97488.857095,0.000000
97488.859596,0.007312
97488.862097,0.000000
97488.864598,0.000000
97488.867099,0.002081
97488.869600,0.000000
97488.872101,0.000000
97488.874602,0.000000
97488.877103,0.013845
97488.879604,0.000000
97488.882105,0.002211
97488.884606,0.021624
97488.887107,0.000000
97488.889608,0.001237
97488.892110,0.000793
97488.894611,0.000000
97488.897112,0.000000
97488.899613,0.000000
97488.902114,0.005288
97488.904615,0.010886
97488.907116,0.011564
97488.909617,0.000000
97488.912118,0.015704
97488.914619,0.004415
97488.917120,0.001016
97488.919621,0.000000
97488.922122,0.000000
97488.924623,0.000000
97488.927124,0.009007
97488.929625,0.001365
97488.932126,0.000000
97488.934627,0.004372
97488.937128,0.000000
97488.939629,0.000000
97488.942130,0.000000
97488.944631,0.007758
97488.947132,0.020101
97488.949633,0.000000
97488.952134,0.018995
97488.954635,0.000681
97488.957136,0.003392
97488.959638,0.000000
97488.962139,0.000000
97488.964640,0.006310
97488.967141,0.010634
97488.969642,0.000000
97488.972143,0.000000
97488.974644,0.023977
97488.977145,0.002545
97488.979646,0.004118
97488.982147,0.016766
97488.984648,0.000000
97488.987149,0.000000
97488.989650,0.011733
97488.992151,0.017795
97488.994652,0.000000
97488.997153,0.000000
97488.999654,0.000000
97489.002155,0.000000
97489.004656,0.000000
97489.007157,0.009539
97489.009658,0.002476
97489.012159,0.012772
97489.014660,0.013689
97489.017161,0.009754
97489.019662,0.000000
97489.022163,0.001498
97489.024664,0.000000
97489.027166,0.000000
97489.029667,0.013700
97489.032168,0.000000
97489.034669,0.000000
97489.037170,0.007712
97489.039671,0.000000
97489.042172,0.000000
97489.044673,0.000000
97489.047174,0.000000
97489.049675,0.003024
97489.052176,0.011319
97489.054677,0.010827
97489.057178,0.008659
97489.059679,0.000000
97489.062180,0.024737
97489.064681,0.010053
97489.067182,0.003190
97489.069683,0.008138
97489.072184,0.000000
97489.074685,0.000000
97489.077186,0.000000
97489.079687,0.000000
97489.082188,0.025278
97489.084689,0.002131
97489.087190,0.001533
97489.089691,0.014343
97489.092192,0.005140
97489.094694,0.000000
97489.097195,0.000340
97489.099696,0.000000
97489.102197,0.002637
97489.104698,0.000000
97489.107199,0.013334
97489.109700,0.000000
97489.112201,0.000000
97489.114702,0.000000
97489.117203,0.005248
97489.119704,0.000000
97489.122205,0.000000
97489.124706,0.001511
97489.127207,0.019224
97489.129708,0.000000
97489.132209,0.008836
97489.134710,0.000000
97489.137211,0.000000
97489.139712,0.000000
97489.142213,0.000000
97489.144714,0.008917
97489.147215,0.000000
97489.149716,0.023823
97489.152217,0.008961
97489.154718,0.002844
97489.157219,0.000000
97489.159720,0.017091
97489.162221,0.019190
97489.164723,0.000000
97489.167224,0.000000
97489.169725,0.009116
97489.172226,0.013454
97489.174727,0.000000
97489.177228,0.000000
97489.179729,0.001129
97489.182230,0.021211
97489.184731,0.000589
97489.187232,0.000000
97489.189733,0.001574
97489.192234,0.011243
97489.194735,0.000000
97489.197236,0.018072
97489.199737,0.012437
97489.202238,0.000000
97489.204739,0.000620
97489.207240,0.000000
97489.209741,0.017383
97489.212242,0.000000
97489.214743,0.000000
97489.217244,0.000000
97489.219745,0.006560
97489.222246,0.000000
97489.224747,0.000000
97489.227248,0.000000
97489.229749,0.000000
97489.232251,0.004815
97489.234752,0.000000
97489.237253,0.022910
97489.239754,0.009960
97489.242255,0.009780
97489.244756,0.000000
97489.247257,0.034554
97489.249758,0.000000
97489.252259,0.000000
97489.254760,0.010151
97489.257261,0.002804
97489.259762,0.000000
97489.262263,0.031540
97489.264764,0.014013
97489.267265,0.000058
97489.269766,0.034488
97489.272267,0.011646
97489.274768,0.000000
97489.277269,0.032770
97489.279770,0.009465
97489.282271,0.008837
97489.284772,0.000000
97489.287273,0.000710
97489.289774,0.000000
97489.292275,0.020680
97489.294776,0.000000
97489.297277,0.019619
97489.299779,0.000000
97489.302280,0.000000
97489.304781,0.000000
97489.307282,0.000000
97489.309783,0.009908
97489.312284,0.000000
97489.314785,0.000000
97489.317286,0.002212
97489.319787,0.000000
97489.322288,0.000000
97489.324789,0.000000
97489.327290,0.000000
97489.329791,0.007099
97489.332292,0.000533
97489.334793,0.026071
97489.337294,0.037529
97489.339795,0.000000
97489.342296,0.000000
97489.344797,0.016228
97489.347298,0.004815
97489.349799,0.016315
97489.352300,0.005729
97489.354801,0.000000
97489.357302,0.000000
97489.359803,0.006216
97489.362304,0.000000
97489.364805,0.017516
97489.367307,0.000000
97489.369808,0.017439
97489.372309,0.000000
97489.374810,0.002084
97489.377311,0.000000
97489.379812,0.000000
97489.382313,0.000000
97489.384814,0.000000
97489.387315,0.000656
97489.389816,0.000000
97489.392317,0.000000
97489.394818,0.019424
97489.397319,0.000000
97489.399820,0.009755
97489.402321,0.000000
97489.404822,0.000000
97489.407323,0.000000
97489.409824,0.008904
97489.412325,0.000000
97489.414826,0.004129
97489.417327,0.000000
97489.419828,0.000000
97489.422329,0.005755
97489.424830,0.031219
97489.427331,0.000000
97489.429832,0.010340
97489.432333,0.000000
97489.434835,0.000000
97489.437336,0.015389
97489.439837,0.000000
97489.442338,0.000000
97489.444839,0.006610
97489.447340,0.022907
97489.449841,0.010773
97489.452342,0.000000
97489.454843,0.000000
97489.457344,0.014070
97489.459845,0.022710
97489.462346,0.003285
97489.464847,0.000000
97489.467348,0.023643
97489.469849,0.000000
97489.472350,0.000000
97489.474851,0.000000
97489.477352,0.000000
97489.479853,0.040700
97489.482354,0.020410
97489.484855,0.000000
97489.487356,0.024875
97489.489857,0.007660
97489.492358,0.006810
97489.494859,0.000000
97489.497360,0.000000
97489.499861,0.000000
97489.502363,0.000000
97489.504864,0.000000
97489.507365,0.000064
97489.509866,0.018809
97489.512367,0.000000
97489.514868,0.011665
97489.517369,0.000000
97489.519870,0.016763
97489.522371,0.000000
97489.524872,0.001871
97489.527373,0.005837
97489.529874,0.003019
97489.532375,0.000000
97489.534876,0.000000
97489.537377,0.000000
97489.539878,0.014312
97489.542379,0.000000
97489.544880,0.000000
97489.547381,0.000000
97489.549882,0.012332
97489.552383,0.000000
97489.554884,0.013156
97489.557385,0.000000
97489.559886,0.014572
97489.562387,0.000146
97489.564888,0.000000
97489.567389,0.022987
97489.569891,0.000000
97489.572392,0.000000
97489.574893,0.013058
97489.577394,0.000000
97489.579895,0.000000
97489.582396,0.016633
97489.584897,0.000000
97489.587398,0.012419
97489.589899,0.000663
97489.592400,0.000000
97489.594901,0.008723
97489.597402,0.000000
97489.599903,0.000000
97489.602404,0.000000
97489.604905,0.000000
97489.607406,0.005789
97489.609907,0.000000
97489.612408,0.000000
97489.614909,0.000000
97489.617410,0.000000
97489.619911,0.000000
97489.622412,0.036393
97489.624913,0.000000
97489.627414,0.026190
97489.629915,0.016733
97489.632416,0.000000
97489.634917,0.002599
97489.637418,0.002182
97489.639920,0.026489
97489.642421,0.011919
97489.644922,0.000000
97489.647423,0.005050
97489.649924,0.011553
97489.652425,0.000000
97489.654926,0.007098
97489.657427,0.019326
97489.659928,0.000000
97489.662429,0.000000
97489.664930,0.016668
97489.667431,0.000000
97489.669932,0.000000
97489.672433,0.012673
97489.674934,0.008286
97489.677435,0.001356
97489.679936,0.016153
97489.682437,0.017174
97489.684938,0.000000
97489.687439,0.028358
97489.689940,0.022743
97489.692441,0.000000
97489.694942,0.000000
97489.697443,0.000000
97489.699944,0.000000
97489.702445,0.000000
97489.704946,0.000000
97489.707448,0.015664
97489.709949,0.000000
97489.712450,0.001863
97489.714951,0.001776
97489.717452,0.000000
97489.719953,0.001878
97489.722454,0.000000
97489.724955,0.000000
97489.727456,0.022163
97489.729957,0.000000
97489.732458,0.023938
97489.734959,0.000000
97489.737460,0.000000
97489.739961,0.000000
97489.742462,0.016218
97489.744963,0.000000
97489.747464,0.004961
97489.749965,0.001058
97489.752466,0.000000
97489.754967,0.018301
97489.757468,0.011082
97489.759969,0.000000
97489.762470,0.000000
97489.764971,0.025042
97489.767472,0.004590
97489.769973,0.000000
97489.772474,0.000000
97489.774976,0.012786
97489.777477,0.010089
97489.779978,0.000000
97489.782479,0.010739
97489.784980,0.022973
97489.787481,0.020940
97489.789982,0.023043
97489.792483,0.007979
97489.794984,0.000000
97489.797485,0.000000
97489.799986,0.000000
97489.802487,0.000000
97489.804988,0.000000
97489.807489,0.018315
97489.809990,0.000000
97489.812491,0.000000
97489.814992,0.011929
97489.817493,0.000000
97489.819994,0.000000
97489.822495,0.000000
97489.824996,0.000000
97489.827497,0.000000
97489.829998,0.009849
97489.832499,0.000000
97489.835000,0.000187
97489.837501,0.000000
97489.840002,0.000543
97489.842504,0.000000
97489.845005,0.000000
97489.847506,0.000284
97489.850007,0.007773
97489.852508,0.026521
97489.855009,0.011576
97489.857510,0.006624
97489.860011,0.018263
97489.862512,0.000000
97489.865013,0.022320
97489.867514,0.016077
97489.870015,0.000000
97489.872516,0.027635
97489.875017,0.006420
97489.877518,0.031499
97489.880019,0.004355
97489.882520,0.000000
97489.885021,0.000000
97489.887522,0.000000
97489.890023,0.000000
97489.892524,0.018262
97489.895025,0.000000
97489.897526,0.000000
97489.900027,0.003059
97489.902528,0.001803
97489.905029,0.000000
97489.907530,0.003844
97489.910032,0.000000
97489.912533,0.009103
97489.915034,0.008259
97489.917535,0.005241
97489.920036,0.000000
97489.922537,0.030437
97489.925038,0.000000
97489.927539,0.000000
97489.930040,0.000000
97489.932541,0.005693
97489.935042,0.001988
97489.937543,0.000000
97489.940044,0.021801
97489.942545,0.015922
97489.945046,0.000000
97489.947547,0.011550
97489.950048,0.022474
97489.952549,0.015819
97489.955050,0.000000
97489.957551,0.000000
97489.960052,0.004663
97489.962553,0.009604
97489.965054,0.000000
97489.967555,0.000324
97489.970056,0.000000
97489.972557,0.019932
97489.975058,0.026627
97489.977560,0.016880
97489.980061,0.000000
97489.982562,0.016485
97489.985063,0.009319
97489.987564,0.000000
97489.990065,0.030054
97489.992566,0.000000
97489.995067,0.008674
97489.997568,0.012059
97490.000069,0.000000
97490.002570,0.008031
97490.005071,0.013581
97490.007572,0.003514
97490.010073,0.006787
97490.012574,0.001514
97490.015075,0.011455
97490.017576,0.000000
97490.020077,0.000000
97490.022578,0.000295
97490.025079,0.017002
97490.027580,0.000000
97490.030081,0.000000
97490.032582,0.032688
97490.035083,0.003953
97490.037584,0.000000
97490.040085,0.011417
97490.042586,0.000000
97490.045088,0.000000
97490.047589,0.005096
97490.050090,0.000000
97490.052591,0.001456
97490.055092,0.004731
97490.057593,0.002041
97490.060094,0.000000
97490.062595,0.000377
97490.065096,0.006386
97490.067597,0.000000
97490.070098,0.000000
97490.072599,0.000000
97490.075100,0.010726
97490.077601,0.000000
97490.080102,0.011918
97490.082603,0.005631
97490.085104,0.000000
97490.087605,0.000000
97490.090106,0.000000
97490.092607,0.011231
97490.095108,0.018051
97490.097609,0.000000
97490.100110,0.016401
97490.102611,0.009852
97490.105112,0.000000
97490.107613,0.000000
97490.110114,0.000000
97490.112615,0.026184
97490.115117,0.002563
97490.117618,0.019102
97490.120119,0.003470
97490.122620,0.000000
97490.125121,0.008390
97490.127622,0.030994
97490.130123,0.000000
97490.132624,0.013126
97490.135125,0.002736
97490.137626,0.000000
97490.140127,0.000000
97490.142628,0.000000
97490.145129,0.004991
97490.147630,0.012617
97490.150131,0.000000
97490.152632,0.009375
97490.155133,0.000000
97490.157634,0.000048
97490.160135,0.008455
97490.162636,0.025080
97490.165137,0.004361
97490.167638,0.000000
97490.170139,0.000000
97490.172640,0.012240
97490.175141,0.012712
97490.177642,0.009564
97490.180143,0.000000
97490.182645,0.000000
97490.185146,0.008467
97490.187647,0.000000
97490.190148,0.009954
97490.192649,0.009958
97490.195150,0.000000
97490.197651,0.000000
97490.200152,0.002854
97490.202653,0.000000
97490.205154,0.000000
97490.207655,0.000000
97490.210156,0.000934
97490.212657,0.019549
97490.215158,0.000000
97490.217659,0.015347
97490.220160,0.000000
97490.222661,0.000000
97490.225162,0.000000
97490.227663,0.000000
97490.230164,0.000000
97490.232665,0.027927
97490.235166,0.000000
97490.237667,0.033198
97490.240168,0.000000
97490.242669,0.000000
97490.245170,0.018547
97490.247671,0.000000
97490.250173,0.001995
97490.252674,0.000000
97490.255175,0.000000
97490.257676,0.000000
97490.260177,0.000000
97490.262678,0.000000
97490.265179,0.003307
97490.267680,0.008987
97490.270181,0.003463
97490.272682,0.006479
97490.275183,0.000000
97490.277684,0.000000
97490.280185,0.006753
97490.282686,0.000000
97490.285187,0.000000
97490.287688,0.005713
97490.290189,0.000000
97490.292690,0.020534
97490.295191,0.000000
97490.297692,0.001784
97490.300193,0.000000
97490.302694,0.009376
97490.305195,0.004872
97490.307696,0.000000
97490.310197,0.020809
97490.312698,0.000000
97490.315199,0.017849
97490.317701,0.013218
97490.320202,0.000000
97490.322703,0.013348
97490.325204,0.015203
97490.327705,0.008069
97490.330206,0.000000
97490.332707,0.009805
97490.335208,0.014467
97490.337709,0.000000
97490.340210,0.006336
97490.342711,0.000000
97490.345212,0.012717
97490.347713,0.000000
97490.350214,0.000000
97490.352715,0.000000
97490.355216,0.000000
97490.357717,0.000000
97490.360218,0.005201
97490.362719,0.012496
97490.365220,0.003576
97490.367721,0.000000
97490.370222,0.019423
97490.372723,0.020628
97490.375224,0.001617
97490.377725,0.000000
97490.380226,0.000000
97490.382727,0.000000
97490.385229,0.004003
97490.387730,0.000000
97490.390231,0.000000
97490.392732,0.014694
97490.395233,0.003696
97490.397734,0.000000
97490.400235,0.004184
97490.402736,0.002325
97490.405237,0.000000
97490.407738,0.017165
97490.410239,0.001937
97490.412740,0.000000
97490.415241,0.000000
97490.417742,0.006376
97490.420243,0.000000
97490.422744,0.000000
97490.425245,0.015311
97490.427746,0.000000
97490.430247,0.000000
97490.432748,0.011160
97490.435249,0.034700
97490.437750,0.012590
97490.440251,0.026777
97490.442752,0.000000
97490.445253,0.000000
97490.447754,0.006557
97490.450255,0.013698
97490.452757,0.000000
97490.455258,0.000000
97490.457759,0.000000
97490.460260,0.000000
97490.462761,0.000000
97490.465262,0.012109
97490.467763,0.006746
97490.470264,0.011469
97490.472765,0.004839
97490.475266,0.000000
97490.477767,0.006077
97490.480268,0.000000
97490.482769,0.000000
97490.485270,0.000000
97490.487771,0.000000
97490.490272,0.001300
97490.492773,0.000000
97490.495274,0.000000
97490.497775,0.016343
97490.500276,0.000000
97490.502777,0.000000
97490.505278,0.000000
97490.507779,0.000000
97490.510280,0.000000
97490.512781,0.000000
97490.515282,0.010227
97490.517783,0.000424
97490.520285,0.022384
97490.522786,0.003204
97490.525287,0.000000
97490.527788,0.000000
97490.530289,0.011585
97490.532790,0.000000
97490.535291,0.000000
97490.537792,0.024046
97490.540293,0.008776
97490.542794,0.005600
97490.545295,0.013564
97490.547796,0.013028
97490.550297,0.022708
97490.552798,0.000000
97490.555299,0.000000
97490.557800,0.000000
97490.560301,0.000000
97490.562802,0.000000
97490.565303,0.000000
97490.567804,0.000000
97490.570305,0.020671
97490.572806,0.003508
97490.575307,0.010276
97490.577808,0.000000
97490.580309,0.000000
97490.582810,0.000000
97490.585311,0.014962
97490.587812,0.000000
97490.590314,0.010730
97490.592815,0.000000
97490.595316,0.000290
97490.597817,0.007821
97490.600318,0.000000
97490.602819,0.035513
97490.605320,0.000000
97490.607821,0.000000
97490.610322,0.002937
97490.612823,0.000000
97490.615324,0.000000
97490.617825,0.000000
97490.620326,0.010887
97490.622827,0.000000
97490.625328,0.024447
97490.627829,0.000000
97490.630330,0.010205
97490.632831,0.007337
97490.635332,0.000000
97490.637833,0.000000
97490.640334,0.000000
97490.642835,0.007945
97490.645336,0.017211
97490.647837,0.000000
97490.650338,0.000000
97490.652839,0.000000
97490.655340,0.007920
97490.657842,0.000000
97490.660343,0.019003
97490.662844,0.000000
97490.665345,0.000000
97490.667846,0.000000
97490.670347,0.000000
97490.672848,0.009607
97490.675349,0.007674
97490.677850,0.064946
97490.680351,0.174969
97490.682852,0.414377
97490.685353,0.653559
97490.687854,0.734249
97490.690355,0.610693
97490.692856,0.322071
97490.695357,0.126812
97490.697858,0.051956
97490.700359,0.018096
97490.702860,0.024599
97490.705361,0.007036
97490.707862,0.000000
97490.710363,0.029548
97490.712864,0.008361
97490.715365,0.000000
97490.717866,0.000825
97490.720367,0.002575
97490.722868,0.000000
97490.725370,0.000000
97490.727871,0.023365
97490.730372,0.000000
97490.732873,0.002636
97490.735374,0.029849
97490.737875,0.000000
97490.740376,0.009415
97490.742877,0.000000
97490.745378,0.004611
97490.747879,0.002894
97490.750380,0.011356
97490.752881,0.017354
97490.755382,0.000000
97490.757883,0.020348
97490.760384,0.021365
97490.762885,0.000000
97490.765386,0.000000
97490.767887,0.000000
97490.770388,0.000000
97490.772889,0.000000
97490.775390,0.011168
97490.777891,0.000000
97490.780392,0.000000
97490.782893,0.000000
97490.785394,0.018670
97490.787895,0.000000
97490.790396,0.006145
97490.792898,0.000000
97490.795399,0.013575
97490.797900,0.005395
97490.800401,0.011925
97490.802902,0.000000
97490.805403,0.000000
97490.807904,0.005273
97490.810405,0.000000
97490.812906,0.000436
97490.815407,0.004557
97490.817908,0.017838
97490.820409,0.011298
97490.822910,0.000000
97490.825411,0.000000
97490.827912,0.024524
97490.830413,0.000000
97490.832914,0.000000
97490.835415,0.009268
97490.837916,0.023538
97490.840417,0.000000
97490.842918,0.000393
97490.845419,0.000000
97490.847920,0.001819
97490.850421,0.000000
97490.852922,0.000000
97490.855423,0.010972
97490.857924,0.000000
97490.860426,0.013175
97490.862927,0.000000
97490.865428,0.000000
97490.867929,0.016782
97490.870430,0.000000
97490.872931,0.000000
97490.875432,0.000000
97490.877933,0.014447
97490.880434,0.000000
97490.882935,0.000000
97490.885436,0.002337
97490.887937,0.000000
97490.890438,0.000000
97490.892939,0.003109
97490.895440,0.000000
97490.897941,0.000000
97490.900442,0.030720
97490.902943,0.001496
97490.905444,0.002502
97490.907945,0.000000
97490.910446,0.012894
97490.912947,0.000000
97490.915448,0.000000
97490.917949,0.000000
97490.920450,0.000000
97490.922951,0.000000
97490.925452,0.000000
97490.927954,0.000000
97490.930455,0.000000
97490.932956,0.000000
97490.935457,0.000000
97490.937958,0.000000
97490.940459,0.001408
97490.942960,0.001648
97490.945461,0.012631
97490.947962,0.000000
97490.950463,0.000000
97490.952964,0.000000
97490.955465,0.000000
97490.957966,0.006069
97490.960467,0.020704
97490.962968,0.000777
97490.965469,0.000000
97490.967970,0.000000
97490.970471,0.000000
97490.972972,0.000000
97490.975473,0.016100
97490.977974,0.017221
97490.980475,0.000000
97490.982976,0.002630
97490.985477,0.000000
97490.987978,0.000000
97490.990479,0.025687
97490.992980,0.000000
97490.995482,0.000000
97490.997983,0.025803
97491.000484,0.000239
97491.002985,0.000000
97491.005486,0.009806
97491.007987,0.011104
97491.010488,0.000000
97491.012989,0.000000
97491.015490,0.012586
97491.017991,0.000000
97491.020492,0.004053
97491.022993,0.020465
97491.025494,0.000000
97491.027995,0.000000
97491.030496,0.003758
97491.032997,0.000000
97491.035498,0.000000
97491.037999,0.015003
97491.040500,0.000000
97491.043001,0.000000
97491.045502,0.016243
97491.048003,0.006385
97491.050504,0.000000
97491.053005,0.000000
97491.055506,0.014770
97491.058007,0.004230
97491.060508,0.009273
97491.063009,0.000000
97491.065511,0.000000
97491.068012,0.008933
97491.070513,0.015813
97491.073014,0.000000
97491.075515,0.012751
97491.078016,0.000000
97491.080517,0.000000
97491.083018,0.025171
97491.085519,0.000000
97491.088020,0.000000
97491.090521,0.000000
97491.093022,0.009912
97491.095523,0.000000
97491.098024,0.002115
97491.100525,0.000000
97491.103026,0.000000
97491.105527,0.000000
97491.108028,0.000000
97491.110529,0.016893
97491.113030,0.021836
97491.115531,0.009347
97491.118032,0.018264
97491.120533,0.012269
97491.123034,0.007104
97491.125535,0.020901
97491.128036,0.000000
97491.130537,0.000000
97491.133039,0.000000
97491.135540,0.000000
97491.138041,0.009852
97491.140542,0.000000
97491.143043,0.007222
97491.145544,0.000000
97491.148045,0.000000
97491.150546,0.002879
97491.153047,0.024149
97491.155548,0.000000
97491.158049,0.000000
97491.160550,0.000000
97491.163051,0.000000
97491.165552,0.000000
97491.168053,0.003516
97491.170554,0.006109
97491.173055,0.009868
97491.175556,0.000000
97491.178057,0.007296
97491.180558,0.001625
97491.183059,0.000000
97491.185560,0.000000
97491.188061,0.002201
97491.190562,0.002657
97491.193063,0.001461
97491.195564,0.005746
97491.198065,0.009977
97491.200567,0.000000
97491.203068,0.000000
97491.205569,0.007408
97491.208070,0.000000
97491.210571,0.013781
97491.213072,0.001295
97491.215573,0.000000
97491.218074,0.012057
97491.220575,0.000000
97491.223076,0.000000
97491.225577,0.000000
97491.228078,0.000000
97491.230579,0.010818
97491.233080,0.000000
97491.235581,0.000000
97491.238082,0.011647
97491.240583,0.006586
97491.243084,0.000000
97491.245585,0.000000
97491.248086,0.000000
97491.250587,0.000000
97491.253088,0.010722
97491.255589,0.000000
97491.258090,0.000000
97491.260591,0.000000
97491.263092,0.014874
97491.265593,0.003343
97491.268095,0.007688
97491.270596,0.000000
97491.273097,0.000000
97491.275598,0.000000
97491.278099,0.011163
97491.280600,0.011130
97491.283101,0.000000
97491.285602,0.000000
97491.288103,0.000000
97491.290604,0.000000
97491.293105,0.001961
97491.295606,0.021160
97491.298107,0.001771
97491.300608,0.008816
97491.303109,0.000000
97491.305610,0.000599
97491.308111,0.002012
97491.310612,0.000000
97491.313113,0.000000
97491.315614,0.001813
97491.318115,0.006909
97491.320616,0.016793
97491.323117,0.000000
97491.325618,0.015997
97491.328119,0.000000
97491.330620,0.004435
97491.333121,0.033835
97491.335623,0.000000
97491.338124,0.002586
97491.340625,0.000000
97491.343126,0.009584
97491.345627,0.005203
97491.348128,0.000000
97491.350629,0.000000
97491.353130,0.000000
97491.355631,0.000000
97491.358132,0.000000
97491.360633,0.001961
97491.363134,0.000000
97491.365635,0.000000
97491.368136,0.000126
97491.370637,0.001126
97491.373138,0.003940
97491.375639,0.000000
97491.378140,0.000000
97491.380641,0.001179
97491.383142,0.000000
97491.385643,0.014718
97491.388144,0.016529
97491.390645,0.000000
97491.393146,0.008865
97491.395647,0.011746
97491.398148,0.000000
97491.400649,0.008323
97491.403151,0.012869
97491.405652,0.000000
97491.408153,0.000000
97491.410654,0.002676
97491.413155,0.008194
97491.415656,0.000000
97491.418157,0.016619
97491.420658,0.000000
97491.423159,0.019014
97491.425660,0.007904
97491.428161,0.000000
97491.430662,0.012416
97491.433163,0.000000
97491.435664,0.001651
97491.438165,0.003426
97491.440666,0.003392
97491.443167,0.000000
97491.445668,0.000000
97491.448169,0.001821
97491.450670,0.000000
97491.453171,0.003899
97491.455672,0.000000
97491.458173,0.014364
97491.460674,0.022446
97491.463175,0.000000
97491.465676,0.013218
97491.468177,0.000000
97491.470679,0.000000
97491.473180,0.000000
97491.475681,0.001229
97491.478182,0.000000
97491.480683,0.008987
97491.483184,0.001236
97491.485685,0.014371
97491.488186,0.008735
97491.490687,0.001723
97491.493188,0.000000
97491.495689,0.021874
97491.498190,0.031167
97491.500691,0.000000
97491.503192,0.014971
97491.505693,0.000000
97491.508194,0.000000
97491.510695,0.000000
97491.513196,0.009834
97491.515697,0.000000
97491.518198,0.022263
97491.520699,0.013471
97491.523200,0.009502
97491.525701,0.000000
97491.528202,0.011914
97491.530703,0.000000
97491.533204,0.006333
97491.535705,0.002300
97491.538206,0.000000
97491.540708,0.005835
97491.543209,0.008487
97491.545710,0.000000
97491.548211,0.000000
97491.550712,0.029652
97491.553213,0.000000
97491.555714,0.014013
97491.558215,0.016185
97491.560716,0.005658
97491.563217,0.014611
97491.565718,0.000000
97491.568219,0.000000
97491.570720,0.000000
97491.573221,0.000000
97491.575722,0.000000
97491.578223,0.000000
97491.580724,0.000595
97491.583225,0.000000
97491.585726,0.001921
97491.588227,0.002509
97491.590728,0.004782
97491.593229,0.000000
97491.595730,0.000000
97491.598231,0.000000
97491.600732,0.000000
97491.603233,0.000000
97491.605734,0.015535
97491.608236,0.010411
97491.610737,0.000000
97491.613238,0.000000
97491.615739,0.028864
97491.618240,0.002306
97491.620741,0.005683
97491.623242,0.000000
97491.625743,0.000000
97491.628244,0.021708
97491.630745,0.001627
97491.633246,0.000000
97491.635747,0.000110
97491.638248,0.036561
97491.640749,0.000572
97491.643250,0.000000
97491.645751,0.000000
97491.648252,0.011214
97491.650753,0.000000
97491.653254,0.006472
97491.655755,0.000000
97491.658256,0.000000
97491.660757,0.000000
97491.663258,0.000395
97491.665759,0.020040
97491.668260,0.013119
97491.670761,0.000000
97491.673262,0.013964
97491.675764,0.000000
97491.678265,0.000000
97491.680766,0.000303
97491.683267,0.000000
97491.685768,0.011367
97491.688269,0.011575
97491.690770,0.000000
97491.693271,0.002091
97491.695772,0.001954
97491.698273,0.012524
97491.700774,0.000000
97491.703275,0.008611
97491.705776,0.000000
97491.708277,0.011163
97491.710778,0.015264
97491.713279,0.000000
97491.715780,0.017511
97491.718281,0.000000
97491.720782,0.015794
97491.723283,0.020661
97491.725784,0.004967
97491.728285,0.000000
97491.730786,0.004487
97491.733287,0.000000
97491.735788,0.037699
97491.738289,0.000000
97491.740790,0.018923
97491.743292,0.000000
97491.745793,0.022936
97491.748294,0.028904
97491.750795,0.005544
97491.753296,0.004117
97491.755797,0.000000
97491.758298,0.000000
97491.760799,0.004279
97491.763300,0.020945
97491.765801,0.000000
97491.768302,0.031714
97491.770803,0.000000
97491.773304,0.003295
97491.775805,0.003333
97491.778306,0.000000
97491.780807,0.000000
97491.783308,0.000000
97491.785809,0.002868
97491.788310,0.000000
97491.790811,0.009138
97491.793312,0.010871
97491.795813,0.000000
97491.798314,0.000000
97491.800815,0.022239
97491.803316,0.000000
97491.805817,0.000000
97491.808318,0.000000
97491.810820,0.010722
97491.813321,0.018917
97491.815822,0.000000
97491.818323,0.003300
97491.820824,0.006159
97491.823325,0.025912
97491.825826,0.000000
97491.828327,0.010690
97491.830828,0.005408
97491.833329,0.000000
97491.835830,0.004686
97491.838331,0.010641
97491.840832,0.008376
97491.843333,0.031004
97491.845834,0.001831
97491.848335,0.000386
97491.850836,0.000000
97491.853337,0.007943
97491.855838,0.000000
97491.858339,0.000190
97491.860840,0.000256
97491.863341,0.000000
97491.865842,0.000000
97491.868343,0.006005
97491.870844,0.000000
97491.873345,0.008815
97491.875846,0.001591
97491.878348,0.000000
97491.880849,0.022476
97491.883350,0.000000
97491.885851,0.008946
97491.888352,0.000000
97491.890853,0.000000
97491.893354,0.000000
97491.895855,0.000000
97491.898356,0.000000
97491.900857,0.021095
97491.903358,0.000000
97491.905859,0.000000
97491.908360,0.021549
97491.910861,0.000000
97491.913362,0.000000
97491.915863,0.011322
97491.918364,0.007515
97491.920865,0.010780
97491.923366,0.012933
97491.925867,0.000000
97491.928368,0.000000
97491.930869,0.016822
97491.933370,0.000000
97491.935871,0.000000
97491.938372,0.000000
97491.940873,0.000000
97491.943374,0.000000
97491.945876,0.000000
97491.948377,0.000000
97491.950878,0.004577
97491.953379,0.000000
97491.955880,0.000000
97491.958381,0.000000
97491.960882,0.027839
97491.963383,0.013528
97491.965884,0.000000
97491.968385,0.000000
97491.970886,0.000156
97491.973387,0.000000
97491.975888,0.000000
97491.978389,0.000000
97491.980890,0.000000
97491.983391,0.000000
97491.985892,0.002462
97491.988393,0.002558
97491.990894,0.000000
97491.993395,0.000000
97491.995896,0.025324
97491.998397,0.011134
97492.000898,0.000000
97492.003399,0.032921
97492.005900,0.000000
97492.008401,0.000000
97492.010902,0.000000
97492.013403,0.000000
97492.015905,0.025715
97492.018406,0.002631
97492.020907,0.000000
97492.023408,0.006432
97492.025909,0.002098
97492.028410,0.000000
97492.030911,0.000000
97492.033412,0.000000
97492.035913,0.031410
97492.038414,0.000000
97492.040915,0.024389
97492.043416,0.000000
97492.045917,0.011348
97492.048418,0.006685
97492.050919,0.009558
97492.053420,0.010514
97492.055921,0.000000
97492.058422,0.000000
97492.060923,0.000000
97492.063424,0.002719
97492.065925,0.000000
97492.068426,0.000000
97492.070927,0.000000
97492.073428,0.000000
97492.075929,0.003716
97492.078430,0.000000
97492.080931,0.000000
97492.083433,0.000000
97492.085934,0.023701
97492.088435,0.000000
97492.090936,0.000000
97492.093437,0.000000
97492.095938,0.000000
97492.098439,0.025162
97492.100940,0.004273
97492.103441,0.000000
97492.105942,0.000000
97492.108443,0.000000
97492.110944,0.000000
97492.113445,0.010685
97492.115946,0.000000
97492.118447,0.003160
97492.120948,0.003397
97492.123449,0.000000
97492.125950,0.000000
97492.128451,0.000000
97492.130952,0.010043
97492.133453,0.011238
97492.135954,0.000000
97492.138455,0.000000
97492.140956,0.000000
97492.143457,0.011490
97492.145958,0.000000
97492.148459,0.031613
97492.150961,0.003130
97492.153462,0.016978
97492.155963,0.000000
97492.158464,0.000168
97492.160965,0.008850
97492.163466,0.000000
97492.165967,0.000292
97492.168468,0.015108
97492.170969,0.000000
97492.173470,0.000000
97492.175971,0.025897
97492.178472,0.000000
97492.180973,0.002239
97492.183474,0.000000
97492.185975,0.000000
97492.188476,0.010653
97492.190977,0.000000
97492.193478,0.005830
97492.195979,0.000000
97492.198480,0.007227
97492.200981,0.000000
97492.203482,0.000000
97492.205983,0.027072
97492.208484,0.008633
97492.210985,0.003265
97492.213486,0.017946
97492.215987,0.003556
97492.218489,0.000000
97492.220990,0.000000
97492.223491,0.000000
97492.225992,0.000000
97492.228493,0.000000
97492.230994,0.000000
97492.233495,0.012849
97492.235996,0.004770
97492.238497,0.000000
97492.240998,0.000000
97492.243499,0.000000
97492.246000,0.000000
97492.248501,0.001819
97492.251002,0.013580
97492.253503,0.033998
97492.256004,0.000000
97492.258505,0.012982
97492.261006,0.000000
97492.263507,0.000000
97492.266008,0.000000
97492.268509,0.002021
97492.271010,0.000000
97492.273511,0.000000
97492.276012,0.000000
97492.278513,0.000000
97492.281014,0.000000
97492.283515,0.000000
97492.286017,0.001249
97492.288518,0.000972
97492.291019,0.000000
97492.293520,0.005176
97492.296021,0.020065
97492.298522,0.000339
97492.301023,0.019107
97492.303524,0.032147
97492.306025,0.036347
97492.308526,0.000000
97492.311027,0.000000
97492.313528,0.000000
97492.316029,0.001849
97492.318530,0.022790
97492.321031,0.009009
97492.323532,0.000000
97492.326033,0.000000
97492.328534,0.000000
97492.331035,0.000000
97492.333536,0.000196
97492.336037,0.000000
97492.338538,0.000000
97492.341039,0.000000
97492.343540,0.005904
97492.346041,0.005805
97492.348542,0.001388
97492.351043,0.014243
97492.353545,0.012720
97492.356046,0.002936
97492.358547,0.000953
97492.361048,0.001861
97492.363549,0.000000
97492.366050,0.000000
97492.368551,0.016310
97492.371052,0.005710
97492.373553,0.000000
97492.376054,0.020508
97492.378555,0.000000
97492.381056,0.000000
97492.383557,0.014702
97492.386058,0.003162
97492.388559,0.019181
97492.391060,0.000000
97492.393561,0.024291
97492.396062,0.000000
97492.398563,0.018926
97492.401064,0.000000
97492.403565,0.000000
97492.406066,0.004280
97492.408567,0.000000
97492.411068,0.000000
97492.413569,0.000598
97492.416070,0.000000
97492.418571,0.000000
97492.421073,0.003334
97492.423574,0.000000
97492.426075,0.019262
97492.428576,0.000000
97492.431077,0.010324
97492.433578,0.006361
97492.436079,0.000000
97492.438580,0.000000
97492.441081,0.017020
97492.443582,0.000000
97492.446083,0.000000
97492.448584,0.000000
97492.451085,0.000000
97492.453586,0.013817
97492.456087,0.000084
97492.458588,0.000000
97492.461089,0.014629
97492.463590,0.008627
97492.466091,0.000000
97492.468592,0.000000
97492.471093,0.000000
97492.473594,0.000000
97492.476095,0.000000
97492.478596,0.001304
97492.481097,0.000000
97492.483598,0.000000
97492.486099,0.000000
97492.488600,0.000000
97492.491102,0.000000
97492.493603,0.015427
97492.496104,0.000000
97492.498605,0.000000
97492.501106,0.000000
97492.503607,0.000000
97492.506108,0.000000
97492.508609,0.007779
97492.511110,0.000000
97492.513611,0.000000
97492.516112,0.000000
97492.518613,0.031721
97492.521114,0.016207
97492.523615,0.000000
97492.526116,0.001262
97492.528617,0.000000
97492.531118,0.007332
97492.533619,0.000000
97492.536120,0.000000
97492.538621,0.007198
97492.541122,0.026150
97492.543623,0.040487
97492.546124,0.137213
97492.548625,0.333772
97492.551126,0.667960
97492.553627,0.929727
97492.556128,0.958606
97492.558630,0.682353
97492.561131,0.333951
97492.563632,0.108334
97492.566133,0.047698
97492.568634,0.014342
97492.571135,0.019514
97492.573636,0.000000
97492.576137,0.000000
97492.578638,0.017282
97492.581139,0.000000
97492.583640,0.000000
97492.586141,0.000000
97492.588642,0.000000
97492.591143,0.014406
97492.593644,0.000000
97492.596145,0.011355
97492.598646,0.006713
97492.601147,0.000000
97492.603648,0.000000
97492.606149,0.000000
97492.608650,0.000000
97492.611151,0.000000
97492.613652,0.021738
97492.616153,0.000000
97492.618654,0.000000
97492.621155,0.027517
97492.623656,0.000000
97492.626158,0.000000
97492.628659,0.017660
97492.631160,0.009499
97492.633661,0.000000
97492.636162,0.011949
97492.638663,0.004318
97492.641164,0.000000
97492.643665,0.000000
97492.646166,0.000000
97492.648667,0.015583
97492.651168,0.000000
97492.653669,0.006609
97492.656170,0.002650
97492.658671,0.000000
97492.661172,0.000000
97492.663673,0.005155
97492.666174,0.000000
97492.668675,0.000000
97492.671176,0.005627
97492.673677,0.001043
97492.676178,0.015037
97492.678679,0.005511
97492.681180,0.000000
97492.683681,0.000000
97492.686182,0.000292
97492.688683,0.019224
97492.691184,0.000000
97492.693686,0.000000
97492.696187,0.006328
97492.698688,0.000000
97492.701189,0.000000
97492.703690,0.000270
97492.706191,0.013974
97492.708692,0.000000
97492.711193,0.007133
97492.713694,0.009795
97492.716195,0.011373
97492.718696,0.000000
97492.721197,0.000000
97492.723698,0.000000
97492.726199,0.011361
97492.728700,0.009586
97492.731201,0.000000
97492.733702,0.030632
97492.736203,0.000000
97492.738704,0.014356
97492.741205,0.021828
97492.743706,0.001577
97492.746207,0.000000
97492.748708,0.000000
97492.751209,0.000000
97492.753710,0.015525
97492.756211,0.000000
97492.758712,0.000000
97492.761214,0.005200
97492.763715,0.008354
97492.766216,0.028267
97492.768717,0.000000
97492.771218,0.000000
97492.773719,0.016688
97492.776220,0.001736
97492.778721,0.000000
97492.781222,0.011346
97492.783723,0.000000
97492.786224,0.012229
97492.788725,0.000000
97492.791226,0.000000
97492.793727,0.000000
97492.796228,0.000000
97492.798729,0.001217
97492.801230,0.000000
97492.803731,0.004057
97492.806232,0.002664
97492.808733,0.000000
97492.811234,0.006268
97492.813735,0.002933
97492.816236,0.000000
97492.818737,0.026300
97492.821238,0.005649
97492.823739,0.011087
97492.826240,0.015413
97492.828742,0.009597
97492.831243,0.029630
97492.833744,0.002384
97492.836245,0.000000
97492.838746,0.000000
97492.841247,0.000000
97492.843748,0.000000
97492.846249,0.009727
97492.848750,0.000000
97492.851251,0.001060
97492.853752,0.008037
97492.856253,0.002159
97492.858754,0.000000
97492.861255,0.010039
97492.863756,0.000000
97492.866257,0.000000
97492.868758,0.000000
97492.871259,0.020125
97492.873760,0.021320
97492.876261,0.007557
97492.878762,0.011262
97492.881263,0.000000
97492.883764,0.000000
97492.886265,0.017744
97492.888766,0.006118
97492.891267,0.000933
97492.893768,0.000000
97492.896270,0.016870
97492.898771,0.016116
97492.901272,0.009332
97492.903773,0.000952
97492.906274,0.000000
97492.908775,0.009954
97492.911276,0.000000
97492.913777,0.000000
97492.916278,0.000000
97492.918779,0.017742
97492.921280,0.000000
97492.923781,0.005803
97492.926282,0.000000
97492.928783,0.041619
97492.931284,0.006347
97492.933785,0.000000
97492.936286,0.016883
97492.938787,0.000000
97492.941288,0.000000
97492.943789,0.000000
97492.946290,0.002810
97492.948791,0.002622
97492.951292,0.000000
97492.953793,0.000000
97492.956294,0.001455
97492.958795,0.000000
97492.961296,0.000000
97492.963797,0.023987
97492.966299,0.004709
97492.968800,0.000000
97492.971301,0.000000
97492.973802,0.000000
97492.976303,0.014151
97492.978804,0.037908
97492.981305,0.027177
97492.983806,0.000000
97492.986307,0.000000
97492.988808,0.000000
97492.991309,0.000000
97492.993810,0.000000
97492.996311,0.000000
97492.998812,0.029511
97493.001313,0.000000
97493.003814,0.000000
97493.006315,0.000000
97493.008816,0.004753
97493.011317,0.000000
97493.013818,0.015838
97493.016319,0.000000
97493.018820,0.000000
97493.021321,0.000000
97493.023822,0.000000
97493.026323,0.003438
97493.028824,0.006054
97493.031325,0.000000
97493.033827,0.013298
97493.036328,0.000000
97493.038829,0.000000
97493.041330,0.004058
97493.043831,0.018530
97493.046332,0.018663
97493.048833,0.000000
97493.051334,0.000000
97493.053835,0.010397
97493.056336,0.000000
97493.058837,0.001514
97493.061338,0.000000
97493.063839,0.000000
97493.066340,0.000000
97493.068841,0.013728
97493.071342,0.000198
97493.073843,0.018269
97493.076344,0.007475
97493.078845,0.023075
97493.081346,0.011750
97493.083847,0.010907
97493.086348,0.000000
97493.088849,0.043223
97493.091350,0.001619
97493.093851,0.000000
97493.096352,0.003850
97493.098853,0.000000
97493.101355,0.014608
97493.103856,0.010425
97493.106357,0.000000
97493.108858,0.000000
97493.111359,0.002103
97493.113860,0.000000
97493.116361,0.011316
97493.118862,0.007986
97493.121363,0.042171
97493.123864,0.000000
97493.126365,0.000000
97493.128866,0.000000
97493.131367,0.000000
97493.133868,0.014752
97493.136369,0.000000
97493.138870,0.028330
97493.141371,0.008364
97493.143872,0.000000
97493.146373,0.000000
97493.148874,0.014951
97493.151375,0.000410
97493.153876,0.000130
97493.156377,0.000000
97493.158878,0.000000
97493.161379,0.000000
97493.163880,0.019559
97493.166381,0.010300
97493.168883,0.000000
97493.171384,0.000000
97493.173885,0.001324
97493.176386,0.000000
97493.178887,0.000000
97493.181388,0.000000
97493.183889,0.000000
97493.186390,0.000000
97493.188891,0.000000
97493.191392,0.011769
97493.193893,0.000000
97493.196394,0.026911
97493.198895,0.000000
97493.201396,0.002021
97493.203897,0.000000
97493.206398,0.006317
97493.208899,0.015308
97493.211400,0.008737
97493.213901,0.000000
97493.216402,0.007180
97493.218903,0.000000
97493.221404,0.000000
97493.223905,0.009901
97493.226406,0.000000
97493.228907,0.016603
97493.231408,0.000000
97493.233909,0.031182
97493.236411,0.000986
97493.238912,0.024495
97493.241413,0.017203
97493.243914,0.000000
97493.246415,0.000000
97493.248916,0.001632
97493.251417,0.000000
97493.253918,0.022690
97493.256419,0.000000
97493.258920,0.000000
97493.261421,0.000000
97493.263922,0.006021
97493.266423,0.000000
97493.268924,0.006355
97493.271425,0.008332
97493.273926,0.000000
97493.276427,0.013740
97493.278928,0.000000
97493.281429,0.000000
97493.283930,0.022196
97493.286431,0.000000
97493.288932,0.007283
97493.291433,0.006116
97493.293934,0.005590
97493.296435,0.005341
97493.298936,0.000000
97493.301437,0.024294
97493.303939,0.013735
97493.306440,0.006823
97493.308941,0.000000
97493.311442,0.000000
97493.313943,0.009443
97493.316444,0.000000
97493.318945,0.004865
97493.321446,0.000000
97493.323947,0.000000
97493.326448,0.000000
97493.328949,0.003535
97493.331450,0.016035
97493.333951,0.004999
97493.336452,0.006576
97493.338953,0.002412
97493.341454,0.009806
97493.343955,0.006709
97493.346456,0.000000
97493.348957,0.013018
97493.351458,0.011507
97493.353959,0.000000
97493.356460,0.000000
97493.358961,0.003483
97493.361462,0.004692
97493.363963,0.000000
97493.366464,0.002682
97493.368965,0.015395
97493.371467,0.034437
97493.373968,0.002110
97493.376469,0.004796
97493.378970,0.000000
97493.381471,0.000000
97493.383972,0.000000
97493.386473,0.016916
97493.388974,0.011763
97493.391475,0.027712
97493.393976,0.000000
97493.396477,0.000000
97493.398978,0.015830
97493.401479,0.020811
97493.403980,0.000476
97493.406481,0.000000
97493.408982,0.000000
97493.411483,0.004819
97493.413984,0.000000
97493.416485,0.002659
97493.418986,0.027270
97493.421487,0.020484
97493.423988,0.011619
97493.426489,0.000000
97493.428990,0.000000
97493.431491,0.010884
97493.433992,0.000365
97493.436493,0.000858
97493.438994,0.000000
97493.441496,0.000000
97493.443997,0.010799
97493.446498,0.000000
97493.448999,0.003816
97493.451500,0.005925
97493.454001,0.006764
97493.456502,0.008047
97493.459003,0.009016
97493.461504,0.000000
97493.464005,0.000000
97493.466506,0.000000
97493.469007,0.010484
97493.471508,0.000000
97493.474009,0.000000
97493.476510,0.000000
97493.479011,0.000000
97493.481512,0.000000
97493.484013,0.014369
97493.486514,0.000000
97493.489015,0.000000
97493.491516,0.000000
97493.494017,0.007333
97493.496518,0.000000
97493.499019,0.013693
97493.501520,0.000000
97493.504021,0.000000
97493.506522,0.000000
97493.509024,0.000000
97493.511525,0.000000
97493.514026,0.011183
97493.516527,0.000000
97493.519028,0.000000
97493.521529,0.006569
97493.524030,0.002977
97493.526531,0.000000
97493.529032,0.000608
97493.531533,0.000000
97493.534034,0.000000
97493.536535,0.011574
97493.539036,0.006420
97493.541537,0.011065
97493.544038,0.009123
97493.546539,0.000000
97493.549040,0.014382
97493.551541,0.000000
97493.554042,0.013347
97493.556543,0.000000
97493.559044,0.004498
97493.561545,0.004930
97493.564046,0.011680
97493.566547,0.000000
97493.569048,0.000000
97493.571549,0.009648
97493.574050,0.005119
97493.576552,0.000000
97493.579053,0.005233
97493.581554,0.000000
97493.584055,0.046887
97493.586556,0.018839
97493.589057,0.008938
97493.591558,0.001086
97493.594059,0.000000
97493.596560,0.000000
97493.599061,0.000000
97493.601562,0.000000
97493.604063,0.000000
97493.606564,0.000000
97493.609065,0.003586
97493.611566,0.000000
97493.614067,0.007686
97493.616568,0.006566
97493.619069,0.003296
97493.621570,0.038199
97493.624071,0.011831
97493.626572,0.000000
97493.629073,0.006589
97493.631574,0.000000
97493.634075,0.000000
97493.636576,0.000000
97493.639077,0.006510
97493.641578,0.010019
97493.644080,0.000000
97493.646581,0.013935
97493.649082,0.004092
97493.651583,0.017177
97493.654084,0.015651
97493.656585,0.000000
97493.659086,0.023493
97493.661587,0.000000
97493.664088,0.034333
97493.666589,0.000000
97493.669090,0.000000
97493.671591,0.000000
97493.674092,0.000000
97493.676593,0.041993
97493.679094,0.000000
97493.681595,0.012225
97493.684096,0.000000
97493.686597,0.013452
97493.689098,0.000000
97493.691599,0.003679
97493.694100,0.009030
97493.696601,0.000000
97493.699102,0.039611
97493.701603,0.009781
97493.704104,0.000000
97493.706605,0.000000
97493.709106,0.001317
97493.711608,0.000000
97493.714109,0.025600
97493.716610,0.006194
97493.719111,0.000000
97493.721612,0.015024
97493.724113,0.000000
97493.726614,0.000000
97493.729115,0.000000
97493.731616,0.001832
97493.734117,0.007621
97493.736618,0.000000
97493.739119,0.000000
97493.741620,0.000000
97493.744121,0.000000
97493.746622,0.010274
97493.749123,0.013804
97493.751624,0.000000
97493.754125,0.000000
97493.756626,0.000368
97493.759127,0.015485
97493.761628,0.021963
97493.764129,0.002199
97493.766630,0.000000
97493.769131,0.000000
97493.771632,0.001552
97493.774133,0.029803
97493.776634,0.018532
97493.779136,0.002512
97493.781637,0.004358
97493.784138,0.000000
97493.786639,0.000000
97493.789140,0.002120
97493.791641,0.002164
97493.794142,0.014518
97493.796643,0.013819
97493.799144,0.007477
97493.801645,0.000000
97493.804146,0.000000
97493.806647,0.000000
97493.809148,0.003383
97493.811649,0.000000
97493.814150,0.000000
97493.816651,0.020233
97493.819152,0.009578
97493.821653,0.000000
97493.824154,0.000000
97493.826655,0.011573
97493.829156,0.004396
97493.831657,0.000000
97493.834158,0.000000
97493.836659,0.001097
97493.839160,0.000000
97493.841661,0.011266
97493.844162,0.017828
97493.846664,0.000000
97493.849165,0.000000
97493.851666,0.019363
97493.854167,0.002382
97493.856668,0.000000
97493.859169,0.014123
97493.861670,0.004908
97493.864171,0.031646
97493.866672,0.000000
97493.869173,0.015925
97493.871674,0.000000
97493.874175,0.020052
97493.876676,0.013561
97493.879177,0.023044
97493.881678,0.015952
97493.884179,0.000000
97493.886680,0.000000
97493.889181,0.000000
97493.891682,0.000000
97493.894183,0.000000
97493.896684,0.006117
97493.899185,0.000000
97493.901686,0.000000
97493.904187,0.000000
97493.906688,0.000000
97493.909189,0.002615
97493.911690,0.005446
97493.914191,0.000000
97493.916693,0.000000
97493.919194,0.022150
97493.921695,0.016654
97493.924196,0.000000
97493.926697,0.000000
97493.929198,0.020898
97493.931699,0.000000
97493.934200,0.000000
97493.936701,0.015696
97493.939202,0.014178
97493.941703,0.013434
97493.944204,0.000000
97493.946705,0.009521
97493.949206,0.021470
97493.951707,0.000000
97493.954208,0.000000
97493.956709,0.017668
97493.959210,0.029380
97493.961711,0.030379
97493.964212,0.000000
97493.966713,0.000000
97493.969214,0.000000
97493.971715,0.001696
97493.974216,0.000000
97493.976717,0.000000
97493.979218,0.010071
97493.981719,0.005601
97493.984221,0.000000
97493.986722,0.022555
97493.989223,0.000000
97493.991724,0.000000
97493.994225,0.000000
97493.996726,0.000000
97493.999227,0.000000
97494.001728,0.000000
97494.004229,0.000000
97494.006730,0.001866
97494.009231,0.003333
97494.011732,0.032238
97494.014233,0.006986
97494.016734,0.000000
97494.019235,0.000000
97494.021736,0.000000
97494.024237,0.006445
97494.026738,0.000000
97494.029239,0.000876
97494.031740,0.027253
97494.034241,0.000000
97494.036742,0.000000
97494.039243,0.012546
97494.041744,0.004515
97494.044245,0.000000
97494.046746,0.006142
97494.049247,0.000000
97494.051749,0.006339
97494.054250,0.027395
97494.056751,0.000000
97494.059252,0.015560
97494.061753,0.000000
97494.064254,0.000000
97494.066755,0.028977
97494.069256,0.004421
97494.071757,0.009145
97494.074258,0.016547
97494.076759,0.000000
97494.079260,0.011852
97494.081761,0.009674
97494.084262,0.000000
97494.086763,0.021732
97494.089264,0.018771
97494.091765,0.000000
97494.094266,0.002877
97494.096767,0.000000
97494.099268,0.020372
97494.101769,0.000000
97494.104270,0.051743
97494.106771,0.000000
97494.109272,0.010607
97494.111773,0.019929
97494.114274,0.000000
97494.116775,0.000000
97494.119277,0.000000
97494.121778,0.000000
97494.124279,0.003905
97494.126780,0.000000
97494.129281,0.000000
97494.131782,0.000000
97494.134283,0.008277
97494.136784,0.000000
97494.139285,0.000000
97494.141786,0.012908
97494.144287,0.003551
97494.146788,0.000000
97494.149289,0.000000
97494.151790,0.006277
97494.154291,0.014209
97494.156792,0.000000
97494.159293,0.000000
97494.161794,0.000000
97494.164295,0.000000
97494.166796,0.005817
97494.169297,0.008539
97494.171798,0.015095
97494.174299,0.000000
97494.176800,0.000000
97494.179301,0.009616
97494.181802,0.002286
97494.184303,0.000861
97494.186805,0.000000
97494.189306,0.000000
97494.191807,0.000000
97494.194308,0.006923
97494.196809,0.000000
97494.199310,0.000000
97494.201811,0.000000
97494.204312,0.014753
97494.206813,0.000000
97494.209314,0.001249
97494.211815,0.000000
97494.214316,0.000000
97494.216817,0.000000
97494.219318,0.000000
97494.221819,0.004205
97494.224320,0.000000
97494.226821,0.000000
97494.229322,0.000000
97494.231823,0.000696
97494.234324,0.000000
97494.236825,0.018971
97494.239326,0.002157
97494.241827,0.008074
97494.244328,0.000000
97494.246829,0.002891
97494.249330,0.000000
97494.251831,0.000000
97494.254333,0.000217
97494.256834,0.008193
97494.259335,0.000000
97494.261836,0.000000
97494.264337,0.026459
97494.266838,0.006883
97494.269339,0.022086
97494.271840,0.000000
97494.274341,0.000000
97494.276842,0.013886
97494.279343,0.008956
97494.281844,0.000000
97494.284345,0.000000
97494.286846,0.016616
97494.289347,0.036056
97494.291848,0.000000
97494.294349,0.020161
97494.296850,0.000000
97494.299351,0.000000
97494.301852,0.003873
97494.304353,0.000000
97494.306854,0.000000
97494.309355,0.000000
97494.311856,0.006838
97494.314357,0.032084
97494.316858,0.000000
97494.319359,0.000000
97494.321861,0.000000
97494.324362,0.014169
97494.326863,0.005825
97494.329364,0.013219
97494.331865,0.000000
97494.334366,0.006228
97494.336867,0.000000
97494.339368,0.009587
97494.341869,0.000000
97494.344370,0.000000
97494.346871,0.010704
97494.349372,0.000000
97494.351873,0.015648
97494.354374,0.000000
97494.356875,0.020872
97494.359376,0.000000
97494.361877,0.000000
97494.364378,0.000000
97494.366879,0.008432
97494.369380,0.009637
97494.371881,0.000000
97494.374382,0.000000
97494.376883,0.000000
97494.379384,0.007418
97494.381885,0.006690
97494.384386,0.022581
97494.386887,0.000000
97494.389388,0.000000
97494.391890,0.017188
97494.394391,0.002804
97494.396892,0.004053
97494.399393,0.011018
97494.401894,0.018157
97494.404395,0.000000
97494.406896,0.017925
97494.409397,0.015254
97494.411898,0.027535
97494.414399,0.128454
97494.416900,0.341201
97494.419401,0.582200
97494.421902,0.759143
97494.424403,0.667107
97494.426904,0.424091
97494.429405,0.207014
97494.431906,0.063747
97494.434407,0.014065
97494.436908,0.000864
97494.439409,0.000000
97494.441910,0.004504
97494.444411,0.019583
97494.446912,0.000000
97494.449413,0.000000
97494.451914,0.018458
97494.454415,0.000000
97494.456916,0.003104
97494.459418,0.000000
97494.461919,0.000000
97494.464420,0.002847
97494.466921,0.016018
97494.469422,0.000000
97494.471923,0.000000
97494.474424,0.001567
97494.476925,0.000000
97494.479426,0.000000
97494.481927,0.000000
97494.484428,0.007436
97494.486929,0.016916
97494.489430,0.025235
97494.491931,0.009350
97494.494432,0.013409
97494.496933,0.000000
97494.499434,0.023295
97494.501935,0.018204
97494.504436,0.000000
97494.506937,0.009791
97494.509438,0.008346
97494.511939,0.021117
97494.514440,0.000000
97494.516941,0.000000
97494.519442,0.000000
97494.521943,0.012881
97494.524444,0.000000
97494.526946,0.000000
97494.529447,0.012845
97494.531948,0.003947
97494.534449,0.000265
97494.536950,0.000000
97494.539451,0.000000
97494.541952,0.000000
97494.544453,0.005195
97494.546954,0.000000
97494.549455,0.012929
97494.551956,0.000000
97494.554457,0.000000
97494.556958,0.010100
97494.559459,0.000000
97494.561960,0.000000
97494.564461,0.000000
97494.566962,0.000000
97494.569463,0.005087
97494.571964,0.006948
97494.574465,0.003263
97494.576966,0.000000
97494.579467,0.000000
97494.581968,0.022923
97494.584469,0.000000
97494.586970,0.027088
97494.589471,0.001432
97494.591972,0.000000
97494.594474,0.013694
97494.596975,0.000000
97494.599476,0.019826
97494.601977,0.026684
97494.604478,0.015627
97494.606979,0.000000
97494.609480,0.010976
97494.611981,0.023642
97494.614482,0.022159
97494.616983,0.000000
97494.619484,0.014598
97494.621985,0.025791
97494.624486,0.000423
97494.626987,0.000000
97494.629488,0.011902
97494.631989,0.015137
97494.634490,0.000000
97494.636991,0.000000
97494.639492,0.014103
97494.641993,0.000000
97494.644494,0.005707
97494.646995,0.022381
97494.649496,0.000000
97494.651997,0.013039
97494.654498,0.000000
97494.656999,0.000000
97494.659500,0.007387
97494.662002,0.000000
97494.664503,0.000000
97494.667004,0.000000
97494.669505,0.017692
97494.672006,0.000000
97494.674507,0.008186
97494.677008,0.000000
97494.679509,0.000000
97494.682010,0.009370
97494.684511,0.004711
97494.687012,0.000000
97494.689513,0.004336
97494.692014,0.000000
97494.694515,0.015234
97494.697016,0.018563
97494.699517,0.010906
97494.702018,0.000000
97494.704519,0.000852
97494.707020,0.022534
97494.709521,0.018402
97494.712022,0.028639
97494.714523,0.000000
97494.717024,0.000000
97494.719525,0.001930
97494.722026,0.005844
97494.724527,0.000000
97494.727028,0.000000
97494.729530,0.018204
97494.732031,0.000000
97494.734532,0.000000
97494.737033,0.000000
97494.739534,0.003549
97494.742035,0.043129
97494.744536,0.000000
97494.747037,0.000000
97494.749538,0.034541
97494.752039,0.000000
97494.754540,0.006542
97494.757041,0.026945
97494.759542,0.000000
97494.762043,0.000000
97494.764544,0.000000
97494.767045,0.000000
97494.769546,0.022542
97494.772047,0.000000
97494.774548,0.000000
97494.777049,0.000000
97494.779550,0.013341
97494.782051,0.001622
97494.784552,0.000000
97494.787053,0.005877
97494.789554,0.011672
97494.792055,0.000000
97494.794556,0.000000
97494.797058,0.014592
97494.799559,0.000000
97494.802060,0.023099
97494.804561,0.000000
97494.807062,0.000000
97494.809563,0.000000
97494.812064,0.000000
97494.814565,0.000036
97494.817066,0.000000
97494.819567,0.001390
97494.822068,0.008120
97494.824569,0.000000
97494.827070,0.000000
97494.829571,0.008151
97494.832072,0.000000
97494.834573,0.000000
97494.837074,0.015630
97494.839575,0.025785
97494.842076,0.006319
97494.844577,0.000000
97494.847078,0.000000
97494.849579,0.013082
97494.852080,0.016280
97494.854581,0.000000
97494.857082,0.013077
97494.859583,0.000000
97494.862084,0.000000
97494.864585,0.000000
97494.867087,0.014243
97494.869588,0.004444
97494.872089,0.004055
97494.874590,0.005062
97494.877091,0.006717
97494.879592,0.000000
97494.882093,0.009076
97494.884594,0.000000
97494.887095,0.009351
97494.889596,0.012309
97494.892097,0.010042
97494.894598,0.010787
97494.897099,0.006677
97494.899600,0.016855
97494.902101,0.000000
97494.904602,0.012263
97494.907103,0.028375
97494.909604,0.000000
97494.912105,0.000000
97494.914606,0.018476
97494.917107,0.000000
97494.919608,0.000000
97494.922109,0.002441
97494.924610,0.000000
97494.927111,0.012568
97494.929612,0.000000
97494.932113,0.005180
97494.934615,0.004086
97494.937116,0.023899
97494.939617,0.016738
97494.942118,0.000000
97494.944619,0.000000
97494.947120,0.012036
97494.949621,0.000000
97494.952122,0.000000
97494.954623,0.000000
97494.957124,0.009753
97494.959625,0.000000
97494.962126,0.000000
97494.964627,0.000000
97494.967128,0.002637
97494.969629,0.009503
97494.972130,0.000000
97494.974631,0.000000
97494.977132,0.000000
97494.979633,0.001474
97494.982134,0.000000
97494.984635,0.000000
97494.987136,0.000898
97494.989637,0.012295
97494.992138,0.015971
97494.994639,0.000000
97494.997140,0.000000
97494.999641,0.013804
97495.002143,0.022925
97495.004644,0.000000
97495.007145,0.019798
97495.009646,0.000000
97495.012147,0.016493
97495.014648,0.000000
97495.017149,0.022448
97495.019650,0.000000
97495.022151,0.000000
97495.024652,0.000000
97495.027153,0.000000
97495.029654,0.000000
97495.032155,0.007328
97495.034656,0.014198
97495.037157,0.008727
97495.039658,0.000000
97495.042159,0.006897
97495.044660,0.000000
97495.047161,0.005855
97495.049662,0.016249
97495.052163,0.005278
97495.054664,0.021093
97495.057165,0.000000
97495.059666,0.000000
97495.062167,0.000967
97495.064668,0.000000
97495.067169,0.000000
97495.069671,0.000000
97495.072172,0.000000
97495.074673,0.003854
97495.077174,0.000000
97495.079675,0.000000
97495.082176,0.016261
97495.084677,0.000000
97495.087178,0.008853
97495.089679,0.000000
97495.092180,0.002300
97495.094681,0.022380
97495.097182,0.000000
97495.099683,0.008983
97495.102184,0.000841
97495.104685,0.000000
97495.107186,0.000000
97495.109687,0.010070
97495.112188,0.000000
97495.114689,0.000000
97495.117190,0.001070
97495.119691,0.002769
97495.122192,0.000000
97495.124693,0.000000
97495.127194,0.000000
97495.129695,0.009004
97495.132196,0.000000
97495.134697,0.027651
97495.137199,0.000000
97495.139700,0.000000
97495.142201,0.000000
97495.144702,0.007990
97495.147203,0.012790
97495.149704,0.000000
97495.152205,0.000000
97495.154706,0.000000
97495.157207,0.004114
97495.159708,0.014182
97495.162209,0.016051
97495.164710,0.002414
97495.167211,0.013894
97495.169712,0.027468
97495.172213,0.017098
97495.174714,0.013244
97495.177215,0.000000
97495.179716,0.013827
97495.182217,0.006625
97495.184718,0.009346
97495.187219,0.018114
97495.189720,0.005150
97495.192221,0.000000
97495.194722,0.000000
97495.197223,0.000000
97495.199724,0.003057
97495.202225,0.003988
97495.204727,0.003503
97495.207228,0.013782
97495.209729,0.012430
97495.212230,0.000000
97495.214731,0.000000
97495.217232,0.005506
97495.219733,0.032265
97495.222234,0.004614
97495.224735,0.000000
97495.227236,0.007697
97495.229737,0.008557
97495.232238,0.008398
97495.234739,0.019719
97495.237240,0.005546
97495.239741,0.019038
97495.242242,0.003307
97495.244743,0.021725
97495.247244,0.017333
97495.249745,0.013240
97495.252246,0.011335
97495.254747,0.033058
97495.257248,0.015464
97495.259749,0.000000
97495.262250,0.003532
97495.264751,0.000000
97495.267252,0.029653
97495.269753,0.017975
97495.272255,0.029186
97495.274756,0.000000
97495.277257,0.015824
97495.279758,0.000000
97495.282259,0.000000
97495.284760,0.000000
97495.287261,0.021723
97495.289762,0.000000
97495.292263,0.000000
97495.294764,0.017076
97495.297265,0.012157
97495.299766,0.031832
97495.302267,0.000048
97495.304768,0.000000
97495.307269,0.000000
97495.309770,0.000000
97495.312271,0.000000
97495.314772,0.000000
97495.317273,0.028201
97495.319774,0.000702
97495.322275,0.037223
97495.324776,0.000000
97495.327277,0.000000
97495.329778,0.000000
97495.332279,0.000000
97495.334780,0.012548
97495.337281,0.008134
97495.339782,0.012574
97495.342284,0.019280
97495.344785,0.015906
97495.347286,0.000000
97495.349787,0.000000
97495.352288,0.001745
97495.354789,0.053545
97495.357290,0.011094
97495.359791,0.001532
97495.362292,0.009671
97495.364793,0.000000
97495.367294,0.003769
97495.369795,0.013712
97495.372296,0.000000
97495.374797,0.000000
97495.377298,0.000000
97495.379799,0.000000
97495.382300,0.000000
97495.384801,0.000000
97495.387302,0.000000
97495.389803,0.000000
97495.392304,0.000000
97495.394805,0.013695
97495.397306,0.021390
97495.399807,0.000000
97495.402308,0.022697
97495.404809,0.000000
97495.407310,0.010728
97495.409812,0.003714
97495.412313,0.009133
97495.414814,0.000000
97495.417315,0.000000
97495.419816,0.000000
97495.422317,0.006131
97495.424818,0.028108
97495.427319,0.000000
97495.429820,0.000000
97495.432321,0.000000
97495.434822,0.000000
97495.437323,0.000000
97495.439824,0.021517
97495.442325,0.000345
97495.444826,0.013174
97495.447327,0.000000
97495.449828,0.002738
97495.452329,0.016215
97495.454830,0.001892
97495.457331,0.002409
97495.459832,0.000000
97495.462333,0.000000
97495.464834,0.000000
97495.467335,0.000000
97495.469836,0.017972
97495.472337,0.025978
97495.474838,0.000000
97495.477340,0.005676
97495.479841,0.000000
97495.482342,0.020065
97495.484843,0.001937
97495.487344,0.000000
97495.489845,0.000000
97495.492346,0.000000
97495.494847,0.010930
97495.497348,0.005070
97495.499849,0.005421
97495.502350,0.000000
97495.504851,0.000000
97495.507352,0.011363
97495.509853,0.014107
97495.512354,0.000000
97495.514855,0.000000
97495.517356,0.000000
97495.519857,0.002891
97495.522358,0.012702
97495.524859,0.000000
97495.527360,0.000000
97495.529861,0.000000
97495.532362,0.033127
97495.534863,0.017120
97495.537364,0.010500
97495.539865,0.004597
97495.542366,0.000000
97495.544868,0.000000
97495.547369,0.000000
97495.549870,0.000000
97495.552371,0.000000
97495.554872,0.000000
97495.557373,0.000000
97495.559874,0.000000
97495.562375,0.000000
97495.564876,0.007113
97495.567377,0.000000
97495.569878,0.003084
97495.572379,0.000000
97495.574880,0.009952
97495.577381,0.000000
97495.579882,0.023105
97495.582383,0.000000
97495.584884,0.000000
97495.587385,0.008526
97495.589886,0.011661
97495.592387,0.013209
97495.594888,0.025504
97495.597389,0.009507
97495.599890,0.000000
97495.602391,0.000000
97495.604892,0.000000
97495.607393,0.021316
97495.609894,0.000000
97495.612396,0.000000
97495.614897,0.000000
97495.617398,0.000000
97495.619899,0.000000
97495.622400,0.025944
97495.624901,0.000000
97495.627402,0.005913
97495.629903,0.000000
97495.632404,0.000000
97495.634905,0.013397
97495.637406,0.023959
97495.639907,0.003180
97495.642408,0.000000
97495.644909,0.007127
97495.647410,0.000000
97495.649911,0.003291
97495.652412,0.000000
97495.654913,0.011406
97495.657414,0.000000
97495.659915,0.000000
97495.662416,0.000000
97495.664917,0.000000
97495.667418,0.000000
97495.669919,0.012991
97495.672420,0.000000
97495.674921,0.000000
97495.677422,0.013507
97495.679924,0.003605
97495.682425,0.004201
97495.684926,0.000000
97495.687427,0.000000
97495.689928,0.000000
97495.692429,0.000000
97495.694930,0.000000
97495.697431,0.000000
97495.699932,0.001619
97495.702433,0.012653
97495.704934,0.015457
97495.707435,0.012025
97495.709936,0.000000
97495.712437,0.000846
97495.714938,0.022481
97495.717439,0.000000
97495.719940,0.019365
97495.722441,0.000000
97495.724942,0.004220
97495.727443,0.005929
97495.729944,0.002728
97495.732445,0.032009
97495.734946,0.000000
97495.737447,0.000000
97495.739948,0.005120
97495.742449,0.000000
97495.744950,0.007969
97495.747451,0.012670
97495.749953,0.000000
97495.752454,0.006267
97495.754955,0.002072
97495.757456,0.025738
97495.759957,0.000000
97495.762458,0.000000
97495.764959,0.012650
97495.767460,0.000000
97495.769961,0.005633
97495.772462,0.000000
97495.774963,0.000000
97495.777464,0.035008
97495.779965,0.017726
97495.782466,0.014673
97495.784967,0.007621
97495.787468,0.000000
97495.789969,0.003756
97495.792470,0.008379
97495.794971,0.002858
97495.797472,0.001361
97495.799973,0.000000
97495.802474,0.003928
97495.804975,0.000000
97495.807476,0.010104
97495.809977,0.000000
97495.812478,0.019516
97495.814979,0.000000
97495.817481,0.000000
97495.819982,0.005873
97495.822483,0.007755
97495.824984,0.029851
97495.827485,0.004256
97495.829986,0.000000
97495.832487,0.002748
97495.834988,0.022845
97495.837489,0.034823
97495.839990,0.000000
97495.842491,0.007796
97495.844992,0.000000
97495.847493,0.000000
97495.849994,0.026990
97495.852495,0.000000
97495.854996,0.000000
97495.857497,0.004560
97495.859998,0.017251
97495.862499,0.003158
97495.865000,0.007213
97495.867501,0.010807
97495.870002,0.001593
97495.872503,0.007991
97495.875004,0.007751
97495.877505,0.000000
97495.880006,0.001636
97495.882507,0.000000
97495.885009,0.000000
97495.887510,0.000000
97495.890011,0.014852
97495.892512,0.003511
97495.895013,0.006797
97495.897514,0.000000
97495.900015,0.015113
97495.902516,0.000000
97495.905017,0.000000
97495.907518,0.018476
97495.910019,0.000000
97495.912520,0.000000
97495.915021,0.020865
97495.917522,0.015469
97495.920023,0.010212
97495.922524,0.001356
97495.925025,0.023854
97495.927526,0.018078
97495.930027,0.022233
97495.932528,0.009990
97495.935029,0.001764
97495.937530,0.000000
97495.940031,0.000000
97495.942532,0.007211
97495.945033,0.008408
97495.947534,0.000000
97495.950035,0.008815
97495.952537,0.000000
97495.955038,0.012459
97495.957539,0.000000
97495.960040,0.000000
97495.962541,0.000000
97495.965042,0.011904
97495.967543,0.000000
97495.970044,0.015077
97495.972545,0.000000
97495.975046,0.000000
97495.977547,0.000000
97495.980048,0.000000
97495.982549,0.005264
97495.985050,0.000000
97495.987551,0.000000
97495.990052,0.000000
97495.992553,0.006346
97495.995054,0.000000
97495.997555,0.000000
97496.000056,0.000000
97496.002557,0.000000
97496.005058,0.000000
97496.007559,0.000000
97496.010060,0.000000
97496.012561,0.000000
97496.015062,0.000000
97496.017563,0.000000
97496.020065,0.000000
97496.022566,0.011003
97496.025067,0.017705
97496.027568,0.000000
97496.030069,0.000955
97496.032570,0.000000
97496.035071,0.015326
97496.037572,0.024966
97496.040073,0.000000
97496.042574,0.000000
97496.045075,0.004905
97496.047576,0.001852
97496.050077,0.000000
97496.052578,0.006768
97496.055079,0.013475
97496.057580,0.000000
97496.060081,0.036513
97496.062582,0.000000
97496.065083,0.000000
97496.067584,0.003361
97496.070085,0.032273
97496.072586,0.000000
97496.075087,0.000000
97496.077588,0.007889
97496.080089,0.000000
97496.082590,0.009555
97496.085091,0.000000
97496.087593,0.000000
97496.090094,0.033738
97496.092595,0.000000
97496.095096,0.026145
97496.097597,0.013405
97496.100098,0.000000
97496.102599,0.026895
97496.105100,0.000000
97496.107601,0.014480
97496.110102,0.000000
97496.112603,0.000000
97496.115104,0.000000
97496.117605,0.000000
97496.120106,0.000166
97496.122607,0.000000
97496.125108,0.000000
97496.127609,0.006657
97496.130110,0.000703
97496.132611,0.005874
97496.135112,0.002469
97496.137613,0.013706
97496.140114,0.000000
97496.142615,0.014543
97496.145116,0.000000
97496.147617,0.000000
97496.150118,0.019765
97496.152619,0.019472
97496.155121,0.008241
97496.157622,0.000000
97496.160123,0.000000
97496.162624,0.019076
97496.165125,0.018280
97496.167626,0.000000
97496.170127,0.033638
97496.172628,0.006591
97496.175129,0.000000
97496.177630,0.000000
97496.180131,0.000079
97496.182632,0.001241
97496.185133,0.017954
97496.187634,0.000000
97496.190135,0.000000
97496.192636,0.008651
97496.195137,0.000000
97496.197638,0.034810
97496.200139,0.013548
97496.202640,0.000000
97496.205141,0.017421
97496.207642,0.010491
97496.210143,0.009102
97496.212644,0.000000
97496.215145,0.006039
97496.217646,0.000000
97496.220147,0.018918
97496.222648,0.000000
97496.225150,0.000000
97496.227651,0.000000
97496.230152,0.000000
97496.232653,0.000000
97496.235154,0.000000
97496.237655,0.000000
97496.240156,0.002974
97496.242657,0.029969
97496.245158,0.000000
97496.247659,0.013779
97496.250160,0.021608
97496.252661,0.000000
97496.255162,0.000000
97496.257663,0.000000
97496.260164,0.000000
97496.262665,0.024447
97496.265166,0.003213
97496.267667,0.011330
97496.270168,0.000000
97496.272669,0.000000
97496.275170,0.009740
97496.277671,0.017991
97496.280172,0.004559
97496.282673,0.007026
97496.285174,0.000000
97496.287675,0.010153
97496.290176,0.019334
97496.292678,0.005811
97496.295179,0.000000
97496.297680,0.023493
97496.300181,0.000000
97496.302682,0.005570
97496.305183,0.013688
97496.307684,0.015507
97496.310185,0.000000
97496.312686,0.001684
97496.315187,0.000733
97496.317688,0.020670
97496.320189,0.006589
97496.322690,0.020800
97496.325191,0.007755
97496.327692,0.000000
97496.330193,0.002785
97496.332694,0.021884
97496.335195,0.000000
97496.337696,0.013013
97496.340197,0.000000
97496.342698,0.000000
97496.345199,0.014700
97496.347700,0.000000
97496.350201,0.005416
97496.352702,0.000000
97496.355203,0.000000
97496.357704,0.006862
97496.360206,0.001814
97496.362707,0.000000
97496.365208,0.000000
97496.367709,0.000000
97496.370210,0.010510
97496.372711,0.019936
97496.375212,0.012202
97496.377713,0.014207
97496.380214,0.000000
97496.382715,0.007856
97496.385216,0.000000
97496.387717,0.002662
97496.390218,0.013752
97496.392719,0.016884
97496.395220,0.000000
97496.397721,0.000000
97496.400222,0.000000
97496.402723,0.000000
97496.405224,0.004088
97496.407725,0.011965
97496.410226,0.000000
97496.412727,0.000000
97496.415228,0.000000
97496.417729,0.017967
97496.420230,0.000000
97496.422731,0.000000
97496.425232,0.007732
97496.427734,0.000000
97496.430235,0.000000
97496.432736,0.026056
97496.435237,0.025657
97496.437738,0.000000
97496.440239,0.000000
97496.442740,0.000000
97496.445241,0.000000
97496.447742,0.014883
97496.450243,0.034779
97496.452744,0.000000
97496.455245,0.000000
97496.457746,0.000000
97496.460247,0.001222
97496.462748,0.000000
97496.465249,0.000000
97496.467750,0.014578
97496.470251,0.001830
97496.472752,0.018247
97496.475253,0.005239
97496.477754,0.000000
97496.480255,0.000000
97496.482756,0.003568
97496.485257,0.000000
97496.487758,0.000000
97496.490259,0.000000
97496.492760,0.007409
97496.495262,0.000000
97496.497763,0.016984
97496.500264,0.000000
97496.502765,0.000000
97496.505266,0.000000
97496.507767,0.023665
97496.510268,0.000497
97496.512769,0.000000
97496.515270,0.000000
97496.517771,0.017206
97496.520272,0.000000
97496.522773,0.022146
97496.525274,0.009395
97496.527775,0.000000
97496.530276,0.016764
97496.532777,0.000000
97496.535278,0.000000
97496.537779,0.000000
97496.540280,0.011042
97496.542781,0.016345
97496.545282,0.000000
97496.547783,0.000000
97496.550284,0.000000
97496.552785,0.000000
97496.555286,0.000000
97496.557787,0.003813
97496.560288,0.027838
97496.562790,0.011430
97496.565291,0.000000
97496.567792,0.000000
97496.570293,0.000000
97496.572794,0.005590
97496.575295,0.022569
97496.577796,0.000000
97496.580297,0.022102
97496.582798,0.030220
97496.585299,0.000000
97496.587800,0.000000
97496.590301,0.000000
97496.592802,0.000898
97496.595303,0.000000
97496.597804,0.012700
97496.600305,0.000000
97496.602806,0.000000
97496.605307,0.004728
97496.607808,0.012497
97496.610309,0.031532
97496.612810,0.000000
97496.615311,0.000000
97496.617812,0.000000
97496.620313,0.000000
97496.622814,0.000000
97496.625315,0.000000
97496.627816,0.000000
97496.630318,0.006743
97496.632819,0.000000
97496.635320,0.006750
97496.637821,0.001639
97496.640322,0.000000
97496.642823,0.000000
97496.645324,0.008384
97496.647825,0.023650
97496.650326,0.036417
97496.652827,0.013436
97496.655328,0.020935
97496.657829,0.006628
97496.660330,0.004338
97496.662831,0.001594
97496.665332,0.000000
97496.667833,0.008720
97496.670334,0.000000
97496.672835,0.000000
97496.675336,0.000000
97496.677837,0.006822
97496.680338,0.000000
97496.682839,0.000485
97496.685340,0.007189
97496.687841,0.008415
97496.690342,0.011082
97496.692843,0.000000
97496.695344,0.006982
97496.697845,0.000000
97496.700347,0.000000
97496.702848,0.007617
97496.705349,0.004287
97496.707850,0.014555
97496.710351,0.000000
97496.712852,0.000000
97496.715353,0.000000
97496.717854,0.012734
97496.720355,0.006838
97496.722856,0.000000
97496.725357,0.000000
97496.727858,0.000000
97496.730359,0.006855
97496.732860,0.000000
97496.735361,0.000000
97496.737862,0.000552
97496.740363,0.016517
97496.742864,0.008826
97496.745365,0.013829
97496.747866,0.004336
97496.750367,0.000000
97496.752868,0.000000
97496.755369,0.000000
97496.757870,0.008486
97496.760371,0.000000
97496.762872,0.000000
97496.765373,0.000323
97496.767875,0.023575
97496.770376,0.009439
97496.772877,0.000000
97496.775378,0.002181
97496.777879,0.023719
97496.780380,0.008836
97496.782881,0.000000
97496.785382,0.000000
97496.787883,0.000000
97496.790384,0.020694
97496.792885,0.018045
97496.795386,0.000000
97496.797887,0.000000
97496.800388,0.000642
97496.802889,0.001073
97496.805390,0.000000
97496.807891,0.000000
97496.810392,0.000000
97496.812893,0.018275
97496.815394,0.000000
97496.817895,0.000000
97496.820396,0.006249
97496.822897,0.000000
97496.825398,0.000000
97496.827899,0.000907
97496.830400,0.009700
97496.832901,0.000000
97496.835403,0.025555
97496.837904,0.000000
97496.840405,0.017104
97496.842906,0.004001
97496.845407,0.030612
97496.847908,0.015202
97496.850409,0.000624
97496.852910,0.009032
97496.855411,0.000000
97496.857912,0.000000
97496.860413,0.000000
97496.862914,0.000000
97496.865415,0.029603
97496.867916,0.000000
97496.870417,0.000000
97496.872918,0.000000
97496.875419,0.000000
97496.877920,0.005512
97496.880421,0.000000
97496.882922,0.006397
97496.885423,0.016409
97496.887924,0.018193
97496.890425,0.000000
97496.892926,0.008781
97496.895427,0.000000
97496.897928,0.000000
97496.900429,0.000000
97496.902931,0.000000
97496.905432,0.000000
97496.907933,0.000000
97496.910434,0.000000
97496.912935,0.000000
97496.915436,0.019063
97496.917937,0.000000
97496.920438,0.014153
97496.922939,0.000000
97496.925440,0.000000
97496.927941,0.016885
97496.930442,0.001274
97496.932943,0.027103
97496.935444,0.000000
97496.937945,0.000000
97496.940446,0.014432
97496.942947,0.014532
97496.945448,0.002204
97496.947949,0.047906
97496.950450,0.000000
97496.952951,0.000000
97496.955452,0.000000
97496.957953,0.000000
97496.960454,0.021815
97496.962955,0.000000
97496.965456,0.022494
97496.967957,0.006240
97496.970459,0.015561
97496.972960,0.005561
97496.975461,0.005447
97496.977962,0.010812
97496.980463,0.000000
97496.982964,0.000000
97496.985465,0.005021
97496.987966,0.027881
97496.990467,0.000000
97496.992968,0.000000
97496.995469,0.000000
97496.997970,0.014807
97497.000471,0.000738
97497.002972,0.000000
97497.005473,0.001136
97497.007974,0.000000
97497.010475,0.009033
97497.012976,0.000000
97497.015477,0.000000
97497.017978,0.006136
97497.020479,0.002954
97497.022980,0.000000
97497.025481,0.014846
97497.027982,0.011447
97497.030483,0.000000
97497.032984,0.000000
97497.035485,0.000000
97497.037987,0.000000
97497.040488,0.007686
97497.042989,0.000000
97497.045490,0.000000
97497.047991,0.000000
97497.050492,0.005317
97497.052993,0.009743
97497.055494,0.031173
97497.057995,0.000000
97497.060496,0.000000
97497.062997,0.000000
97497.065498,0.012167
97497.067999,0.000000
97497.070500,0.000000
97497.073001,0.000000
97497.075502,0.000000
97497.078003,0.000000
97497.080504,0.003124
97497.083005,0.000000
97497.085506,0.011343
97497.088007,0.000000
97497.090508,0.008016
97497.093009,0.000000
97497.095510,0.000000
97497.098011,0.000000
97497.100512,0.000000
97497.103013,0.025685
97497.105515,0.002047
97497.108016,0.000000
97497.110517,0.000000
97497.113018,0.000000
97497.115519,0.020602
97497.118020,0.019198
97497.120521,0.001545
97497.123022,0.004589
97497.125523,0.000000
97497.128024,0.000000
97497.130525,0.000000
97497.133026,0.000000
97497.135527,0.015240
97497.138028,0.000000
97497.140529,0.004994
97497.143030,0.014060
97497.145531,0.000000
97497.148032,0.026509
97497.150533,0.016623
97497.153034,0.007381
97497.155535,0.013273
97497.158036,0.013948
97497.160537,0.004203
97497.163038,0.020515
97497.165539,0.000000
97497.168040,0.006633
97497.170541,0.018983
97497.173042,0.000000
97497.175544,0.006291
97497.178045,0.010408
97497.180546,0.000000
97497.183047,0.004048
97497.185548,0.000000
97497.188049,0.005700
97497.190550,0.000000
97497.193051,0.000000
97497.195552,0.015939
97497.198053,0.000000
97497.200554,0.003878
97497.203055,0.018874
97497.205556,0.000000
97497.208057,0.000116
97497.210558,0.000000
97497.213059,0.000000
97497.215560,0.030969
97497.218061,0.006561
97497.220562,0.004504
97497.223063,0.007528
97497.225564,0.006180
97497.228065,0.000000
97497.230566,0.032990
97497.233067,0.000000
97497.235568,0.024886
97497.238069,0.008877
97497.240570,0.002597
97497.243072,0.000000
97497.245573,0.037419
97497.248074,0.008683
97497.250575,0.000254
97497.253076,0.000000
97497.255577,0.000000
97497.258078,0.000727
97497.260579,0.000000
97497.263080,0.009762
97497.265581,0.000000
97497.268082,0.014435
97497.270583,0.014113
97497.273084,0.000000
97497.275585,0.008335
97497.278086,0.009054
97497.280587,0.000000
97497.283088,0.024873
97497.285589,0.000000
97497.288090,0.009991
97497.290591,0.010394
97497.293092,0.000000
97497.295593,0.000000
97497.298094,0.012071
97497.300595,0.000894
97497.303096,0.009896
97497.305597,0.001327
97497.308098,0.017658
97497.310600,0.001638
97497.313101,0.020455
97497.315602,0.000000
97497.318103,0.000000
97497.320604,0.000000
97497.323105,0.005582
97497.325606,0.000000
97497.328107,0.000000
97497.330608,0.000000
97497.333109,0.000000
97497.335610,0.000000
97497.338111,0.000000
97497.340612,0.000000
97497.343113,0.000850
97497.345614,0.000000
97497.348115,0.000000
97497.350616,0.000000
97497.353117,0.007786
97497.355618,0.000000
97497.358119,0.022544
97497.360620,0.012183
97497.363121,0.000000
97497.365622,0.000000
97497.368123,0.021936
97497.370624,0.000000
97497.373125,0.000000
97497.375626,0.020168
97497.378128,0.000000
97497.380629,0.016130
97497.383130,0.000000
97497.385631,0.000000
97497.388132,0.017646
97497.390633,0.006302
97497.393134,0.007247
97497.395635,0.000000
97497.398136,0.000000
97497.400637,0.016524
97497.403138,0.003493
97497.405639,0.000000
97497.408140,0.003173
97497.410641,0.021667
97497.413142,0.010395
97497.415643,0.000000
97497.418144,0.000000
97497.420645,0.008447
97497.423146,0.000000
97497.425647,0.000000
97497.428148,0.018899
97497.430649,0.012531
97497.433150,0.005540
97497.435651,0.000000
97497.438152,0.025700
97497.440653,0.014778
97497.443154,0.000000
97497.445656,0.000000
97497.448157,0.001127
97497.450658,0.000000
97497.453159,0.031770
97497.455660,0.000000
97497.458161,0.000000
97497.460662,0.022815
97497.463163,0.000000
97497.465664,0.011296
97497.468165,0.009701
97497.470666,0.000000
97497.473167,0.000000
97497.475668,0.000000
97497.478169,0.000000
97497.480670,0.000000
97497.483171,0.011100
97497.485672,0.024673
97497.488173,0.000000
97497.490674,0.000000
97497.493175,0.000000
97497.495676,0.003932
97497.498177,0.000000
97497.500678,0.000000
97497.503179,0.000000
97497.505680,0.000000
97497.508181,0.000000
97497.510682,0.024000
97497.513184,0.004993
97497.515685,0.000934
97497.518186,0.019346
97497.520687,0.005510
97497.523188,0.006860
97497.525689,0.000000
97497.528190,0.000000
97497.530691,0.000000
97497.533192,0.000000
97497.535693,0.000000
97497.538194,0.004951
97497.540695,0.000000
97497.543196,0.000000
97497.545697,0.000000
97497.548198,0.005733
97497.550699,0.000000
97497.553200,0.005082
97497.555701,0.000000
97497.558202,0.004832
97497.560703,0.010728
97497.563204,0.008899
97497.565705,0.000000
97497.568206,0.013147
97497.570707,0.000000
97497.573208,0.000000
97497.575709,0.000000
97497.578210,0.014886
97497.580712,0.000000
97497.583213,0.000000
97497.585714,0.025097
97497.588215,0.000000
97497.590716,0.011698
97497.593217,0.000000
97497.595718,0.003658
97497.598219,0.020307
97497.600720,0.004211
97497.603221,0.020605
97497.605722,0.000000
97497.608223,0.000000
97497.610724,0.011302
97497.613225,0.000000
97497.615726,0.008580
97497.618227,0.017004
97497.620728,0.012472
97497.623229,0.000000
97497.625730,0.000000
97497.628231,0.004048
97497.630732,0.000000
97497.633233,0.001140
97497.635734,0.004238
97497.638235,0.000000
97497.640736,0.000000
97497.643237,0.000000
97497.645738,0.000000
97497.648239,0.000000
97497.650741,0.001673
97497.653242,0.000000
97497.655743,0.000000
97497.658244,0.025643
97497.660745,0.000000
97497.663246,0.004116
97497.665747,0.000000
97497.668248,0.000000
97497.670749,0.004660
97497.673250,0.000000
97497.675751,0.000047
97497.678252,0.011589
97497.680753,0.000000
97497.683254,0.000000
97497.685755,0.000000
97497.688256,0.020661
97497.690757,0.013375
97497.693258,0.009420
97497.695759,0.000000
97497.698260,0.000000
97497.700761,0.000000
97497.703262,0.000000
97497.705763,0.000000
97497.708264,0.000000
97497.710765,0.000000
97497.713266,0.009442
97497.715767,0.000000
97497.718269,0.004444
97497.720770,0.000000
97497.723271,0.008469
97497.725772,0.004824
97497.728273,0.000000
97497.730774,0.001874
97497.733275,0.000000
97497.735776,0.000000
97497.738277,0.014077
97497.740778,0.000000
97497.743279,0.000000
97497.745780,0.000000
97497.748281,0.003936
97497.750782,0.000000
97497.753283,0.000000
97497.755784,0.000000
97497.758285,0.000000
97497.760786,0.000000
97497.763287,0.009801
97497.765788,0.000000
97497.768289,0.000000
97497.770790,0.000000
97497.773291,0.006220
97497.775792,0.000000
97497.778293,0.018760
97497.780794,0.006985
97497.783295,0.022043
97497.785797,0.001967
97497.788298,0.015481
97497.790799,0.006647
97497.793300,0.000000
97497.795801,0.002689
97497.798302,0.000000
97497.800803,0.029715
97497.803304,0.000000
97497.805805,0.000376
97497.808306,0.005602
97497.810807,0.000000
97497.813308,0.018980
97497.815809,0.000000
97497.818310,0.000000
97497.820811,0.000000
97497.823312,0.000000
97497.825813,0.022435
97497.828314,0.000000
97497.830815,0.000000
97497.833316,0.002872
97497.835817,0.007950
97497.838318,0.000000
97497.840819,0.000000
97497.843320,0.000000
97497.845821,0.000000
97497.848322,0.000000
97497.850823,0.000000
97497.853325,0.002244
97497.855826,0.012971
97497.858327,0.006629
97497.860828,0.000000
97497.863329,0.008840
97497.865830,0.011095
97497.868331,0.020018
97497.870832,0.000000
97497.873333,0.000000
97497.875834,0.008152
97497.878335,0.000000
97497.880836,0.007927
97497.883337,0.000000
97497.885838,0.000000
97497.888339,0.000000
97497.890840,0.017944
97497.893341,0.000000
97497.895842,0.000000
97497.898343,0.004946
97497.900844,0.000000
97497.903345,0.000000
97497.905846,0.000000
97497.908347,0.000000
97497.910848,0.000000
97497.913349,0.036267
97497.915850,0.000000
97497.918351,0.000000
97497.920853,0.029040
97497.923354,0.012758
97497.925855,0.010411
97497.928356,0.000000
97497.930857,0.017114
97497.933358,0.011725
97497.935859,0.002113
97497.938360,0.000000
97497.940861,0.000000
97497.943362,0.024848
97497.945863,0.003165
97497.948364,0.000000
97497.950865,0.000000
97497.953366,0.000000
97497.955867,0.000000
97497.958368,0.000000
97497.960869,0.020723
97497.963370,0.019096
97497.965871,0.000000
97497.968372,0.018326
97497.970873,0.010933
97497.973374,0.009097
97497.975875,0.006204
97497.978376,0.000000
97497.980877,0.000000
97497.983378,0.011964
97497.985879,0.000000
97497.988381,0.000000
97497.990882,0.004398
97497.993383,0.000000
97497.995884,0.011834
97497.998385,0.000000
97498.000886,0.003510
97498.003387,0.004712
97498.005888,0.000000
97498.008389,0.000000
97498.010890,0.000000
97498.013391,0.000000
97498.015892,0.000000
97498.018393,0.000000
97498.020894,0.010751
97498.023395,0.000000
97498.025896,0.000000
97498.028397,0.007444
97498.030898,0.000000
97498.033399,0.026653
97498.035900,0.015014
97498.038401,0.000000
97498.040902,0.000000
97498.043403,0.000425
97498.045904,0.000000
97498.048405,0.013810
97498.050906,0.005659
97498.053407,0.001772
97498.055909,0.000000
97498.058410,0.022982
97498.060911,0.010822
97498.063412,0.008664
97498.065913,0.017237
97498.068414,0.000000
97498.070915,0.018453
97498.073416,0.000000
97498.075917,0.004808
97498.078418,0.000000
97498.080919,0.000000
97498.083420,0.013751
97498.085921,0.000000
97498.088422,0.000000
97498.090923,0.000000
97498.093424,0.000000
97498.095925,0.000000
97498.098426,0.003516
97498.100927,0.000000
97498.103428,0.000000
97498.105929,0.000000
97498.108430,0.000663
97498.110931,0.000000
97498.113432,0.000000
97498.115933,0.000000
97498.118434,0.000000
97498.120935,0.012894
97498.123436,0.000000
97498.125938,0.036218
97498.128439,0.013888
97498.130940,0.000000
97498.133441,0.008323
97498.135942,0.000000
97498.138443,0.013823
97498.140944,0.000000
97498.143445,0.001289
97498.145946,0.000000
97498.148447,0.000000
97498.150948,0.000000
97498.153449,0.001104
97498.155950,0.000000
97498.158451,0.000000
97498.160952,0.000000
97498.163453,0.033496
97498.165954,0.003332
97498.168455,0.006285
97498.170956,0.000000
97498.173457,0.000000
97498.175958,0.002169
97498.178459,0.004155
97498.180960,0.018699
97498.183461,0.029842
97498.185962,0.021215
97498.188463,0.000000
97498.190964,0.000000
97498.193466,0.004824
97498.195967,0.000000
97498.198468,0.000000
97498.200969,0.000000
97498.203470,0.013131
97498.205971,0.000000
97498.208472,0.000000
97498.210973,0.000000
97498.213474,0.000000
97498.215975,0.000000
97498.218476,0.000000
97498.220977,0.016503
97498.223478,0.000000
97498.223478,0.006227
97778.237077,0.000000
98058.250676,0.000000
98338.264274,0.000000
98618.277873,0.000000
98898.291472,0.000000
99178.305071,0.000000
99458.318669,0.006300
99738.332268,0.000000
100018.345867,0.000000
100298.359466,0.012234
100578.373065,0.006206
100858.386663,0.000000
101138.400262,0.000000
101418.413861,0.019084
101698.427460,0.000000
101978.441059,0.009040
102258.454657,0.000000
102538.468256,0.013184
102818.481855,0.014516
102818.481855,0.000000
102818.484356,0.006454
102818.486857,0.005264
102818.489358,0.010098
102818.491859,0.005246
102818.494360,0.000000
102818.496861,0.000000
102818.499362,0.023910
102818.501863,0.000000
102818.504364,0.004637
102818.506865,0.016536
102818.509366,0.000000
102818.511867,0.000000
102818.514368,0.000000
102818.516869,0.005673
102818.519370,0.000000
102818.521871,0.000000
102818.524373,0.019696
102818.526874,0.000000
102818.529375,0.000000
102818.531876,0.001801
102818.534377,0.000000
102818.536878,0.006502
102818.539379,0.023257
102818.541880,0.005699
102818.544381,0.029212
102818.546882,0.006540
102818.549383,0.000000
102818.551884,0.032868
102818.554385,0.000000
102818.556886,0.000000
102818.559387,0.033377
102818.561888,0.000000
102818.564389,0.000000
102818.566890,0.000000
102818.569391,0.002365
102818.571892,0.013370
102818.574393,0.000000
102818.576894,0.013308
102818.579395,0.000000
102818.581896,0.000000
102818.584397,0.024636
102818.586898,0.003064
102818.589399,0.006431
102818.591901,0.000000
102818.594402,0.010969
102818.596903,0.023240
102818.599404,0.000000
102818.601905,0.015579
102818.604406,0.022221
102818.606907,0.007197
102818.609408,0.000000
102818.611909,0.000000
102818.614410,0.033924
102818.616911,0.000000
102818.619412,0.021799
102818.621913,0.005609
102818.624414,0.029385
102818.626915,0.000000
102818.629416,0.000000
102818.631917,0.000031
102818.634418,0.000000
102818.636919,0.038452
102818.639420,0.009042
102818.641921,0.011177
102818.644422,0.011186
102818.646923,0.000000
102818.649424,0.000000
102818.651925,0.001585
102818.654426,0.027921
102818.656927,0.000000
102818.659429,0.000000
102818.661930,0.000000
102818.664431,0.000000
102818.666932,0.000000
102818.669433,0.000000
102818.671934,0.000000
102818.674435,0.015786
102818.676936,0.000000
102818.679437,0.012001
102818.681938,0.000000
102818.684439,0.000000
102818.686940,0.023171
102818.689441,0.022303
102818.691942,0.013530
102818.694443,0.002907
102818.696944,0.007440
102818.699445,0.005324
102818.701946,0.000000
102818.704447,0.000000
102818.706948,0.016121
102818.709449,0.000000
102818.711950,0.021364
102818.714451,0.000000
102818.716952,0.000000
102818.719453,0.000000
102818.721954,0.000000
102818.724455,0.000000
102818.726957,0.000000
102818.729458,0.000000
102818.731959,0.000000
102818.734460,0.000000
102818.736961,0.010972
102818.739462,0.000000
102818.741963,0.004683
102818.744464,0.000108
102818.746965,0.007765
102818.749466,0.000670
102818.751967,0.000000
102818.754468,0.000000
102818.756969,0.003020
102818.759470,0.018290
102818.761971,0.000000
102818.764472,0.000000
102818.766973,0.000000
102818.769474,0.000000
102818.771975,0.000000
102818.774476,0.000000
102818.776977,0.000000
102818.779478,0.003387
102818.781979,0.000000
102818.784480,0.000000
102818.786981,0.000000
102818.789482,0.000000
102818.791983,0.000000
102818.794484,0.000000
102818.796986,0.000000
102818.799487,0.000000
102818.801988,0.000000
102818.804489,0.000000
102818.806990,0.005418
102818.809491,0.000000
102818.811992,0.000000
102818.814493,0.018644
102818.816994,0.000000
102818.819495,0.022491
102818.821996,0.000000
102818.824497,0.000000
102818.826998,0.000000
102818.829499,0.000988
102818.832000,0.018019
102818.834501,0.011474
102818.837002,0.000918
102818.839503,0.018097
102818.842004,0.000000
102818.844505,0.003583
102818.847006,0.004452
102818.849507,0.004627
102818.852008,0.000000
102818.854509,0.000000
102818.857010,0.000000
102818.859511,0.016012
102818.862012,0.027510
102818.864514,0.000000
102818.867015,0.000000
102818.869516,0.011717
102818.872017,0.037552
102818.874518,0.015900
102818.877019,0.000000
102818.879520,0.041096
102818.882021,0.009865
102818.884522,0.000000
102818.887023,0.027783
102818.889524,0.000000
102818.892025,0.000000
102818.894526,0.010437
102818.897027,0.000000
102818.899528,0.000532
102818.902029,0.000556
102818.904530,0.016008
102818.907031,0.000000
102818.909532,0.004087
102818.912033,0.000000
102818.914534,0.000000
102818.917035,0.000000
102818.919536,0.000000
102818.922037,0.000000
102818.924538,0.018536
102818.927039,0.011951
102818.929540,0.000000
102818.932042,0.000000
102818.934543,0.011805
102818.937044,0.018814
102818.939545,0.014855
102818.942046,0.000000
102818.944547,0.000000
102818.947048,0.023785
102818.949549,0.000000
102818.952050,0.006869
102818.954551,0.000000
102818.957052,0.000000
102818.959553,0.008405
102818.962054,0.000000
102818.964555,0.007525
102818.967056,0.000000
102818.969557,0.000000
102818.972058,0.006921
102818.974559,0.010010
102818.977060,0.003157
102818.979561,0.013603
102818.982062,0.000000
102818.984563,0.000000
102818.987064,0.026180
102818.989565,0.018435
102818.992066,0.009101
102818.994567,0.000000
102818.997068,0.014864
102818.999570,0.006164
102819.002071,0.000000
102819.004572,0.014303
102819.007073,0.000000
102819.009574,0.010912
102819.012075,0.000000
102819.014576,0.022968
102819.017077,0.000000
102819.019578,0.000000
102819.022079,0.000000
102819.024580,0.000000
102819.027081,0.000000
102819.029582,0.018933
102819.032083,0.001007
102819.034584,0.000000
102819.037085,0.000000
102819.039586,0.039608
102819.042087,0.001945
102819.044588,0.013657
102819.047089,0.000000
102819.049590,0.000000
102819.052091,0.000000
102819.054592,0.001843
102819.057093,0.000000
102819.059594,0.027556
102819.062095,0.000000
102819.064596,0.000000
102819.067098,0.011617
102819.069599,0.013387
102819.072100,0.000431
102819.074601,0.000000
102819.077102,0.000000
102819.079603,0.017534
102819.082104,0.012476
102819.084605,0.000000
102819.087106,0.000856
102819.089607,0.000000
102819.092108,0.023394
102819.094609,0.000000
102819.097110,0.000000
102819.099611,0.000000
102819.102112,0.004455
102819.104613,0.000806
102819.107114,0.002874
102819.109615,0.000000
102819.112116,0.021328
102819.114617,0.000000
102819.117118,0.017058
102819.119619,0.045089
102819.122120,0.000000
102819.124621,0.004918
102819.127122,0.000000
102819.129623,0.029171
102819.132124,0.000000
102819.134626,0.003572
102819.137127,0.003259
102819.139628,0.000000
102819.142129,0.010851
102819.144630,0.001342
102819.147131,0.006921
102819.149632,0.003068
102819.152133,0.000000
102819.154634,0.000000
102819.157135,0.007978
102819.159636,0.007919
102819.162137,0.017883
102819.164638,0.026705
102819.167139,0.000000
102819.169640,0.001937
102819.172141,0.000000
102819.174642,0.000000
102819.177143,0.008109
102819.179644,0.011172
102819.182145,0.000000
102819.184646,0.000000
102819.187147,0.000000
102819.189648,0.000000
102819.192149,0.000000
102819.194650,0.000000
102819.197151,0.002284
102819.199652,0.003866
102819.202154,0.005645
102819.204655,0.006339
102819.207156,0.021990
102819.209657,0.000000
102819.212158,0.000000
102819.214659,0.009410
102819.217160,0.000000
102819.219661,0.016164
102819.222162,0.008068
102819.224663,0.027551
102819.227164,0.000000
102819.229665,0.000000
102819.232166,0.004893
102819.234667,0.000000
102819.237168,0.007677
102819.239669,0.009517
102819.242170,0.000000
102819.244671,0.000000
102819.247172,0.000000
102819.249673,0.000000
102819.252174,0.001159
102819.254675,0.000000
102819.257176,0.012377
102819.259677,0.000000
102819.262178,0.000091
102819.264679,0.022640
102819.267180,0.009701
102819.269681,0.014086
102819.272183,0.004880
102819.274684,0.000000
102819.277185,0.002392
102819.279686,0.005867
102819.282187,0.000000
102819.284688,0.000000
102819.287189,0.000000
102819.289690,0.000000
102819.292191,0.000000
102819.294692,0.020141
102819.297193,0.000000
102819.299694,0.000000
102819.302195,0.000000
102819.304696,0.000000
102819.307197,0.010339
102819.309698,0.000000
102819.312199,0.016325
102819.314700,0.000000
102819.317201,0.018696
102819.319702,0.000000
102819.322203,0.000000
102819.324704,0.000000
102819.327205,0.007267
102819.329706,0.000000
102819.332207,0.008386
102819.334708,0.014095
102819.337209,0.009566
102819.339711,0.001483
102819.342212,0.001373
102819.344713,0.000000
102819.347214,0.000000
102819.349715,0.000000
102819.352216,0.000000
102819.354717,0.007388
102819.357218,0.000000
102819.359719,0.000000
102819.362220,0.006453
102819.364721,0.005457
102819.367222,0.000000
102819.369723,0.000000
102819.372224,0.005974
102819.374725,0.013918
102819.377226,0.002888
102819.379727,0.000000
102819.382228,0.000000
102819.384729,0.000000
102819.387230,0.000000
102819.389731,0.007152
102819.392232,0.008257
102819.394733,0.010431
102819.397234,0.000000
102819.399735,0.002262
102819.402236,0.000000
102819.404737,0.004415
102819.407239,0.001863
102819.409740,0.000000
102819.412241,0.000000
102819.414742,0.015898
102819.417243,0.000000
102819.419744,0.000000
102819.422245,0.015532
102819.424746,0.000000
102819.427247,0.000000
102819.429748,0.010542
102819.432249,0.000000
102819.434750,0.009489
102819.437251,0.000000
102819.439752,0.005889
102819.442253,0.000000
102819.444754,0.017022
102819.447255,0.000000
102819.449756,0.010413
102819.452257,0.000000
102819.454758,0.025974
102819.457259,0.000000
102819.459760,0.028021
102819.462261,0.000000
102819.464762,0.000000
102819.467263,0.017390
102819.469764,0.000000
102819.472265,0.000000
102819.474767,0.007111
102819.477268,0.000000
102819.479769,0.007495
102819.482270,0.002448
102819.484771,0.000000
102819.487272,0.013901
102819.489773,0.000000
102819.492274,0.011078
102819.494775,0.001845
102819.497276,0.000000
102819.499777,0.000000
102819.502278,0.004729
102819.504779,0.000000
102819.507280,0.017350
102819.509781,0.017875
102819.512282,0.023585
102819.514783,0.004035
102819.517284,0.000000
102819.519785,0.000000
102819.522286,0.000000
102819.524787,0.003562
102819.527288,0.006271
102819.529789,0.017690
102819.532290,0.000289
102819.534791,0.000000
102819.537292,0.000000
102819.539793,0.022348
102819.542295,0.000000
102819.544796,0.010617
102819.547297,0.000000
102819.549798,0.000000
102819.552299,0.005682
102819.554800,0.022421
102819.557301,0.004890
102819.559802,0.000000
102819.562303,0.000000
102819.564804,0.000000
102819.567305,0.000000
102819.569806,0.000000
102819.572307,0.000000
102819.574808,0.000000
102819.577309,0.019941
102819.579810,0.000000
102819.582311,0.000000
102819.584812,0.007668
102819.587313,0.018795
102819.589814,0.000000
102819.592315,0.000000
102819.594816,0.015493
102819.597317,0.000000
102819.599818,0.005163
102819.602319,0.006056
102819.604820,0.000000
102819.607321,0.000000
102819.609823,0.000000
102819.612324,0.000000
102819.614825,0.000000
102819.617326,0.001765
102819.619827,0.000000
102819.622328,0.004347
102819.624829,0.006452
102819.627330,0.000000
102819.629831,0.000000
102819.632332,0.010936
102819.634833,0.021895
102819.637334,0.000000
102819.639835,0.003719
102819.642336,0.011593
102819.644837,0.003412
102819.647338,0.000000
102819.649839,0.000000
102819.652340,0.028515
102819.654841,0.001382
102819.657342,0.005587
102819.659843,0.004658
102819.662344,0.000000
102819.664845,0.000730
102819.667346,0.000000
102819.669847,0.000000
102819.672348,0.004553
102819.674849,0.000000
102819.677351,0.000000
102819.679852,0.007221
102819.682353,0.000000
102819.684854,0.000000
102819.687355,0.000000
102819.689856,0.013833
102819.692357,0.007527
102819.694858,0.010170
102819.697359,0.005563
102819.699860,0.000000
102819.702361,0.003289
102819.704862,0.000000
102819.707363,0.000000
102819.709864,0.007182
102819.712365,0.023822
102819.714866,0.021450
102819.717367,0.008936
102819.719868,0.000000
102819.722369,0.000000
102819.724870,0.000000
102819.727371,0.000000
102819.729872,0.013050
102819.732373,0.026187
102819.734874,0.000000
102819.737375,0.000000
102819.739876,0.000000
102819.742377,0.012984
102819.744878,0.029765
102819.747380,0.018817
102819.749881,0.018461
102819.752382,0.000000
102819.754883,0.000000
102819.757384,0.000000
102819.759885,0.000000
102819.762386,0.013130
102819.764887,0.023333
102819.767388,0.004963
102819.769889,0.000000
102819.772390,0.000000
102819.774891,0.000000
102819.777392,0.002918
102819.779893,0.000000
102819.782394,0.013236
102819.784895,0.000000
102819.787396,0.012373
102819.789897,0.000000
102819.792398,0.004269
102819.794899,0.000000
102819.797400,0.000000
102819.799901,0.009222
102819.802402,0.000000
102819.804903,0.000000
102819.807404,0.001603
102819.809905,0.005540
102819.812406,0.019720
102819.814908,0.016555
102819.817409,0.000000
102819.819910,0.000000
102819.822411,0.000000
102819.824912,0.000000
102819.827413,0.007270
102819.829914,0.014962
102819.832415,0.017808
102819.834916,0.000000
102819.837417,0.000000
102819.839918,0.000000
102819.842419,0.000000
102819.844920,0.000000
102819.847421,0.000000
102819.849922,0.005448
102819.852423,0.007055
102819.854924,0.000000
102819.857425,0.000000
102819.859926,0.000000
102819.862427,0.000000
102819.864928,0.009882
102819.867429,0.000000
102819.869930,0.000000
102819.872431,0.000000
102819.874932,0.000000
102819.877433,0.000000
102819.879934,0.000000
102819.882436,0.000000
102819.884937,0.009057
102819.887438,0.009356
102819.889939,0.022808
102819.892440,0.001460
102819.894941,0.003393
102819.897442,0.000000
102819.899943,0.000000
102819.902444,0.029884
102819.904945,0.003754
102819.907446,0.005002
102819.909947,0.000000
102819.912448,0.005895
102819.914949,0.009456
102819.917450,0.015948
102819.919951,0.009050
102819.922452,0.000000
102819.924953,0.000000
102819.927454,0.000000
102819.929955,0.001540
102819.932456,0.018208
102819.934957,0.015407
102819.937458,0.010814
102819.939959,0.029147
102819.942460,0.000000
102819.944961,0.000000
102819.947462,0.000000
102819.949964,0.000000
102819.952465,0.000000
102819.954966,0.000000
102819.957467,0.000000
102819.959968,0.012841
102819.962469,0.011116
102819.964970,0.000000
102819.967471,0.003163
102819.969972,0.019500
102819.972473,0.000000
102819.974974,0.000000
102819.977475,0.004115
102819.979976,0.000144
102819.982477,0.012218
102819.984978,0.000000
102819.987479,0.000000
102819.989980,0.009797
102819.992481,0.000000
102819.994982,0.011660
102819.997483,0.006461
102819.999984,0.010657
102820.002485,0.000000
102820.004986,0.007323
102820.007487,0.000000
102820.009988,0.000000
102820.012489,0.000522
102820.014990,0.000000
102820.017492,0.003133
102820.019993,0.000000
102820.022494,0.003859
102820.024995,0.025019
102820.027496,0.000000
102820.029997,0.000000
102820.032498,0.000000
102820.034999,0.000000
102820.037500,0.010082
102820.040001,0.000000
102820.042502,0.010664
102820.045003,0.005112
102820.047504,0.000000
102820.050005,0.000000
102820.052506,0.009846
102820.055007,0.004368
102820.057508,0.000000
102820.060009,0.000000
102820.062510,0.000000
102820.065011,0.000000
102820.067512,0.000000
102820.070013,0.000000
102820.072514,0.000000
102820.075015,0.019974
102820.077516,0.014777
102820.080017,0.000000
102820.082518,0.011398
102820.085020,0.017450
102820.087521,0.008885
102820.090022,0.004294
102820.092523,0.015776
102820.095024,0.011053
102820.097525,0.000000
102820.100026,0.000000
102820.102527,0.000000
102820.105028,0.016554
102820.107529,0.000000
102820.110030,0.000000
102820.112531,0.014747
102820.115032,0.003730
102820.117533,0.030333
102820.120034,0.000000
102820.122535,0.000000
102820.125036,0.016115
102820.127537,0.000000
102820.130038,0.018955
102820.132539,0.000000
102820.135040,0.008765
102820.137541,0.000000
102820.140042,0.000648
102820.142543,0.000000
102820.145044,0.027668
102820.147545,0.000000
102820.150046,0.000000
102820.152548,0.007691
102820.155049,0.000000
102820.157550,0.010054
102820.160051,0.000000
102820.162552,0.000000
102820.165053,0.000000
102820.167554,0.000000
102820.170055,0.005693
102820.172556,0.012601
102820.175057,0.007943
102820.177558,0.009240
102820.180059,0.000000
102820.182560,0.000000
102820.185061,0.000000
102820.187562,0.020891
102820.190063,0.000000
102820.192564,0.000000
102820.195065,0.000000
102820.197566,0.000000
102820.200067,0.000000
102820.202568,0.013914
102820.205069,0.000000
102820.207570,0.006406
102820.210071,0.000000
102820.212572,0.021646
102820.215073,0.000000
102820.217574,0.000000
102820.220075,0.007588
102820.222577,0.000000
102820.225078,0.008267
102820.227579,0.000000
102820.230080,0.000000
102820.232581,0.000000
102820.235082,0.000000
102820.237583,0.000000
102820.240084,0.004876
102820.242585,0.000000
102820.245086,0.015675
102820.247587,0.011720
102820.250088,0.000000
102820.252589,0.000000
102820.255090,0.012093
102820.257591,0.010981
102820.260092,0.008949
102820.262593,0.000000
102820.265094,0.026266
102820.267595,0.000000
102820.270096,0.003440
102820.272597,0.003616
102820.275098,0.022880
102820.277599,0.001798
102820.280100,0.005973
102820.282601,0.000000
102820.285102,0.000000
102820.287603,0.000000
102820.290105,0.000468
102820.292606,0.000000
102820.295107,0.005030
102820.297608,0.002137
102820.300109,0.001787
102820.302610,0.000000
102820.305111,0.014888
102820.307612,0.006819
102820.310113,0.000000
102820.312614,0.029712
102820.315115,0.000000
102820.317616,0.000000
102820.320117,0.000000
102820.322618,0.000000
102820.325119,0.019526
102820.327620,0.015519
102820.330121,0.010622
102820.332622,0.007916
102820.335123,0.017931
102820.337624,0.000000
102820.340125,0.006071
102820.342626,0.000000
102820.345127,0.000000
102820.347628,0.006465
102820.350129,0.000000
102820.352630,0.000000
102820.355131,0.002370
102820.357633,0.000000
102820.360134,0.000000
102820.362635,0.008462
102820.365136,0.000000
102820.367637,0.000000
102820.370138,0.017003
102820.372639,0.014976
102820.375140,0.000000
102820.377641,0.000000
102820.380142,0.012151
102820.382643,0.000632
102820.385144,0.007616
102820.387645,0.006831
102820.390146,0.000000
102820.392647,0.007410
102820.395148,0.000000
102820.397649,0.005663
102820.400150,0.000000
102820.402651,0.000000
102820.405152,0.000000
102820.407653,0.001891
102820.410154,0.000553
102820.412655,0.000000
102820.415156,0.000000
102820.417657,0.000000
102820.420158,0.000000
102820.422659,0.004402
102820.425161,0.026572
102820.427662,0.000000
102820.430163,0.000000
102820.432664,0.000000
102820.435165,0.017974
102820.437666,0.000000
102820.440167,0.016067
102820.442668,0.002524
102820.445169,0.009292
102820.447670,0.026700
102820.450171,0.000000
102820.452672,0.012877
102820.455173,0.000000
102820.457674,0.000000
102820.460175,0.000000
102820.462676,0.024288
102820.465177,0.019175
102820.467678,0.000000
102820.470179,0.000000
102820.472680,0.013543
102820.475181,0.000000
102820.477682,0.000000
102820.480183,0.000000
102820.482684,0.000000
102820.485185,0.000000
102820.487686,0.000000
102820.490187,0.000000
102820.492689,0.000000
102820.495190,0.000000
102820.497691,0.000000
102820.500192,0.014657
102820.502693,0.000000
102820.505194,0.020485
102820.507695,0.000000
102820.510196,0.006308
102820.512697,0.006767
102820.515198,0.000000
102820.517699,0.000000
102820.520200,0.000000
102820.522701,0.005350
102820.525202,0.000000
102820.527703,0.000000
102820.530204,0.001710
102820.532705,0.004878
102820.535206,0.026573
102820.537707,0.000979
102820.540208,0.000144
102820.542709,0.006153
102820.545210,0.000000
102820.547711,0.000000
102820.550212,0.000000
102820.552713,0.015399
102820.555214,0.017718
102820.557715,0.000000
102820.560217,0.009567
102820.562718,0.000000
102820.565219,0.006595
102820.567720,0.005736
102820.570221,0.000000
102820.572722,0.014364
102820.575223,0.025048
102820.577724,0.000000
102820.580225,0.002025
102820.582726,0.021245
102820.585227,0.000000
102820.587728,0.000000
102820.590229,0.000000
102820.592730,0.000533
102820.595231,0.000494
102820.597732,0.000000
102820.600233,0.000000
102820.602734,0.000000
102820.605235,0.000000
102820.607736,0.000000
102820.610237,0.000000
102820.612738,0.000000
102820.615239,0.000000
102820.617740,0.000000
102820.620241,0.010781
102820.622742,0.000000
102820.625243,0.000000
102820.627745,0.000000
102820.630246,0.000000
102820.632747,0.018147
102820.635248,0.000000
102820.637749,0.000000
102820.640250,0.001715
102820.642751,0.000000
102820.645252,0.005165
102820.647753,0.010293
102820.650254,0.000000
102820.652755,0.008667
102820.655256,0.000000
102820.657757,0.001071
102820.660258,0.000000
102820.662759,0.001898
102820.665260,0.000000
102820.667761,0.000000
102820.670262,0.000000
102820.672763,0.010782
102820.675264,0.000000
102820.677765,0.014536
102820.680266,0.000000
102820.682767,0.018704
102820.685268,0.000000
102820.687769,0.021154
102820.690270,0.002505
102820.692771,0.005742
102820.695272,0.000000
102820.697774,0.010474
102820.700275,0.010973
102820.702776,0.000000
102820.705277,0.000000
102820.707778,0.000000
102820.710279,0.000000
102820.712780,0.006454
102820.715281,0.000000
102820.717782,0.000000
102820.720283,0.000000
102820.722784,0.021104
102820.725285,0.000651
102820.727786,0.002840
102820.730287,0.000000
102820.732788,0.000000
102820.735289,0.000000
102820.737790,0.004937
102820.740291,0.000000
102820.742792,0.010690
102820.745293,0.000000
102820.747794,0.013622
102820.750295,0.027395
102820.752796,0.000016
102820.755297,0.018839
102820.757798,0.010793
102820.760299,0.000000
102820.762800,0.001593
102820.765302,0.007199
102820.767803,0.008585
102820.770304,0.002560
102820.772805,0.002374
102820.775306,0.000073
102820.777807,0.001913
102820.780308,0.000000
102820.782809,0.000000
102820.785310,0.000000
102820.787811,0.000000
102820.790312,0.000000
102820.792813,0.000000
102820.795314,0.000000
102820.797815,0.003868
102820.800316,0.000000
102820.802817,0.000000
102820.805318,0.000000
102820.807819,0.000000
102820.810320,0.016454
102820.812821,0.016673
102820.815322,0.005365
102820.817823,0.000000
102820.820324,0.008029
102820.822825,0.000000
102820.825326,0.000000
102820.827827,0.000000
102820.830328,0.013047
102820.832830,0.011204
102820.835331,0.000000
102820.837832,0.024867
102820.840333,0.005925
102820.842834,0.005117
102820.845335,0.003578
102820.847836,0.000000
102820.850337,0.000000
102820.852838,0.000000
102820.855339,0.000000
102820.857840,0.008471
102820.860341,0.000000
102820.862842,0.001015
102820.865343,0.001272
102820.867844,0.001841
102820.870345,0.000236
102820.872846,0.000000
102820.875347,0.000000
102820.877848,0.000000
102820.880349,0.000000
102820.882850,0.000000
102820.885351,0.000000
102820.887852,0.015658
102820.890353,0.010428
102820.892854,0.006698
102820.895355,0.014153
102820.897856,0.000000
102820.900358,0.000000
102820.902859,0.008831
102820.905360,0.000000
102820.907861,0.000000
102820.910362,0.026751
102820.912863,0.001371
102820.915364,0.025332
102820.917865,0.000000
102820.920366,0.000000
102820.922867,0.005872
102820.925368,0.001346
102820.927869,0.000000
102820.930370,0.000000
102820.932871,0.035521
102820.935372,0.003547
102820.937873,0.008682
102820.940374,0.000000
102820.942875,0.003494
102820.945376,0.000000
102820.947877,0.016070
102820.950378,0.015613
102820.952879,0.005853
102820.955380,0.001019
102820.957881,0.000000
102820.960382,0.000000
102820.962883,0.001177
102820.965384,0.012563
102820.967886,0.019129
102820.970387,0.000000
102820.972888,0.000000
102820.975389,0.013401
102820.977890,0.000000
102820.980391,0.000000
102820.982892,0.000000
102820.985393,0.000000
102820.987894,0.018962
102820.990395,0.012434
102820.992896,0.000000
102820.995397,0.020080
102820.997898,0.001796
102821.000399,0.015237
102821.002900,0.019063
102821.005401,0.000000
102821.007902,0.008206
102821.010403,0.000000
102821.012904,0.013360
102821.015405,0.001297
102821.017906,0.013794
102821.020407,0.021901
102821.022908,0.007860
102821.025409,0.000000
102821.027910,0.000000
102821.030411,0.000000
102821.032912,0.000000
102821.035414,0.013395
102821.037915,0.013931
102821.040416,0.000000
102821.042917,0.002364
102821.045418,0.000000
102821.047919,0.009905
102821.050420,0.031724
102821.052921,0.010176
102821.055422,0.000000
102821.057923,0.000000
102821.060424,0.020137
102821.062925,0.000000
102821.065426,0.000000
102821.067927,0.010198
102821.070428,0.018591
102821.072929,0.008747
102821.075430,0.000000
102821.077931,0.007707
102821.080432,0.005951
102821.082933,0.005039
102821.085434,0.000000
102821.087935,0.000761
102821.090436,0.000000
102821.092937,0.035624
102821.095438,0.002255
102821.097939,0.007879
102821.100440,0.000000
102821.102942,0.012142
102821.105443,0.000000
102821.107944,0.000000
102821.110445,0.000000
102821.112946,0.029503
102821.115447,0.017356
102821.117948,0.000000
102821.120449,0.007413
102821.122950,0.000000
102821.125451,0.006125
102821.127952,0.007245
102821.130453,0.013308
102821.132954,0.000000
102821.135455,0.000000
102821.137956,0.000000
102821.140457,0.000000
102821.142958,0.000000
102821.145459,0.003905
102821.147960,0.000000
102821.150461,0.032428
102821.152962,0.000000
102821.155463,0.000000
102821.157964,0.004274
102821.160465,0.000000
102821.162966,0.007304
102821.165467,0.004905
102821.167968,0.000000
102821.170469,0.003935
102821.172971,0.006152
102821.175472,0.020614
102821.177973,0.035913
102821.180474,0.000000
102821.182975,0.000000
102821.185476,0.001476
102821.187977,0.000000
102821.190478,0.009328
102821.192979,0.001624
102821.195480,0.005276
102821.197981,0.000000
102821.200482,0.003663
102821.202983,0.006783
102821.205484,0.002873
102821.207985,0.000000
102821.210486,0.002471
102821.212987,0.026629
102821.215488,0.003460
102821.217989,0.001969
102821.220490,0.022408
102821.222991,0.000000
102821.225492,0.012779
102821.227993,0.000000
102821.230494,0.015607
102821.232995,0.011463
102821.235496,0.000000
102821.237997,0.000000
102821.240499,0.014045
102821.243000,0.000000
102821.245501,0.000000
102821.248002,0.008911
102821.250503,0.000000
102821.253004,0.001937
102821.255505,0.000000
102821.258006,0.000000
102821.260507,0.009759
102821.263008,0.000000
102821.265509,0.000000
102821.268010,0.015248
102821.270511,0.007407
102821.273012,0.000000
102821.275513,0.001989
102821.278014,0.000000
102821.280515,0.000000
102821.283016,0.002528
102821.285517,0.000000
102821.288018,0.010663
102821.290519,0.012889
102821.293020,0.003786
102821.295521,0.005946
102821.298022,0.000000
102821.300523,0.019566
102821.303024,0.000000
102821.305525,0.000000
102821.308027,0.002095
102821.310528,0.010708
102821.313029,0.007359
102821.315530,0.000000
102821.318031,0.010882
102821.320532,0.000000
102821.323033,0.007199
102821.325534,0.000000
102821.328035,0.015023
102821.330536,0.002624
102821.333037,0.017076
102821.335538,0.000000
102821.338039,0.000000
102821.340540,0.000000
102821.343041,0.021080
102821.345542,0.028193
102821.348043,0.000000
102821.350544,0.000762
102821.353045,0.002229
102821.355546,0.010315
102821.358047,0.012711
102821.360548,0.000000
102821.363049,0.000928
102821.365550,0.000000
102821.368051,0.011646
102821.370552,0.000000
102821.373053,0.000000
102821.375555,0.004777
102821.378056,0.000000
102821.380557,0.018119
102821.383058,0.000000
102821.385559,0.031929
102821.388060,0.012274
102821.390561,0.018496
102821.393062,0.000000
102821.395563,0.025689
102821.398064,0.000000
102821.400565,0.000000
102821.403066,0.018739
102821.405567,0.007279
102821.408068,0.000000
102821.410569,0.016308
102821.413070,0.004883
102821.415571,0.000000
102821.418072,0.000000
102821.420573,0.006245
102821.423074,0.000000
102821.425575,0.002245
102821.428076,0.000000
102821.430577,0.000000
102821.433078,0.006899
102821.435579,0.026953
102821.438080,0.000000
102821.440581,0.020731
102821.443083,0.011309
102821.445584,0.003358
102821.448085,0.000000
102821.450586,0.000000
102821.453087,0.008870
102821.455588,0.000000
102821.458089,0.000000
102821.460590,0.000000
102821.463091,0.000000
102821.465592,0.012938
102821.468093,0.000000
102821.470594,0.011509
102821.473095,0.006316
102821.475596,0.000000
102821.478097,0.004230
102821.480598,0.000000
102821.483099,0.000000
102821.485600,0.006651
102821.488101,0.000000
102821.490602,0.000000
102821.493103,0.000000
102821.495604,0.000000
102821.498105,0.000000
102821.500606,0.008317
102821.503107,0.000000
102821.505608,0.002441
102821.508109,0.000196
102821.510611,0.000468
102821.513112,0.014696
102821.515613,0.000000
102821.518114,0.013080
102821.520615,0.000000
102821.523116,0.015964
102821.525617,0.000000
102821.528118,0.000000
102821.530619,0.000000
102821.533120,0.015568
102821.535621,0.000000
102821.538122,0.000000
102821.540623,0.000000
102821.543124,0.003668
102821.545625,0.010681
102821.548126,0.024480
102821.550627,0.034470
102821.553128,0.009339
102821.555629,0.005252
102821.558130,0.000000
102821.560631,0.027424
102821.563132,0.003094
102821.565633,0.000000
102821.568134,0.005566
102821.570635,0.000000
102821.573136,0.000000
102821.575637,0.008213
102821.578139,0.019283
102821.580640,0.007999
102821.583141,0.000000
102821.585642,0.000191
102821.588143,0.002475
102821.590644,0.002035
102821.593145,0.000000
102821.595646,0.000364
102821.598147,0.022335
102821.600648,0.006784
102821.603149,0.001510
102821.605650,0.009469
102821.608151,0.009470
102821.610652,0.013588
102821.613153,0.000000
102821.615654,0.000000
102821.618155,0.000000
102821.620656,0.011013
102821.623157,0.010311
102821.625658,0.000000
102821.628159,0.005614
102821.630660,0.019710
102821.633161,0.000000
102821.635662,0.004510
102821.638163,0.010492
102821.640664,0.000000
102821.643165,0.002183
102821.645666,0.018272
102821.648168,0.000000
102821.650669,0.011957
102821.653170,0.000390
102821.655671,0.000000
102821.658172,0.000000
102821.660673,0.000000
102821.663174,0.000000
102821.665675,0.000000
102821.668176,0.000983
102821.670677,0.000000
102821.673178,0.000000
102821.675679,0.003246
102821.678180,0.007633
102821.680681,0.000000
102821.683182,0.000000
102821.685683,0.000000
102821.688184,0.000000
102821.690685,0.002162
102821.693186,0.008184
102821.695687,0.002213
102821.698188,0.007874
102821.700689,0.000937
102821.703190,0.000000
102821.705691,0.000000
102821.708192,0.000000
102821.710693,0.000000
102821.713194,0.000000
102821.715696,0.000000
102821.718197,0.006019
102821.720698,0.000703
102821.723199,0.006428
102821.725700,0.006354
102821.728201,0.000000
102821.730702,0.000000
102821.733203,0.007205
102821.735704,0.035132
102821.738205,0.000000
102821.740706,0.000600
102821.743207,0.000000
102821.745708,0.000000
102821.748209,0.000000
102821.750710,0.000000
102821.753211,0.002231
102821.755712,0.000000
102821.758213,0.000000
102821.760714,0.020476
102821.763215,0.012055
102821.765716,0.000000
102821.768217,0.000000
102821.770718,0.001221
102821.773219,0.005185
102821.775720,0.011060
102821.778221,0.012385
102821.780722,0.015091
102821.783224,0.000000
102821.785725,0.000000
102821.788226,0.014264
102821.790727,0.000000
102821.793228,0.017513
102821.795729,0.026003
102821.798230,0.017111
102821.800731,0.009503
102821.803232,0.000000
102821.805733,0.004045
102821.808234,0.000000
102821.810735,0.000000
102821.813236,0.000000
102821.815737,0.000890
102821.818238,0.000000
102821.820739,0.003757
102821.823240,0.012609
102821.825741,0.000000
102821.828242,0.002134
102821.830743,0.000000
102821.833244,0.002731
102821.835745,0.009856
102821.838246,0.013232
102821.840747,0.009628
102821.843248,0.005946
102821.845749,0.000000
102821.848250,0.000000
102821.850752,0.000000
102821.853253,0.005151
102821.855754,0.000000
102821.858255,0.004848
102821.860756,0.003799
102821.863257,0.000000
102821.865758,0.000000
102821.868259,0.014994
102821.870760,0.010017
102821.873261,0.000000
102821.875762,0.000000
102821.878263,0.000000
102821.880764,0.021133
102821.883265,0.000590
102821.885766,0.027057
102821.888267,0.000000
102821.890768,0.004059
102821.893269,0.012802
102821.895770,0.023540
102821.898271,0.007196
102821.900772,0.000035
102821.903273,0.000402
102821.905774,0.000000
102821.908275,0.000000
102821.910776,0.000736
102821.913277,0.019849
102821.915778,0.000000
102821.918280,0.015263
102821.920781,0.000000
102821.923282,0.017862
102821.925783,0.009720
102821.928284,0.008750
102821.930785,0.014059
102821.933286,0.011967
102821.935787,0.015280
102821.938288,0.030620
102821.940789,0.023224
102821.943290,0.006699
102821.945791,0.000000
102821.948292,0.005263
102821.950793,0.000000
102821.953294,0.011907
102821.955795,0.000000
102821.958296,0.016123
102821.960797,0.028444
102821.963298,0.000000
102821.965799,0.000000
102821.968300,0.000000
102821.970801,0.000000
102821.973302,0.000000
102821.975803,0.009123
102821.978304,0.010836
102821.980805,0.002211
102821.983306,0.000000
102821.985808,0.001772
102821.988309,0.000000
102821.990810,0.000000
102821.993311,0.000000
102821.995812,0.015079
102821.998313,0.007832
102822.000814,0.004634
102822.003315,0.000000
102822.005816,0.000000
102822.008317,0.000000
102822.010818,0.019596
102822.013319,0.031560
102822.015820,0.007995
102822.018321,0.010511
102822.020822,0.000000
102822.023323,0.000000
102822.025824,0.000000
102822.028325,0.000000
102822.030826,0.000000
102822.033327,0.000000
102822.035828,0.000686
102822.038329,0.000000
102822.040830,0.031136
102822.043331,0.000000
102822.045832,0.012745
102822.048333,0.000000
102822.050834,0.006647
102822.053336,0.007298
102822.055837,0.002256
102822.058338,0.000000
102822.060839,0.000000
102822.063340,0.002429
102822.065841,0.001529
102822.068342,0.000000
102822.070843,0.018546
102822.073344,0.000000
102822.075845,0.000000
102822.078346,0.000000
102822.080847,0.002617
102822.083348,0.014604
102822.085849,0.000000
102822.088350,0.033806
102822.090851,0.002899
102822.093352,0.005483
102822.095853,0.000000
102822.098354,0.000000
102822.100855,0.013957
102822.103356,0.003015
102822.105857,0.002014
102822.108358,0.000000
102822.110859,0.000000
102822.113360,0.000000
102822.115861,0.016796
102822.118362,0.012673
102822.120863,0.014798
102822.123365,0.000000
102822.125866,0.000000
102822.128367,0.017693
102822.130868,0.000000
102822.133369,0.016229
102822.135870,0.000000
102822.138371,0.000000
102822.140872,0.000000
102822.143373,0.000000
102822.145874,0.000000
102822.148375,0.001092
102822.150876,0.007674
102822.153377,0.017456
102822.155878,0.008718
102822.158379,0.028230
102822.160880,0.019550
102822.163381,0.010601
102822.165882,0.006731
102822.168383,0.017669
102822.170884,0.000000
102822.173385,0.000000
102822.175886,0.000000
102822.178387,0.009524
102822.180888,0.000000
102822.183389,0.043373
102822.185890,0.000000
102822.188391,0.001528
102822.190893,0.000000
102822.193394,0.000000
102822.195895,0.000000
102822.198396,0.000000
102822.200897,0.000000
102822.203398,0.007835
102822.205899,0.000000
102822.208400,0.027774
102822.210901,0.000000
102822.213402,0.021205
102822.215903,0.022583
102822.218404,0.018343
102822.220905,0.003373
102822.223406,0.000000
102822.225907,0.018329
102822.228408,0.000000
102822.230909,0.003888
102822.233410,0.000000
102822.235911,0.000000
102822.238412,0.003994
102822.240913,0.010655
102822.243414,0.000000
102822.245915,0.006609
102822.248416,0.000000
102822.250917,0.000000
102822.253418,0.000000
102822.255919,0.005133
102822.258421,0.012486
102822.260922,0.001191
102822.263423,0.008156
102822.265924,0.000000
102822.268425,0.007864
102822.270926,0.018094
102822.273427,0.051314
102822.275928,0.181218
102822.278429,0.427230
102822.280930,0.690862
102822.283431,0.763744
102822.285932,0.576164
102822.288433,0.316175
102822.290934,0.124111
102822.293435,0.038373
102822.295936,0.008016
102822.298437,0.018841
102822.300938,0.018704
102822.303439,0.000088
102822.305940,0.000000
102822.308441,0.007422
102822.310942,0.015271
102822.313443,0.007935
102822.315944,0.000000
102822.318445,0.000000
102822.320946,0.000000
102822.323447,0.002779
102822.325949,0.008950
102822.328450,0.010555
102822.330951,0.016543
102822.333452,0.021262
102822.335953,0.000000
102822.338454,0.005814
102822.340955,0.006309
102822.343456,0.000000
102822.345957,0.000000
102822.348458,0.020750
102822.350959,0.000000
102822.353460,0.000000
102822.355961,0.000288
102822.358462,0.000000
102822.360963,0.026683
102822.363464,0.007034
102822.365965,0.000000
102822.368466,0.000000
102822.370967,0.000000
102822.373468,0.031846
102822.375969,0.009702
102822.378470,0.000000
102822.380971,0.000000
102822.383472,0.000000
102822.385973,0.000000
102822.388474,0.000000
102822.390975,0.008554
102822.393477,0.000000
102822.395978,0.017937
102822.398479,0.000118
102822.400980,0.000000
102822.403481,0.000000
102822.405982,0.017557
102822.408483,0.004216
102822.410984,0.000000
102822.413485,0.000000
102822.415986,0.022969
102822.418487,0.000000
102822.420988,0.000000
102822.423489,0.008184
102822.425990,0.020838
102822.428491,0.000000
102822.430992,0.000000
102822.433493,0.000000
102822.435994,0.012991
102822.438495,0.016222
102822.440996,0.000000
102822.443497,0.001651
102822.445998,0.000000
102822.448499,0.012700
102822.451000,0.006067
102822.453501,0.000000
102822.456002,0.022036
102822.458503,0.004812
102822.461005,0.003235
102822.463506,0.000000
102822.466007,0.000000
102822.468508,0.000000
102822.471009,0.000000
102822.473510,0.017655
102822.476011,0.000000
102822.478512,0.000000
102822.481013,0.000000
102822.483514,0.020461
102822.486015,0.016248
102822.488516,0.000000
102822.491017,0.017621
102822.493518,0.001553
102822.496019,0.000000
102822.498520,0.000000
102822.501021,0.019725
102822.503522,0.029917
102822.506023,0.004594
102822.508524,0.000000
102822.511025,0.000000
102822.513526,0.000000
102822.516027,0.000000
102822.518528,0.000000
102822.521029,0.000000
102822.523530,0.001733
102822.526031,0.000000
102822.528533,0.000000
102822.531034,0.010923
102822.533535,0.000000
102822.536036,0.000000
102822.538537,0.000000
102822.541038,0.022167
102822.543539,0.000000
102822.546040,0.008565
102822.548541,0.000000
102822.551042,0.005026
102822.553543,0.007846
102822.556044,0.015574
102822.558545,0.000000
102822.561046,0.000000
102822.563547,0.000000
102822.566048,0.013854
102822.568549,0.029901
102822.571050,0.011986
102822.573551,0.000000
102822.576052,0.011500
102822.578553,0.000000
102822.581054,0.000000
102822.583555,0.002689
102822.586056,0.005104
102822.588557,0.000940
102822.591058,0.000000
102822.593559,0.015225
102822.596060,0.000000
102822.598562,0.018019
102822.601063,0.000000
102822.603564,0.003096
102822.606065,0.000000
102822.608566,0.000000
102822.611067,0.000000
102822.613568,0.021841
102822.616069,0.018788
102822.618570,0.012557
102822.621071,0.000478
102822.623572,0.002701
102822.626073,0.018191
102822.628574,0.010073
102822.631075,0.000259
102822.633576,0.021354
102822.636077,0.011700
102822.638578,0.003482
102822.641079,0.000000
102822.643580,0.000000
102822.646081,0.000000
102822.648582,0.006564
102822.651083,0.012005
102822.653584,0.000000
102822.656085,0.000000
102822.658586,0.000000
102822.661087,0.000000
102822.663588,0.017178
102822.666090,0.000000
102822.668591,0.003659
102822.671092,0.006003
102822.673593,0.000000
102822.676094,0.020969
102822.678595,0.000000
102822.681096,0.022404
102822.683597,0.000000
102822.686098,0.000000
102822.688599,0.000000
102822.691100,0.002834
102822.693601,0.032381
102822.696102,0.005941
102822.698603,0.003884
102822.701104,0.000000
102822.703605,0.008503
102822.706106,0.002264
102822.708607,0.000000
102822.711108,0.007107
102822.713609,0.000000
102822.716110,0.000000
102822.718611,0.000000
102822.721112,0.000415
102822.723613,0.000000
102822.726114,0.000000
102822.728615,0.000000
102822.731116,0.016025
102822.733618,0.000000
102822.736119,0.000000
102822.738620,0.021985
102822.741121,0.008158
102822.743622,0.000000
102822.746123,0.019899
102822.748624,0.023670
102822.751125,0.022326
102822.753626,0.009598
102822.756127,0.000000
102822.758628,0.000000
102822.761129,0.000000
102822.763630,0.000000
102822.766131,0.000000
102822.768632,0.000000
102822.771133,0.002355
102822.773634,0.000000
102822.776135,0.000000
102822.778636,0.000000
102822.781137,0.021538
102822.783638,0.031079
102822.786139,0.000000
102822.788640,0.004827
102822.791141,0.000000
102822.793642,0.011026
102822.796143,0.000000
102822.798644,0.000000
102822.801146,0.028750
102822.803647,0.000000
102822.806148,0.000000
102822.808649,0.010555
102822.811150,0.000000
102822.813651,0.000000
102822.816152,0.039236
102822.818653,0.010489
102822.821154,0.000000
102822.823655,0.000000
102822.826156,0.006403
102822.828657,0.000000
102822.831158,0.000000
102822.833659,0.000000
102822.836160,0.003066
102822.838661,0.000000
102822.841162,0.000000
102822.843663,0.013224
102822.846164,0.000000
102822.848665,0.000000
102822.851166,0.000000
102822.853667,0.014534
102822.856168,0.000000
102822.858669,0.006286
102822.861170,0.004784
102822.863671,0.000000
102822.866172,0.000000
102822.868674,0.000000
102822.871175,0.005046
102822.873676,0.000000
102822.876177,0.017045
102822.878678,0.000000
102822.881179,0.000000
102822.883680,0.017234
102822.886181,0.000000
102822.888682,0.012851
102822.891183,0.006715
102822.893684,0.000000
102822.896185,0.000000
102822.898686,0.017835
102822.901187,0.007188
102822.903688,0.000000
102822.906189,0.003513
102822.908690,0.014452
102822.911191,0.001609
102822.913692,0.003424
102822.916193,0.014823
102822.918694,0.022081
102822.921195,0.000000
102822.923696,0.000000
102822.926197,0.000000
102822.928698,0.000000
102822.931199,0.000000
102822.933700,0.000000
102822.936202,0.026541
102822.938703,0.007585
102822.941204,0.000000
102822.943705,0.000000
102822.946206,0.000000
102822.948707,0.016623
102822.951208,0.000000
102822.953709,0.007326
102822.956210,0.000000
102822.958711,0.000000
102822.961212,0.017849
102822.963713,0.000000
102822.966214,0.000000
102822.968715,0.009017
102822.971216,0.006667
102822.973717,0.001008
102822.976218,0.007121
102822.978719,0.000000
102822.981220,0.027762
102822.983721,0.000000
102822.986222,0.016691
102822.988723,0.002722
102822.991224,0.008864
102822.993725,0.011412
102822.996226,0.007981
102822.998727,0.000000
102823.001228,0.000000
102823.003730,0.000000
102823.006231,0.000000
102823.008732,0.004633
102823.011233,0.008721
102823.013734,0.005622
102823.016235,0.000000
102823.018736,0.000000
102823.021237,0.000000
102823.023738,0.000000
102823.026239,0.000000
102823.028740,0.000018
102823.031241,0.020307
102823.033742,0.000000
102823.036243,0.000000
102823.038744,0.000000
102823.041245,0.004847
102823.043746,0.017577
102823.046247,0.000000
102823.048748,0.000000
102823.051249,0.000000
102823.053750,0.002704
102823.056251,0.014295
102823.058752,0.026080
102823.061253,0.000000
102823.063754,0.002008
102823.066255,0.000000
102823.068756,0.000000
102823.071257,0.000000
102823.073759,0.000000
102823.076260,0.000000
102823.078761,0.035605
102823.081262,0.000000
102823.083763,0.014188
102823.086264,0.000000
102823.088765,0.032077
102823.091266,0.004870
102823.093767,0.012021
102823.096268,0.000000
102823.098769,0.014025
102823.101270,0.004810
102823.103771,0.000000
102823.106272,0.000000
102823.108773,0.000000
102823.111274,0.000000
102823.113775,0.012482
102823.116276,0.000000
102823.118777,0.000000
102823.121278,0.009281
102823.123779,0.018574
102823.126280,0.000000
102823.128781,0.025922
102823.131282,0.020061
102823.133783,0.000000
102823.136284,0.000000
102823.138785,0.015124
102823.141287,0.000000
102823.143788,0.000000
102823.146289,0.000000
102823.148790,0.000085
102823.151291,0.021045
102823.153792,0.005385
102823.156293,0.014623
102823.158794,0.000000
102823.161295,0.001398
102823.163796,0.000000
102823.166297,0.000000
102823.168798,0.000000
102823.171299,0.000000
102823.173800,0.000000
102823.176301,0.000000
102823.178802,0.030272
102823.181303,0.025388
102823.183804,0.020341
102823.186305,0.025783
102823.188806,0.020386
102823.191307,0.000000
102823.193808,0.000000
102823.196309,0.003381
102823.198810,0.000000
102823.201311,0.000000
102823.203812,0.004260
102823.206313,0.000000
102823.208815,0.001977
102823.211316,0.000000
102823.213817,0.000000
102823.216318,0.002746
102823.218819,0.000000
102823.221320,0.000000
102823.223821,0.000000
102823.226322,0.006582
102823.228823,0.000000
102823.231324,0.008056
102823.233825,0.000139
102823.236326,0.000000
102823.238827,0.004993
102823.241328,0.000000
102823.243829,0.005751
102823.246330,0.000000
102823.248831,0.036430
102823.251332,0.000000
102823.253833,0.000000
102823.256334,0.000000
102823.258835,0.000000
102823.261336,0.010425
102823.263837,0.000000
102823.266338,0.000000
102823.268839,0.009985
102823.271340,0.000000
102823.273841,0.000000
102823.276343,0.009722
102823.278844,0.000000
102823.281345,0.000000
102823.283846,0.035402
102823.286347,0.000000
102823.288848,0.000000
102823.291349,0.000000
102823.293850,0.025697
102823.296351,0.000000
102823.298852,0.003450
102823.301353,0.000000
102823.303854,0.008664
102823.306355,0.000000
102823.308856,0.003635
102823.311357,0.018489
102823.313858,0.006324
102823.316359,0.000000
102823.318860,0.004482
102823.321361,0.034740
102823.323862,0.008115
102823.326363,0.002182
102823.328864,0.000000
102823.331365,0.010405
102823.333866,0.012528
102823.336367,0.004492
102823.338868,0.001639
102823.341369,0.040685
102823.343871,0.012287
102823.346372,0.017811
102823.348873,0.000961
102823.351374,0.000000
102823.353875,0.009079
102823.356376,0.000000
102823.358877,0.000000
102823.361378,0.006653
102823.363879,0.000000
102823.366380,0.003166
102823.368881,0.001150
102823.371382,0.013890
102823.373883,0.000000
102823.376384,0.000000
102823.378885,0.000000
102823.381386,0.005706
102823.383887,0.013848
102823.386388,0.000000
102823.388889,0.007786
102823.391390,0.016305
102823.393891,0.010791
102823.396392,0.000000
102823.398893,0.000000
102823.401394,0.006248
102823.403895,0.023346
102823.406396,0.000203
102823.408897,0.000000
102823.411399,0.000000
102823.413900,0.000000
102823.416401,0.000000
102823.418902,0.000391
102823.421403,0.000000
102823.423904,0.000000
102823.426405,0.000000
102823.428906,0.013505
102823.431407,0.000000
102823.433908,0.000000
102823.436409,0.004052
102823.438910,0.000000
102823.441411,0.033890
102823.443912,0.013365
102823.446413,0.000247
102823.448914,0.005287
102823.451415,0.000000
102823.453916,0.017692
102823.456417,0.007353
102823.458918,0.000000
102823.461419,0.008128
102823.463920,0.009880
102823.466421,0.000000
102823.468922,0.005460
102823.471423,0.015063
102823.473924,0.006534
102823.476425,0.000000
102823.478927,0.004261
102823.481428,0.019854
102823.483929,0.011261
102823.486430,0.000000
102823.488931,0.008427
102823.491432,0.006523
102823.493933,0.016721
102823.496434,0.000471
102823.498935,0.000000
102823.501436,0.000000
102823.503937,0.000000
102823.506438,0.017350
102823.508939,0.002843
102823.511440,0.000000
102823.513941,0.018610
102823.516442,0.015651
102823.518943,0.000000
102823.521444,0.017251
102823.523945,0.000000
102823.526446,0.006601
102823.528947,0.004902
102823.531448,0.016515
102823.533949,0.005473
102823.536450,0.000000
102823.538951,0.000000
102823.541452,0.038685
102823.543953,0.001187
102823.546454,0.008576
102823.548956,0.000000
102823.551457,0.000000
102823.553958,0.007451
102823.556459,0.000000
102823.558960,0.007891
102823.561461,0.000000
102823.563962,0.000000
102823.566463,0.000000
102823.568964,0.021941
102823.571465,0.004789
102823.573966,0.000000
102823.576467,0.011137
102823.578968,0.011918
102823.581469,0.000000
102823.583970,0.013777
102823.586471,0.014460
102823.588972,0.012228
102823.591473,0.000000
102823.593974,0.000000
102823.596475,0.000000
102823.598976,0.000000
102823.601477,0.000000
102823.603978,0.000000
102823.606479,0.000000
102823.608980,0.024892
102823.611481,0.000000
102823.613982,0.000000
102823.616484,0.000000
102823.618985,0.032002
102823.621486,0.000000
102823.623987,0.000000
102823.626488,0.009993
102823.628989,0.003536
102823.631490,0.023602
102823.633991,0.010342
102823.636492,0.000000
102823.638993,0.014997
102823.641494,0.016680
102823.643995,0.000000
102823.646496,0.013833
102823.648997,0.000000
102823.651498,0.000000
102823.653999,0.002053
102823.656500,0.000000
102823.659001,0.000000
102823.661502,0.014144
102823.664003,0.000000
102823.666504,0.000000
102823.669005,0.009692
102823.671506,0.000000
102823.674007,0.014242
102823.676508,0.005141
102823.679009,0.000000
102823.681510,0.000903
102823.684012,0.007678
102823.686513,0.003362
102823.689014,0.000000
102823.691515,0.000000
102823.694016,0.000000
102823.696517,0.000000
102823.699018,0.000000
102823.701519,0.005602
102823.704020,0.000000
102823.706521,0.008268
102823.709022,0.000000
102823.711523,0.000000
102823.714024,0.000000
102823.716525,0.030083
102823.719026,0.000000
102823.721527,0.009277
102823.724028,0.002425
102823.726529,0.000000
102823.729030,0.020812
102823.731531,0.000000
102823.734032,0.000000
102823.736533,0.000000
102823.739034,0.000000
102823.741535,0.010765
102823.744036,0.000000
102823.746537,0.037637
102823.749038,0.000000
102823.751540,0.008790
102823.754041,0.000000
102823.756542,0.000000
102823.759043,0.005275
102823.761544,0.000000
102823.764045,0.021532
102823.766546,0.006241
102823.769047,0.000000
102823.771548,0.006086
102823.774049,0.000000
102823.776550,0.017974
102823.779051,0.014583
102823.781552,0.005363
102823.784053,0.008786
102823.786554,0.000000
102823.789055,0.021071
102823.791556,0.000000
102823.794057,0.014723
102823.796558,0.010770
102823.799059,0.014503
102823.801560,0.000000
102823.804061,0.000000
102823.806562,0.032293
102823.809063,0.000000
102823.811564,0.000000
102823.814065,0.000621
102823.816566,0.000646
102823.819068,0.000000
102823.821569,0.008849
102823.824070,0.012957
102823.826571,0.000000
102823.829072,0.000000
102823.831573,0.000000
102823.834074,0.000000
102823.836575,0.000000
102823.839076,0.004322
102823.841577,0.011000
102823.844078,0.000000
102823.846579,0.000000
102823.849080,0.000000
102823.851581,0.013009
102823.854082,0.000000
102823.856583,0.009995
102823.859084,0.000000
102823.861585,0.000000
102823.864086,0.000000
102823.866587,0.000000
102823.869088,0.020601
102823.871589,0.011718
102823.874090,0.009260
102823.876591,0.013050
102823.879092,0.007221
102823.881593,0.013561
102823.884094,0.000000
102823.886596,0.019788
102823.889097,0.018506
102823.891598,0.005465
102823.894099,0.000000
102823.896600,0.000000
102823.899101,0.003284
102823.901602,0.024201
102823.904103,0.000000
102823.906604,0.014623
102823.909105,0.000000
102823.911606,0.000000
102823.914107,0.000000
102823.916608,0.000000
102823.919109,0.009290
102823.921610,0.011076
102823.924111,0.003388
102823.926612,0.000000
102823.929113,0.000000
102823.931614,0.000887
102823.934115,0.000000
102823.936616,0.003033
102823.939117,0.000000
102823.941618,0.000000
102823.944119,0.002283
102823.946620,0.005059
102823.949121,0.017580
102823.951622,0.000000
102823.954124,0.007835
102823.956625,0.025906
102823.959126,0.008217
102823.961627,0.016723
102823.964128,0.000000
102823.966629,0.000000
102823.969130,0.000000
102823.971631,0.000000
102823.974132,0.015381
102823.976633,0.000000
102823.979134,0.000000
102823.981635,0.015438
102823.984136,0.003096
102823.986637,0.000000
102823.989138,0.003426
102823.991639,0.000000
102823.994140,0.000000
102823.996641,0.000000
102823.999142,0.002969
102824.001643,0.013198
102824.004144,0.010997
102824.006645,0.016427
102824.009146,0.020888
102824.011647,0.002078
102824.014148,0.000000
102824.016649,0.021200
102824.019150,0.000000
102824.021651,0.000000
102824.024153,0.000000
102824.026654,0.000000
102824.029155,0.000694
102824.031656,0.000000
102824.034157,0.005311
102824.036658,0.000000
102824.039159,0.017641
102824.041660,0.000000
102824.044161,0.000000
102824.046662,0.000000
102824.049163,0.003316
102824.051664,0.013311
102824.054165,0.003824
102824.056666,0.000000
102824.059167,0.009929
102824.061668,0.012109
102824.064169,0.003867
102824.066670,0.005567
102824.069171,0.009288
102824.071672,0.000000
102824.074173,0.000000
102824.076674,0.005404
102824.079175,0.000000
102824.081676,0.000000
102824.084177,0.005385
102824.086678,0.005712
102824.089179,0.006709
102824.091681,0.000000
102824.094182,0.000000
102824.096683,0.011554
102824.099184,0.000000
102824.101685,0.000000
102824.104186,0.000000
102824.106687,0.016533
102824.109188,0.003045
102824.111689,0.004920
102824.114190,0.009904
102824.116691,0.000000
102824.119192,0.014546
102824.121693,0.000000
102824.124194,0.000000
102824.126695,0.000000
102824.129196,0.006060
102824.131697,0.007332
102824.134198,0.000000
102824.136699,0.001928
102824.139200,0.048052
102824.141701,0.109515
102824.144202,0.342503
102824.146703,0.667059
102824.149204,0.973311
102824.151705,0.966595
102824.154206,0.656815
102824.156707,0.334514
102824.159209,0.089628
102824.161710,0.042772
102824.164211,0.034674
102824.166712,0.000000
102824.169213,0.000000
102824.171714,0.002407
102824.174215,0.000000
102824.176716,0.000000
102824.179217,0.000000
102824.181718,0.004646
102824.184219,0.012748
102824.186720,0.040893
102824.189221,0.018777
102824.191722,0.000000
102824.194223,0.000000
102824.196724,0.008504
102824.199225,0.000000
102824.201726,0.011204
102824.204227,0.010103
102824.206728,0.017773
102824.209229,0.011523
102824.211730,0.004096
102824.214231,0.000000
102824.216732,0.000000
102824.219233,0.003146
102824.221734,0.000000
102824.224235,0.000000
102824.226737,0.016113
102824.229238,0.019663
102824.231739,0.000000
102824.234240,0.000000
102824.236741,0.000000
102824.239242,0.004523
102824.241743,0.000000
102824.244244,0.000000
102824.246745,0.000000
102824.249246,0.011291
102824.251747,0.001081
102824.254248,0.009645
102824.256749,0.002834
102824.259250,0.018332
102824.261751,0.021343
102824.264252,0.000000
102824.266753,0.012692
102824.269254,0.007298
102824.271755,0.035976
102824.274256,0.000000
102824.276757,0.000000
102824.279258,0.000000
102824.281759,0.000000
102824.284260,0.005538
102824.286761,0.002952
102824.289262,0.007777
102824.291763,0.007465
102824.294265,0.000000
102824.296766,0.000000
102824.299267,0.000000
102824.301768,0.000000
102824.304269,0.000000
102824.306770,0.002830
102824.309271,0.010209
102824.311772,0.008745
102824.314273,0.022365
102824.316774,0.000000
102824.319275,0.000000
102824.321776,0.000000
102824.324277,0.018346
102824.326778,0.000000
102824.329279,0.016590
102824.331780,0.020867
102824.334281,0.005938
102824.336782,0.004209
102824.339283,0.000555
102824.341784,0.000000
102824.344285,0.000000
102824.346786,0.000000
102824.349287,0.026205
102824.351788,0.000000
102824.354289,0.002939
102824.356790,0.010217
102824.359291,0.000000
102824.361793,0.005976
102824.364294,0.000000
102824.366795,0.019032
102824.369296,0.016247
102824.371797,0.000000
102824.374298,0.000000
102824.376799,0.011389
102824.379300,0.000000
102824.381801,0.000000
102824.384302,0.000000
102824.386803,0.021804
102824.389304,0.009201
102824.391805,0.000000
102824.394306,0.000000
102824.396807,0.000596
102824.399308,0.003611
102824.401809,0.000000
102824.404310,0.025946
102824.406811,0.000000
102824.409312,0.000000
102824.411813,0.000000
102824.414314,0.006530
102824.416815,0.005557
102824.419316,0.000000
102824.421817,0.000000
102824.424318,0.000000
102824.426819,0.001232
102824.429321,0.000000
102824.431822,0.003580
102824.434323,0.007057
102824.436824,0.017826
102824.439325,0.000000
102824.441826,0.000000
102824.444327,0.000000
102824.446828,0.000000
102824.449329,0.000000
102824.451830,0.020754
102824.454331,0.002132
102824.456832,0.028331
102824.459333,0.000000
102824.461834,0.000000
102824.464335,0.000000
102824.466836,0.014715
102824.469337,0.000000
102824.471838,0.008013
102824.474339,0.000000
102824.476840,0.000000
102824.479341,0.019915
102824.481842,0.000000
102824.484343,0.000000
102824.486844,0.000000
102824.489345,0.000000
102824.491846,0.031815
102824.494347,0.015230
102824.496848,0.000000
102824.499350,0.000000
102824.501851,0.000000
102824.504352,0.001974
102824.506853,0.000000
102824.509354,0.001264
102824.511855,0.000000
102824.514356,0.000000
102824.516857,0.024399
102824.519358,0.000778
102824.521859,0.000000
102824.524360,0.000000
102824.526861,0.000000
102824.529362,0.031482
102824.531863,0.000000
102824.534364,0.000000
102824.536865,0.000308
102824.539366,0.002809
102824.541867,0.008077
102824.544368,0.010855
102824.546869,0.028088
102824.549370,0.000000
102824.551871,0.000000
102824.554372,0.000000
102824.556873,0.009504
102824.559374,0.000000
102824.561875,0.012809
102824.564376,0.000000
102824.566878,0.024791
102824.569379,0.000000
102824.571880,0.014693
102824.574381,0.012982
102824.576882,0.007563
102824.579383,0.000000
102824.581884,0.007629
102824.584385,0.001822
102824.586886,0.000000
102824.589387,0.022382
102824.591888,0.000000
102824.594389,0.021276
102824.596890,0.000000
102824.599391,0.014110
102824.601892,0.000000
102824.604393,0.003080
102824.606894,0.002068
102824.609395,0.000000
102824.611896,0.000000
102824.614397,0.000000
102824.616898,0.000000
102824.619399,0.010062
102824.621900,0.000000
102824.624401,0.000000
102824.626902,0.000000
102824.629403,0.003000
102824.631904,0.000000
102824.634406,0.017528
102824.636907,0.010552
102824.639408,0.002874
102824.641909,0.004366
102824.644410,0.000000
102824.646911,0.000000
102824.649412,0.010213
102824.651913,0.013120
102824.654414,0.010087
102824.656915,0.000000
102824.659416,0.000000
102824.661917,0.000000
102824.664418,0.011035
102824.666919,0.000000
102824.669420,0.000000
102824.671921,0.000000
102824.674422,0.000000
102824.676923,0.019493
102824.679424,0.011301
102824.681925,0.000000
102824.684426,0.000000
102824.686927,0.021054
102824.689428,0.007185
102824.691929,0.030370
102824.694430,0.000000
102824.696931,0.000000
102824.699432,0.000000
102824.701934,0.000340
102824.704435,0.013445
102824.706936,0.001424
102824.709437,0.000000
102824.711938,0.018048
102824.714439,0.007597
102824.716940,0.000000
102824.719441,0.000000
102824.721942,0.000000
102824.724443,0.006790
102824.726944,0.000000
102824.729445,0.000000
102824.731946,0.000000
102824.734447,0.000000
102824.736948,0.019582
102824.739449,0.000000
102824.741950,0.003257
102824.744451,0.000000
102824.746952,0.000000
102824.749453,0.022111
102824.751954,0.001166
102824.754455,0.000000
102824.756956,0.012766
102824.759457,0.011710
102824.761958,0.000000
102824.764459,0.000000
102824.766960,0.005897
102824.769462,0.000000
102824.771963,0.000000
102824.774464,0.015172
102824.776965,0.000000
102824.779466,0.006055
102824.781967,0.016872
102824.784468,0.000000
102824.786969,0.000000
102824.789470,0.000000
102824.791971,0.002719
102824.794472,0.014407
102824.796973,0.000000
102824.799474,0.024750
102824.801975,0.000000
102824.804476,0.002358
102824.806977,0.000000
102824.809478,0.019349
102824.811979,0.000000
102824.814480,0.006114
102824.816981,0.000000
102824.819482,0.021964
102824.821983,0.000000
102824.824484,0.005965
102824.826985,0.000000
102824.829486,0.002701
102824.831987,0.000000
102824.834488,0.000000
102824.836990,0.000000
102824.839491,0.005955
102824.841992,0.000000
102824.844493,0.000000
102824.846994,0.000000
102824.849495,0.000000
102824.851996,0.007189
102824.854497,0.006480
102824.856998,0.009533
102824.859499,0.000000
102824.862000,0.003085
102824.864501,0.000000
102824.867002,0.013713
102824.869503,0.006119
102824.872004,0.000000
102824.874505,0.014946
102824.877006,0.007287
102824.879507,0.000000
102824.882008,0.000000
102824.884509,0.000000
102824.887010,0.023688
102824.889511,0.000000
102824.892012,0.026948
102824.894513,0.000000
102824.897014,0.000000
102824.899515,0.012639
102824.902016,0.013294
102824.904518,0.007984
102824.907019,0.009711
102824.909520,0.000000
102824.912021,0.011965
102824.914522,0.003447
102824.917023,0.000000
102824.919524,0.001359
102824.922025,0.015235
102824.924526,0.005628
102824.927027,0.000000
102824.929528,0.012801
102824.932029,0.011701
102824.934530,0.000000
102824.937031,0.001677
102824.939532,0.001619
102824.942033,0.000000
102824.944534,0.000000
102824.947035,0.000000
102824.949536,0.000000
102824.952037,0.000000
102824.954538,0.009521
102824.957039,0.000000
102824.959540,0.013072
102824.962041,0.008844
102824.964542,0.019540
102824.967043,0.024903
102824.969544,0.024999
102824.972045,0.000000
102824.974547,0.004944
102824.977048,0.000000
102824.979549,0.047117
102824.982050,0.008820
102824.984551,0.020343
102824.987052,0.006253
102824.989553,0.000000
102824.992054,0.000000
102824.994555,0.000000
102824.997056,0.000000
102824.999557,0.005165
102825.002058,0.007201
102825.004559,0.000000
102825.007060,0.000000
102825.009561,0.000000
102825.012062,0.019837
102825.014563,0.008507
102825.017064,0.000000
102825.019565,0.003213
102825.022066,0.000000
102825.024567,0.009499
102825.027068,0.000000
102825.029569,0.000000
102825.032070,0.018877
102825.034571,0.003930
102825.037072,0.000000
102825.039573,0.000000
102825.042075,0.005256
102825.044576,0.004139
102825.047077,0.000423
102825.049578,0.000000
102825.052079,0.000000
102825.054580,0.000000
102825.057081,0.000000
102825.059582,0.000000
102825.062083,0.000000
102825.064584,0.000000
102825.067085,0.027021
102825.069586,0.012198
102825.072087,0.017067
102825.074588,0.006668
102825.077089,0.001040
102825.079590,0.005888
102825.082091,0.003244
102825.084592,0.011605
102825.087093,0.000000
102825.089594,0.010410
102825.092095,0.002400
102825.094596,0.000000
102825.097097,0.001231
102825.099598,0.000000
102825.102099,0.000000
102825.104600,0.000000
102825.107101,0.000000
102825.109603,0.000000
102825.112104,0.000983
102825.114605,0.010846
102825.117106,0.000000
102825.119607,0.003942
102825.122108,0.000000
102825.124609,0.000000
102825.127110,0.000000
102825.129611,0.000000
102825.132112,0.010694
102825.134613,0.000000
102825.137114,0.000000
102825.139615,0.000000
102825.142116,0.015835
102825.144617,0.000432
102825.147118,0.004138
102825.149619,0.000000
102825.152120,0.000000
102825.154621,0.000000
102825.157122,0.000000
102825.159623,0.005650
102825.162124,0.001768
102825.164625,0.021251
102825.167126,0.013586
102825.169627,0.017819
102825.172128,0.000000
102825.174629,0.022685
102825.177131,0.003832
102825.179632,0.005874
102825.182133,0.012870
102825.184634,0.000306
102825.187135,0.000000
102825.189636,0.020790
102825.192137,0.000000
102825.194638,0.000000
102825.197139,0.000000
102825.199640,0.000000
102825.202141,0.000055
102825.204642,0.000000
102825.207143,0.019350
102825.209644,0.006597
102825.212145,0.000000
102825.214646,0.000000
102825.217147,0.000000
102825.219648,0.000000
102825.222149,0.000000
102825.224650,0.000000
102825.227151,0.004171
102825.229652,0.000000
102825.232153,0.000000
102825.234654,0.006973
102825.237155,0.012178
102825.239656,0.000000
102825.242157,0.025588
102825.244659,0.031823
102825.247160,0.007137
102825.249661,0.000000
102825.252162,0.003863
102825.254663,0.000000
102825.257164,0.000000
102825.259665,0.000000
102825.262166,0.000000
102825.264667,0.000000
102825.267168,0.008964
102825.269669,0.000000
102825.272170,0.003973
102825.274671,0.010743
102825.277172,0.016825
102825.279673,0.000000
102825.282174,0.004462
102825.284675,0.004920
102825.287176,0.018272
102825.289677,0.011255
102825.292178,0.018721
102825.294679,0.000000
102825.297180,0.000000
102825.299681,0.014821
102825.302182,0.008341
102825.304683,0.000000
102825.307184,0.000000
102825.309685,0.011328
102825.312187,0.000000
102825.314688,0.011379
102825.317189,0.001303
102825.319690,0.000000
102825.322191,0.007217
102825.324692,0.000000
102825.327193,0.000417
102825.329694,0.000000
102825.332195,0.010694
102825.334696,0.002286
102825.337197,0.000000
102825.339698,0.000000
102825.342199,0.000000
102825.344700,0.006558
102825.347201,0.007998
102825.349702,0.023992
102825.352203,0.000000
102825.354704,0.018805
102825.357205,0.000000
102825.359706,0.000255
102825.362207,0.003522
102825.364708,0.003470
102825.367209,0.000000
102825.369710,0.001693
102825.372211,0.000000
102825.374712,0.012427
102825.377213,0.003588
102825.379715,0.005203
102825.382216,0.000000
102825.384717,0.000000
102825.387218,0.007537
102825.389719,0.022838
102825.392220,0.000000
102825.394721,0.000000
102825.397222,0.003824
102825.399723,0.000000
102825.402224,0.001783
102825.404725,0.000000
102825.407226,0.008934
102825.409727,0.000000
102825.412228,0.000000
102825.414729,0.000000
102825.417230,0.000000
102825.419731,0.000000
102825.422232,0.000000
102825.424733,0.000873
102825.427234,0.000000
102825.429735,0.003005
102825.432236,0.000000
102825.434737,0.000000
102825.437238,0.000000
102825.439739,0.012638
102825.442240,0.033125
102825.444741,0.000000
102825.447242,0.000000
102825.449744,0.000000
102825.452245,0.003178
102825.454746,0.000000
102825.457247,0.004062
102825.459748,0.009552
102825.462249,0.000000
102825.464750,0.003900
102825.467251,0.000000
102825.469752,0.000000
102825.472253,0.000000
102825.474754,0.000000
102825.477255,0.000000
102825.479756,0.000000
102825.482257,0.000000
102825.484758,0.003420
102825.487259,0.003824
102825.489760,0.001655
102825.492261,0.000000
102825.494762,0.015517
102825.497263,0.021909
102825.499764,0.000000
102825.502265,0.002359
102825.504766,0.000000
102825.507267,0.013295
102825.509768,0.000000
102825.512269,0.000764
102825.514770,0.007109
102825.517272,0.000000
102825.519773,0.024095
102825.522274,0.007322
102825.524775,0.013381
102825.527276,0.000000
102825.529777,0.000000
102825.532278,0.011658
102825.534779,0.010215
102825.537280,0.000000
102825.539781,0.001833
102825.542282,0.006806
102825.544783,0.000000
102825.547284,0.005443
102825.549785,0.000000
102825.552286,0.000000
102825.554787,0.000000
102825.557288,0.014004
102825.559789,0.000000
102825.562290,0.002725
102825.564791,0.000000
102825.567292,0.000000
102825.569793,0.000000
102825.572294,0.004725
102825.574795,0.006191
102825.577296,0.031433
102825.579797,0.000000
102825.582298,0.023996
102825.584800,0.000000
102825.587301,0.007018
102825.589802,0.002555
102825.592303,0.000000
102825.594804,0.000000
102825.597305,0.000000
102825.599806,0.012983
102825.602307,0.000000
102825.604808,0.004561
102825.607309,0.010857
102825.609810,0.019882
102825.612311,0.013958
102825.614812,0.008222
102825.617313,0.000000
102825.619814,0.000000
102825.622315,0.000000
102825.624816,0.000000
102825.627317,0.000000
102825.629818,0.000000
102825.632319,0.017225
102825.634820,0.000000
102825.637321,0.001354
102825.639822,0.000000
102825.642323,0.000000
102825.644824,0.015648
102825.647325,0.009990
102825.649826,0.011642
102825.652328,0.008546
102825.654829,0.000000
102825.657330,0.000000
102825.659831,0.006492
102825.662332,0.022162
102825.664833,0.005544
102825.667334,0.014054
102825.669835,0.000000
102825.672336,0.015769
102825.674837,0.000000
102825.677338,0.003450
102825.679839,0.000000
102825.682340,0.012771
102825.684841,0.012967
102825.687342,0.000000
102825.689843,0.019036
102825.692344,0.034134
102825.694845,0.000000
102825.697346,0.000000
102825.699847,0.017803
102825.702348,0.000959
102825.704849,0.000000
102825.707350,0.027247
102825.709851,0.000000
102825.712352,0.000000
102825.714853,0.006001
102825.717354,0.000000
102825.719856,0.000000
102825.722357,0.000000
102825.724858,0.013814
102825.727359,0.009952
102825.729860,0.000000
102825.732361,0.000000
102825.734862,0.000000
102825.737363,0.000000
102825.739864,0.000000
102825.742365,0.006487
102825.744866,0.000000
102825.747367,0.008455
102825.749868,0.000000
102825.752369,0.000000
102825.754870,0.019941
102825.757371,0.020364
102825.759872,0.004170
102825.762373,0.000000
102825.764874,0.000000
102825.767375,0.015385
102825.769876,0.011816
102825.772377,0.000000
102825.774878,0.000000
102825.777379,0.006563
102825.779880,0.000000
102825.782381,0.000000
102825.784882,0.000000
102825.787384,0.000000
102825.789885,0.000000
102825.792386,0.013013
102825.794887,0.000000
102825.797388,0.006226
102825.799889,0.003705
102825.802390,0.013909
102825.804891,0.003692
102825.807392,0.000000
102825.809893,0.000000
102825.812394,0.014226
102825.814895,0.007138
102825.817396,0.000000
102825.819897,0.013055
102825.822398,0.000000
102825.824899,0.000000
102825.827400,0.000000
102825.829901,0.007668
102825.832402,0.000000
102825.834903,0.000000
102825.837404,0.000000
102825.839905,0.003788
102825.842406,0.005580
102825.844907,0.000000
102825.847408,0.005838
102825.849909,0.000000
102825.852410,0.031484
102825.854912,0.000000
102825.857413,0.015071
102825.859914,0.002889
102825.862415,0.003473
102825.864916,0.000000
102825.867417,0.012115
102825.869918,0.000699
102825.872419,0.006753
102825.874920,0.000000
102825.877421,0.001868
102825.879922,0.000000
102825.882423,0.000000
102825.884924,0.000000
102825.887425,0.000000
102825.889926,0.001932
102825.892427,0.005220
102825.894928,0.003602
102825.897429,0.000000
102825.899930,0.005905
102825.902431,0.003478
102825.904932,0.001401
102825.907433,0.002387
102825.909934,0.016992
102825.912435,0.000000
102825.914936,0.000000
102825.917437,0.004857
102825.919938,0.000000
102825.922439,0.019859
102825.924941,0.003660
102825.927442,0.013744
102825.929943,0.016084
102825.932444,0.005924
102825.934945,0.000000
102825.937446,0.002121
102825.939947,0.003043
102825.942448,0.000000
102825.944949,0.000000
102825.947450,0.006631
102825.949951,0.000000
102825.952452,0.029609
102825.954953,0.003780
102825.957454,0.019412
102825.959955,0.000448
102825.962456,0.010795
102825.964957,0.000765
102825.967458,0.014444
102825.969959,0.000000
102825.972460,0.012757
102825.974961,0.009606
102825.977462,0.000000
102825.979963,0.000000
102825.982464,0.000000
102825.984965,0.004062
102825.987466,0.017438
102825.989967,0.000000
102825.992469,0.000000
102825.994970,0.035688
102825.997471,0.009653
102825.999972,0.000000
102826.002473,0.018102
102826.004974,0.020734
102826.007475,0.044023
102826.009976,0.124952
102826.012477,0.341928
102826.014978,0.608032
102826.017479,0.721704
102826.019980,0.668059
102826.022481,0.422893
102826.024982,0.190145
102826.027483,0.059288
102826.029984,0.030076
102826.032485,0.000000
102826.034986,0.000188
102826.037487,0.004552
102826.039988,0.000000
102826.042489,0.000000
102826.044990,0.003076
102826.047491,0.003238
102826.049992,0.000000
102826.052493,0.000000
102826.054994,0.000000
102826.057495,0.017357
102826.059997,0.012942
102826.062498,0.000000
102826.064999,0.000000
102826.067500,0.020806
102826.070001,0.000000
102826.072502,0.006872
102826.075003,0.000000
102826.077504,0.005891
102826.080005,0.000720
102826.082506,0.000000
102826.085007,0.005581
102826.087508,0.000000
102826.090009,0.000000
102826.092510,0.000000
102826.095011,0.000000
102826.097512,0.000000
102826.100013,0.005306
102826.102514,0.000000
102826.105015,0.005084
102826.107516,0.007480
102826.110017,0.010866
102826.112518,0.005845
102826.115019,0.000000
102826.117520,0.008324
102826.120021,0.003186
102826.122522,0.031458
102826.125023,0.000114
102826.127525,0.005500
102826.130026,0.000000
102826.132527,0.000702
102826.135028,0.000000
102826.137529,0.000000
102826.140030,0.002547
102826.142531,0.008931
102826.145032,0.000000
102826.147533,0.012002
102826.150034,0.010260
102826.152535,0.000000
102826.155036,0.000000
102826.157537,0.006437
102826.160038,0.000000
102826.162539,0.000000
102826.165040,0.024661
102826.167541,0.000000
102826.170042,0.000000
102826.172543,0.000000
102826.175044,0.003327
102826.177545,0.001056
102826.180046,0.027107
102826.182547,0.000000
102826.185048,0.003392
102826.187549,0.016209
102826.190050,0.000000
102826.192551,0.010108
102826.195053,0.000000
102826.197554,0.025262
102826.200055,0.014288
102826.202556,0.000000
102826.205057,0.011919
102826.207558,0.018862
102826.210059,0.000000
102826.212560,0.000000
102826.215061,0.019335
102826.217562,0.000969
102826.220063,0.006265
102826.222564,0.001008
102826.225065,0.012805
102826.227566,0.007368
102826.230067,0.001526
102826.232568,0.000000
102826.235069,0.009193
102826.237570,0.010474
102826.240071,0.000000
102826.242572,0.000000
102826.245073,0.007435
102826.247574,0.002791
102826.250075,0.000000
102826.252576,0.000000
102826.255077,0.004508
102826.257578,0.009719
102826.260079,0.000000
102826.262581,0.000000
102826.265082,0.000000
102826.267583,0.019016
102826.270084,0.002508
102826.272585,0.000000
102826.275086,0.000000
102826.277587,0.000000
102826.280088,0.026020
102826.282589,0.000000
102826.285090,0.000000
102826.287591,0.000000
102826.290092,0.000000
102826.292593,0.000000
102826.295094,0.000502
102826.297595,0.000216
102826.300096,0.000000
102826.302597,0.012818
102826.305098,0.000000
102826.307599,0.000000
102826.310100,0.000000
102826.312601,0.000000
102826.315102,0.003847
102826.317603,0.012855
102826.320104,0.000000
102826.322605,0.000000
102826.325106,0.000000
102826.327607,0.000000
102826.330109,0.000000
102826.332610,0.000000
102826.335111,0.000000
102826.337612,0.000000
102826.340113,0.000000
102826.342614,0.008332
102826.345115,0.023857
102826.347616,0.020527
102826.350117,0.000000
102826.352618,0.009604
102826.355119,0.007904
102826.357620,0.000000
102826.360121,0.002542
102826.362622,0.009811
102826.365123,0.012688
102826.367624,0.000000
102826.370125,0.010739
102826.372626,0.023936
102826.375127,0.012671
102826.377628,0.022069
102826.380129,0.000000
102826.382630,0.008556
102826.385131,0.003796
102826.387632,0.014753
102826.390133,0.000000
102826.392634,0.000000
102826.395135,0.012935
102826.397636,0.000000
102826.400138,0.003480
102826.402639,0.000000
102826.405140,0.000000
102826.407641,0.008226
102826.410142,0.000000
102826.412643,0.000000
102826.415144,0.000000
102826.417645,0.000000
102826.420146,0.017680
102826.422647,0.000000
102826.425148,0.011294
102826.427649,0.000000
102826.430150,0.010115
102826.432651,0.000000
102826.435152,0.020233
102826.437653,0.016305
102826.440154,0.000000
102826.442655,0.000000
102826.445156,0.006576
102826.447657,0.000000
102826.450158,0.000499
102826.452659,0.000000
102826.455160,0.000000
102826.457661,0.000000
102826.460162,0.000000
102826.462663,0.024487
102826.465164,0.011211
102826.467666,0.000000
102826.470167,0.000000
102826.472668,0.012316
102826.475169,0.013914
102826.477670,0.000000
102826.480171,0.010034
102826.482672,0.003807
102826.485173,0.000000
102826.487674,0.000000
102826.490175,0.000000
102826.492676,0.000697
102826.495177,0.000000
102826.497678,0.000000
102826.500179,0.000000
102826.502680,0.000000
102826.505181,0.000000
102826.507682,0.000000
102826.510183,0.004447
102826.512684,0.025484
102826.515185,0.012509
102826.517686,0.018915
102826.520187,0.000000
102826.522688,0.000000
102826.525189,0.011511
102826.527690,0.000000
102826.530191,0.010490
102826.532692,0.000000
102826.535194,0.009316
102826.537695,0.000000
102826.540196,0.000000
102826.542697,0.000000
102826.545198,0.007044
102826.547699,0.011119
102826.550200,0.000000
102826.552701,0.004946
102826.555202,0.004895
102826.557703,0.010605
102826.560204,0.014176
102826.562705,0.026016
102826.565206,0.000000
102826.567707,0.020971
102826.570208,0.001682
102826.572709,0.000000
102826.575210,0.000000
102826.577711,0.006693
102826.580212,0.010396
102826.582713,0.000000
102826.585214,0.000000
102826.587715,0.000000
102826.590216,0.000000
102826.592717,0.000000
102826.595218,0.000000
102826.597719,0.000000
102826.600220,0.003621
102826.602722,0.009417
102826.605223,0.000000
102826.607724,0.000000
102826.610225,0.000000
102826.612726,0.000048
102826.615227,0.014490
102826.617728,0.010309
102826.620229,0.000000
102826.622730,0.005173
102826.625231,0.000000
102826.627732,0.001068
102826.630233,0.000000
102826.632734,0.020171
102826.635235,0.007089
102826.637736,0.000000
102826.640237,0.000000
102826.642738,0.000000
102826.645239,0.000000
102826.647740,0.000000
102826.650241,0.000000
102826.652742,0.006701
102826.655243,0.008792
102826.657744,0.001421
102826.660245,0.000000
102826.662746,0.000000
102826.665247,0.000000
102826.667748,0.009369
102826.670250,0.008884
102826.672751,0.000000
102826.675252,0.033894
102826.677753,0.022430
102826.680254,0.017810
102826.682755,0.010064
102826.685256,0.006586
102826.687757,0.005538
102826.690258,0.000000
102826.692759,0.000000
102826.695260,0.000000
102826.697761,0.001837
102826.700262,0.000000
102826.702763,0.003911
102826.705264,0.000000
102826.707765,0.007263
102826.710266,0.000893
102826.712767,0.000000
102826.715268,0.013319
102826.717769,0.000000
102826.720270,0.000000
102826.722771,0.004085
102826.725272,0.000000
102826.727773,0.000000
102826.730274,0.000000
102826.732775,0.000000
102826.735276,0.000000
102826.737778,0.000000
102826.740279,0.000000
102826.742780,0.000000
102826.745281,0.001968
102826.747782,0.000000
102826.750283,0.009162
102826.752784,0.000000
102826.755285,0.000000
102826.757786,0.000000
102826.760287,0.000000
102826.762788,0.001837
102826.765289,0.000000
102826.767790,0.000000
102826.770291,0.000000
102826.772792,0.000000
102826.775293,0.005275
102826.777794,0.000000
102826.780295,0.000000
102826.782796,0.000000
102826.785297,0.000000
102826.787798,0.000648
102826.790299,0.004088
102826.792800,0.000000
102826.795301,0.019811
102826.797802,0.000000
102826.800303,0.018484
102826.802804,0.003115
102826.805306,0.001553
102826.807807,0.013394
102826.810308,0.000000
102826.812809,0.000000
102826.815310,0.000000
102826.817811,0.013433
102826.820312,0.004819
102826.822813,0.015768
102826.825314,0.002943
102826.827815,0.015844
102826.830316,0.000000
102826.832817,0.014180
102826.835318,0.000000
102826.837819,0.000036
102826.840320,0.010462
102826.842821,0.033436
102826.845322,0.011779
102826.847823,0.013133
102826.850324,0.000000
102826.852825,0.002255
102826.855326,0.000000
102826.857827,0.020219
102826.860328,0.000000
102826.862829,0.019083
102826.865330,0.000000
102826.867831,0.020091
102826.870332,0.000000
102826.872833,0.012265
102826.875335,0.000000
102826.877836,0.008882
102826.880337,0.000000
102826.882838,0.014888
102826.885339,0.012141
102826.887840,0.000000
102826.890341,0.008303
102826.892842,0.013608
102826.895343,0.000000
102826.897844,0.000000
102826.900345,0.000000
102826.902846,0.000000
102826.905347,0.000000
102826.907848,0.013283
102826.910349,0.008013
102826.912850,0.000000
102826.915351,0.000000
102826.917852,0.000000
102826.920353,0.012375
102826.922854,0.000000
102826.925355,0.000000
102826.927856,0.002444
102826.930357,0.008711
102826.932858,0.000000
102826.935359,0.000000
102826.937860,0.000000
102826.940361,0.017869
102826.942863,0.000000
102826.945364,0.000000
102826.947865,0.000000
102826.950366,0.000000
102826.952867,0.009889
102826.955368,0.017467
102826.957869,0.017576
102826.960370,0.000000
102826.962871,0.004383
102826.965372,0.021380
102826.967873,0.021933
102826.970374,0.000000
102826.972875,0.008507
102826.975376,0.006079
102826.977877,0.013306
102826.980378,0.017863
102826.982879,0.000000
102826.985380,0.000000
102826.987881,0.013036
102826.990382,0.002126
102826.992883,0.000000
102826.995384,0.000000
102826.997885,0.009517
102827.000386,0.012053
102827.002887,0.000000
102827.005388,0.015788
102827.007889,0.000000
102827.010391,0.000000
102827.012892,0.000000
102827.015393,0.000000
102827.017894,0.000000
102827.020395,0.000000
102827.022896,0.000000
102827.025397,0.008433
102827.027898,0.000000
102827.030399,0.000244
102827.032900,0.000000
102827.035401,0.009606
102827.037902,0.000000
102827.040403,0.010225
102827.042904,0.000000
102827.045405,0.000000
102827.047906,0.000000
102827.050407,0.000000
102827.052908,0.000000
102827.055409,0.023845
102827.057910,0.000000
102827.060411,0.000000
102827.062912,0.025780
102827.065413,0.004635
102827.067914,0.000000
102827.070415,0.000000
102827.072916,0.000000
102827.075417,0.000000
102827.077919,0.000000
102827.080420,0.000000
102827.082921,0.018190
102827.085422,0.000000
102827.087923,0.000000
102827.090424,0.000000
102827.092925,0.015741
102827.095426,0.012961
102827.097927,0.011338
102827.100428,0.001606
102827.102929,0.000000
102827.105430,0.015608
102827.107931,0.000823
102827.110432,0.000000
102827.112933,0.006441
102827.115434,0.003220
102827.117935,0.000000
102827.120436,0.000000
102827.122937,0.000000
102827.125438,0.001236
102827.127939,0.019105
102827.130440,0.000000
102827.132941,0.001848
102827.135442,0.009602
102827.137943,0.011726
102827.140444,0.000000
102827.142945,0.000000
102827.145447,0.000000
102827.147948,0.017105
102827.150449,0.000000
102827.152950,0.000000
102827.155451,0.000000
102827.157952,0.000000
102827.160453,0.000000
102827.162954,0.020318
102827.165455,0.000000
102827.167956,0.000000
102827.170457,0.000000
102827.172958,0.000000
102827.175459,0.000000
102827.177960,0.000000
102827.180461,0.000000
102827.182962,0.009099
102827.185463,0.006027
102827.187964,0.000000
102827.190465,0.000000
102827.192966,0.000000
102827.195467,0.028076
102827.197968,0.004199
102827.200469,0.000000
102827.202970,0.000000
102827.205471,0.000000
102827.207972,0.005205
102827.210473,0.006965
102827.212975,0.002880
102827.215476,0.000000
102827.217977,0.000000
102827.220478,0.000000
102827.222979,0.000000
102827.225480,0.000000
102827.227981,0.000000
102827.230482,0.000000
102827.232983,0.034729
102827.235484,0.004471
102827.237985,0.000188
102827.240486,0.000000
102827.242987,0.010489
102827.245488,0.000000
102827.247989,0.000000
102827.250490,0.000000
102827.252991,0.010364
102827.255492,0.000000
102827.257993,0.015819
102827.260494,0.000000
102827.262995,0.011124
102827.265496,0.005743
102827.267997,0.015214
102827.270498,0.000000
102827.272999,0.013008
102827.275500,0.000000
102827.278001,0.000619
102827.280503,0.000000
102827.283004,0.000000
102827.285505,0.000000
102827.288006,0.000000
102827.290507,0.000000
102827.293008,0.000000
102827.295509,0.001149
102827.298010,0.000000
102827.300511,0.000000
102827.303012,0.000000
102827.305513,0.002616
102827.308014,0.012192
102827.310515,0.012262
102827.313016,0.003411
102827.315517,0.006180
102827.318018,0.004480
102827.320519,0.000000
102827.323020,0.012936
102827.325521,0.000000
102827.328022,0.000000
102827.330523,0.000000
102827.333024,0.020154
102827.335525,0.000000
102827.338026,0.003937
102827.340527,0.000000
102827.343028,0.008067
102827.345529,0.001016
102827.348030,0.000000
102827.350532,0.008816
102827.353033,0.000000
102827.355534,0.005344
102827.358035,0.000000
102827.360536,0.000000
102827.363037,0.000000
102827.365538,0.000000
102827.368039,0.000000
102827.370540,0.016230
102827.373041,0.000000
102827.375542,0.012773
102827.378043,0.000000
102827.380544,0.007716
102827.383045,0.000000
102827.385546,0.008134
102827.388047,0.000000
102827.390548,0.000000
102827.393049,0.019515
102827.395550,0.011155
102827.398051,0.007227
102827.400552,0.000000
102827.403053,0.011650
102827.405554,0.000000
102827.408055,0.000000
102827.410556,0.000000
102827.413057,0.000000
102827.415558,0.000000
102827.418060,0.000000
102827.420561,0.000000
102827.423062,0.000000
102827.425563,0.000000
102827.428064,0.002760
102827.430565,0.000000
102827.433066,0.000000
102827.435567,0.020081
102827.438068,0.000000
102827.440569,0.000841
102827.443070,0.011431
102827.445571,0.000000
102827.448072,0.000000
102827.450573,0.011384
102827.453074,0.000000
102827.455575,0.000000
102827.458076,0.000000
102827.460577,0.002715
102827.463078,0.000000
102827.465579,0.000000
102827.468080,0.028347
102827.470581,0.006960
102827.473082,0.021308
102827.475583,0.012443
102827.478084,0.005659
102827.480585,0.000000
102827.483086,0.005476
102827.485588,0.020827
102827.488089,0.011858
102827.490590,0.002396
102827.493091,0.000000
102827.495592,0.007158
102827.498093,0.000000
102827.500594,0.007160
102827.503095,0.000000
102827.505596,0.000000
102827.508097,0.000000
102827.510598,0.000000
102827.513099,0.000000
102827.515600,0.024302
102827.518101,0.000000
102827.520602,0.005528
102827.523103,0.000000
102827.525604,0.000674
102827.528105,0.004164
102827.530606,0.000000
102827.533107,0.000000
102827.535608,0.000000
102827.538109,0.000000
102827.540610,0.001208
102827.543111,0.003484
102827.545612,0.000000
102827.548113,0.001784
102827.550614,0.000000
102827.553116,0.000000
102827.555617,0.000000
102827.558118,0.007004
102827.560619,0.023483
102827.563120,0.011122
102827.565621,0.020014
102827.568122,0.000000
102827.570623,0.000000
102827.573124,0.008119
102827.575625,0.021664
102827.578126,0.009343
102827.580627,0.000000
102827.583128,0.000000
102827.585629,0.004789
102827.588130,0.000000
102827.590631,0.000000
102827.593132,0.000000
102827.595633,0.000000
102827.598134,0.000000
102827.600635,0.014141
102827.603136,0.000000
102827.605637,0.000000
102827.608138,0.014867
102827.610639,0.000000
102827.613140,0.014081
102827.615641,0.000000
102827.618142,0.006219
102827.620644,0.012056
102827.623145,0.000000
102827.625646,0.000000
102827.628147,0.000000
102827.630648,0.003011
102827.633149,0.006820
102827.635650,0.000000
102827.638151,0.000000
102827.640652,0.022857
102827.643153,0.015137
102827.645654,0.011402
102827.648155,0.000000
102827.650656,0.030578
102827.653157,0.014792
102827.655658,0.000537
102827.658159,0.003166
102827.660660,0.000000
102827.663161,0.005650
102827.665662,0.008519
102827.668163,0.010092
102827.670664,0.000000
102827.673165,0.000000
102827.675666,0.003473
102827.678167,0.010152
102827.680668,0.000000
102827.683169,0.000000
102827.685670,0.019268
102827.688172,0.000000
102827.690673,0.000000
102827.693174,0.021361
102827.695675,0.002265
102827.698176,0.000000
102827.700677,0.000000
102827.703178,0.011863
102827.705679,0.000000
102827.708180,0.008583
102827.710681,0.003375
102827.713182,0.004554
102827.715683,0.009502
102827.718184,0.000000
102827.720685,0.000000
102827.723186,0.006814
102827.725687,0.000000
102827.728188,0.000000
102827.730689,0.007561
102827.733190,0.018347
102827.735691,0.000000
102827.738192,0.000121
102827.740693,0.000000
102827.743194,0.000000
102827.745695,0.003179
102827.748196,0.000000
102827.750697,0.000000
102827.753198,0.010426
102827.755700,0.000833
102827.758201,0.037184
102827.760702,0.002984
102827.763203,0.000000
102827.765704,0.000000
102827.768205,0.007643
102827.770706,0.000000
102827.773207,0.000000
102827.775708,0.000000
102827.778209,0.000000
102827.780710,0.002785
102827.783211,0.005542
102827.785712,0.000000
102827.788213,0.011568
102827.790714,0.000000
102827.793215,0.006291
102827.795716,0.004841
102827.798217,0.000000
102827.800718,0.000000
102827.803219,0.005491
102827.805720,0.000000
102827.808221,0.000000
102827.810722,0.009873
102827.813223,0.006882
102827.815724,0.000000
102827.818225,0.000000
102827.820726,0.000000
102827.823227,0.012495
102827.825729,0.022070
102827.828230,0.000000
102827.830731,0.000000
102827.833232,0.013178
102827.835733,0.000348
102827.838234,0.008065
102827.840735,0.000741
102827.843236,0.000000
102827.845737,0.001708
102827.848238,0.016192
102827.850739,0.004514
102827.853240,0.023322
102827.855741,0.000000
102827.858242,0.005444
102827.860743,0.000000
102827.863244,0.000000
102827.865745,0.019167
102827.868246,0.000000
102827.870747,0.000000
102827.873248,0.004935
102827.875749,0.000000
102827.878250,0.019461
102827.880751,0.027354
102827.883252,0.013144
102827.885753,0.005918
102827.888254,0.000000
102827.890755,0.000000
102827.893257,0.017151
102827.895758,0.013162
102827.898259,0.006465
102827.900760,0.004792
102827.903261,0.004318
102827.905762,0.000000
102827.908263,0.035926
102827.910764,0.000000
102827.913265,0.000000
102827.915766,0.016096
102827.918267,0.000000
102827.920768,0.000000
102827.923269,0.020318
102827.925770,0.009747
102827.928271,0.010477
102827.930772,0.000000
102827.933273,0.005753
102827.935774,0.000000
102827.938275,0.000000
102827.940776,0.002523
102827.943277,0.000000
102827.945778,0.009397
102827.948279,0.011070
102827.950780,0.012146
102827.953281,0.000000
102827.955782,0.033936
102827.958283,0.000000
102827.960785,0.017422
102827.963286,0.000000
102827.965787,0.000000
102827.968288,0.000000
102827.970789,0.000000
102827.973290,0.000726
102827.975791,0.000000
102827.978292,0.018874
102827.980793,0.025409
102827.983294,0.000000
102827.985795,0.000000
102827.988296,0.000000
102827.990797,0.016603
102827.993298,0.002284
102827.995799,0.000464
102827.998300,0.004488
102828.000801,0.000000
102828.003302,0.000000
102828.005803,0.000733
102828.008304,0.000000
102828.010805,0.004984
102828.013306,0.000000
102828.015807,0.002677
102828.018308,0.000000
102828.020809,0.002173
102828.023310,0.013000
102828.025811,0.000000
102828.028313,0.017189
102828.030814,0.000000
102828.033315,0.022175
102828.035816,0.017789
102828.038317,0.000000
102828.040818,0.000000
102828.043319,0.000000
102828.045820,0.013234
102828.048321,0.000000
102828.050822,0.000000
102828.053323,0.000000
102828.055824,0.026026
102828.058325,0.000000
102828.060826,0.000347
102828.063327,0.003102
102828.065828,0.000000
102828.068329,0.000000
102828.070830,0.000000
102828.073331,0.008120
102828.075832,0.000000
102828.078333,0.023349
102828.080834,0.000000
102828.083335,0.010832
102828.085836,0.000000
102828.088337,0.000000
102828.090838,0.000000
102828.093339,0.000000
102828.095841,0.004072
102828.098342,0.000000
102828.100843,0.000000
102828.103344,0.028663
102828.105845,0.002528
102828.108346,0.000017
102828.110847,0.018818
102828.113348,0.014204
102828.115849,0.000000
102828.118350,0.000000
102828.120851,0.008107
102828.123352,0.000000
102828.125853,0.017800
102828.128354,0.000000
102828.130855,0.000000
102828.133356,0.000000
102828.135857,0.000000
102828.138358,0.000000
102828.140859,0.000000
102828.143360,0.000000
102828.145861,0.029489
102828.148362,0.008670
102828.150863,0.000147
102828.153364,0.000000
102828.155865,0.011861
102828.158366,0.043012
102828.160867,0.000000
102828.163369,0.000000
102828.165870,0.002346
102828.168371,0.000000
102828.170872,0.006637
102828.173373,0.021548
102828.175874,0.000000
102828.178375,0.000000
102828.180876,0.000000
102828.183377,0.000000
102828.185878,0.000000
102828.188379,0.000000
102828.190880,0.000000
102828.193381,0.019629
102828.195882,0.016595
102828.198383,0.020070
102828.200884,0.011516
102828.203385,0.002956
102828.205886,0.000000
102828.208387,0.019048
102828.210888,0.004995
102828.213389,0.000000
102828.215890,0.000000
102828.218391,0.000000
102828.220892,0.000000
102828.223393,0.005581
102828.225894,0.000000
102828.228395,0.000000
102828.230896,0.000558
102828.233398,0.000000
102828.235899,0.000000
102828.238400,0.021817
102828.240901,0.000000
102828.243402,0.000000
102828.245903,0.006576
102828.248404,0.000000
102828.250905,0.000000
102828.253406,0.000000
102828.255907,0.004858
102828.258408,0.003241
102828.260909,0.001711
102828.263410,0.000000
102828.265911,0.000000
102828.268412,0.000000
102828.270913,0.013883
102828.273414,0.022524
102828.275915,0.015963
102828.278416,0.007264
102828.280917,0.014108
102828.283418,0.000000
102828.285919,0.000000
102828.288420,0.007532
102828.290921,0.000000
102828.293422,0.004848
102828.295923,0.014069
102828.298424,0.011836
102828.300926,0.000000
102828.303427,0.000170
102828.305928,0.000000
102828.308429,0.000000
102828.310930,0.000000
102828.313431,0.001919
102828.315932,0.000000
102828.318433,0.005661
102828.320934,0.019512
102828.323435,0.007618
102828.325936,0.000745
102828.328437,0.022040
102828.330938,0.004703
102828.333439,0.000000
102828.335940,0.001797
102828.338441,0.028148
102828.340942,0.000000
102828.343443,0.000000
102828.345944,0.008832
102828.348445,0.000000
102828.350946,0.000000
102828.353447,0.000000
102828.355948,0.000000
102828.358449,0.000000
102828.360950,0.023196
102828.363451,0.000000
102828.365952,0.000000
102828.368454,0.017008
102828.370955,0.017737
102828.373456,0.017656
102828.375957,0.000000
102828.378458,0.000000
102828.380959,0.001977
102828.383460,0.020124
102828.385961,0.000000
102828.388462,0.000000
102828.390963,0.009992
102828.393464,0.017369
102828.395965,0.000000
102828.398466,0.009630
102828.400967,0.001615
102828.403468,0.000000
102828.405969,0.000000
102828.408470,0.000000
102828.410971,0.000000
102828.413472,0.000000
102828.415973,0.004072
102828.418474,0.017488
102828.420975,0.002930
102828.423476,0.000000
102828.425977,0.012286
102828.428478,0.004264
102828.430979,0.007107
102828.433480,0.000000
102828.435982,0.016279
102828.438483,0.016206
102828.440984,0.000000
102828.443485,0.010320
102828.445986,0.015821
102828.448487,0.000000
102828.450988,0.000000
102828.453489,0.001146
102828.455990,0.000000
102828.458491,0.006344
102828.460992,0.014687
102828.463493,0.000000
102828.465994,0.004881
102828.468495,0.020089
102828.470996,0.000000
102828.473497,0.005175
102828.475998,0.000000
102828.478499,0.000000
102828.481000,0.004911
102828.483501,0.003467
102828.486002,0.007973
102828.488503,0.001094
102828.491004,0.006681
102828.493505,0.023923
102828.496006,0.015224
102828.498507,0.004860
102828.501008,0.007252
102828.503510,0.000000
102828.506011,0.000000
102828.508512,0.007073
102828.511013,0.001259
102828.513514,0.011391
102828.516015,0.018200
102828.518516,0.000000
102828.521017,0.000000
102828.523518,0.029218
102828.526019,0.000000
102828.528520,0.002803
102828.531021,0.010449
102828.533522,0.020238
102828.536023,0.025941
102828.538524,0.000000
102828.541025,0.017088
102828.543526,0.002844
102828.546027,0.039402
102828.548528,0.015806
102828.551029,0.000000
102828.553530,0.000000
102828.556031,0.000000
102828.558532,0.009691
102828.561033,0.014485
102828.563534,0.010707
102828.566035,0.000000
102828.568536,0.000000
102828.571038,0.006906
102828.573539,0.025646
102828.576040,0.000000
102828.578541,0.015678
102828.581042,0.000000
102828.583543,0.002975
102828.586044,0.000000
102828.588545,0.017058
102828.591046,0.000000
102828.593547,0.024088
102828.596048,0.000000
102828.598549,0.000000
102828.601050,0.000000
102828.603551,0.000000
102828.606052,0.005323
102828.608553,0.000000
102828.611054,0.000000
102828.613555,0.012781
102828.616056,0.000000
102828.618557,0.000000
102828.621058,0.000000
102828.623559,0.000000
102828.626060,0.003501
102828.628561,0.000000
102828.631062,0.000000
102828.633563,0.017086
102828.636064,0.000000
102828.638566,0.025941
102828.641067,0.010230
102828.643568,0.000000
102828.646069,0.027780
102828.648570,0.003995
102828.651071,0.026885
102828.653572,0.000000
102828.656073,0.003910
102828.658574,0.006207
102828.661075,0.000000
102828.663576,0.018269
102828.666077,0.027759
102828.668578,0.000000
102828.671079,0.011704
102828.673580,0.000000
102828.676081,0.000000
102828.678582,0.007426
102828.681083,0.007459
102828.683584,0.009769
102828.686085,0.005329
102828.688586,0.012568
102828.691087,0.000000
102828.693588,0.003782
102828.696089,0.010028
102828.698590,0.019433
102828.701091,0.000630
102828.703592,0.000000
102828.706093,0.000000
102828.708595,0.000000
102828.711096,0.011055
102828.713597,0.000000
102828.716098,0.005616
102828.718599,0.001215
102828.721100,0.000000
102828.723601,0.000000
102828.726102,0.000000
102828.728603,0.000000
102828.731104,0.021265
102828.733605,0.000000
102828.736106,0.007849
102828.738607,0.018193
102828.741108,0.015414
102828.743609,0.000000
102828.746110,0.000000
102828.748611,0.007165
102828.751112,0.000000
102828.753613,0.026067
102828.756114,0.012465
102828.758615,0.002998
102828.761116,0.007364
102828.763617,0.002561
102828.766118,0.000000
102828.768619,0.007162
102828.771120,0.000000
102828.773621,0.027818
102828.776123,0.000000
102828.778624,0.007308
102828.781125,0.000000
102828.783626,0.000000
102828.786127,0.000000
102828.788628,0.005910
102828.791129,0.000000
102828.793630,0.015561
102828.796131,0.005936
102828.798632,0.002129
102828.801133,0.000000
102828.803634,0.008401
102828.806135,0.000000
102828.808636,0.000000
102828.811137,0.006184
102828.813638,0.000000
102828.816139,0.000000
102828.818640,0.018631
102828.821141,0.000000
102828.823642,0.000000
102828.826143,0.000000
102828.828644,0.000000
102828.831145,0.016435
102828.833646,0.000000
102828.836147,0.000000
102828.838648,0.014082
102828.841149,0.000000
102828.843651,0.003274
102828.846152,0.000000
102828.848653,0.029023
102828.851154,0.000000
102828.853655,0.004052
102828.856156,0.021588
102828.858657,0.000000
102828.861158,0.000000
102828.863659,0.011018
102828.866160,0.014422
102828.868661,0.000000
102828.871162,0.021002
102828.873663,0.000736
102828.876164,0.007308
102828.878665,0.021377
102828.881166,0.011042
102828.883667,0.000000
102828.886168,0.000000
102828.888669,0.038904
102828.891170,0.000000
102828.893671,0.004569
102828.896172,0.007325
102828.898673,0.008005
102828.901174,0.030566
102828.903675,0.000683
102828.906176,0.000000
102828.908677,0.022296
102828.911179,0.000000
102828.913680,0.012583
102828.916181,0.002792
102828.918682,0.013228
102828.921183,0.010420
102828.923684,0.000000
102828.926185,0.000000
102828.928686,0.000000
102828.931187,0.000000
102828.933688,0.000000
102828.936189,0.000000
102828.938690,0.000000
102828.941191,0.001921
102828.943692,0.012298
102828.946193,0.007245
102828.948694,0.012954
102828.951195,0.005945
102828.953696,0.000000
102828.956197,0.000000
102828.958698,0.000000
102828.961199,0.003276
102828.963700,0.000000
102828.966201,0.015312
102828.968702,0.000000
102828.971203,0.002210
102828.973704,0.004618
102828.976205,0.016701
102828.978707,0.000000
102828.981208,0.000000
102828.983709,0.007898
102828.986210,0.025153
102828.988711,0.000000
102828.991212,0.000000
102828.993713,0.029115
102828.996214,0.011528
102828.998715,0.019730
102829.001216,0.000000
102829.003717,0.007485
102829.006218,0.000000
102829.008719,0.000000
102829.011220,0.008358
102829.013721,0.009363
102829.016222,0.000000
102829.018723,0.020569
102829.021224,0.000000
102829.023725,0.000000
102829.026226,0.000000
102829.028727,0.000000
102829.031228,0.018346
102829.033729,0.000000
102829.036230,0.000000
102829.038731,0.000000
102829.041232,0.027054
102829.043733,0.000000
102829.046235,0.000000
102829.048736,0.000000
102829.051237,0.012195
102829.053738,0.009534
102829.056239,0.000000
102829.058740,0.000000
102829.061241,0.000000
102829.063742,0.001993
102829.066243,0.018419
102829.068744,0.000000
102829.071245,0.009133
102829.073746,0.000000
102829.076247,0.000000
102829.078748,0.009771
102829.081249,0.033721
102829.083750,0.007805
102829.086251,0.000000
102829.088752,0.000000
102829.091253,0.027423
102829.093754,0.004409
102829.096255,0.000000
102829.098756,0.000000
102829.101257,0.003090
102829.103758,0.006740
102829.106259,0.021718
102829.108760,0.018326
102829.111261,0.002847
102829.113763,0.000000
102829.116264,0.005688
102829.118765,0.000000
102829.121266,0.014076
102829.123767,0.000000
102829.126268,0.007051
102829.128769,0.024608
102829.131270,0.007940
102829.133771,0.003314
102829.136272,0.000000
102829.138773,0.000000
102829.141274,0.000000
102829.143775,0.007659
102829.146276,0.000000
102829.148777,0.013910
102829.151278,0.010510
102829.153779,0.001410
102829.156280,0.000000
102829.158781,0.000000
102829.161282,0.000000
102829.163783,0.011833
102829.166284,0.000000
102829.168785,0.021764
102829.171286,0.005630
102829.173787,0.003324
102829.176288,0.005759
102829.178789,0.000000
102829.181290,0.000000
102829.183792,0.001910
102829.186293,0.000000
102829.188794,0.000000
102829.191295,0.000000
102829.193796,0.000634
102829.196297,0.033305
102829.198798,0.000000
102829.201299,0.000000
102829.203800,0.000000
102829.206301,0.021568
102829.208802,0.022595
102829.211303,0.027996
102829.213804,0.000876
102829.216305,0.009216
102829.218806,0.000000
102829.221307,0.000000
102829.223808,0.000000
102829.226309,0.006798
102829.228810,0.000552
102829.231311,0.003249
102829.233812,0.000000
102829.236313,0.012219
102829.238814,0.000000
102829.241315,0.000000
102829.243816,0.000000
102829.246317,0.000000
102829.248818,0.005517
102829.251320,0.000000
102829.253821,0.008060
102829.256322,0.028725
102829.258823,0.004663
102829.261324,0.013971
102829.263825,0.019835
102829.266326,0.007067
102829.268827,0.000000
102829.271328,0.000000
102829.273829,0.005377
102829.276330,0.000000
102829.278831,0.018437
102829.281332,0.000000
102829.283833,0.000000
102829.286334,0.000000
102829.288835,0.000000
102829.291336,0.000000
102829.293837,0.000000
102829.296338,0.000000
102829.298839,0.000000
102829.301340,0.037765
102829.303841,0.012006
102829.306342,0.015579
102829.308843,0.000000
102829.311344,0.001519
102829.313845,0.000000
102829.316346,0.037695
102829.318848,0.000000
102829.321349,0.000000
102829.323850,0.000000
102829.326351,0.004817
102829.328852,0.020411
102829.331353,0.015613
102829.333854,0.000000
102829.336355,0.000000
102829.338856,0.017901
102829.341357,0.030183
102829.343858,0.000000
102829.346359,0.017331
102829.348860,0.000000
102829.351361,0.000000
102829.353862,0.000000
102829.356363,0.005921
102829.358864,0.000000
102829.361365,0.003420
102829.363866,0.017511
102829.366367,0.000000
102829.368868,0.001350
102829.371369,0.000000
102829.373870,0.016716
102829.376371,0.015748
102829.378872,0.005198
102829.381373,0.001723
102829.383874,0.000000
102829.386376,0.000000
102829.388877,0.004389
102829.391378,0.010862
102829.393879,0.029005
102829.396380,0.000000
102829.398881,0.003881
102829.401382,0.016007
102829.403883,0.016440
102829.406384,0.000000
102829.408885,0.000000
102829.411386,0.000000
102829.413887,0.000000
102829.416388,0.021138
102829.418889,0.000901
102829.421390,0.000000
102829.423891,0.003558
102829.426392,0.000772
102829.428893,0.000000
102829.431394,0.000000
102829.433895,0.022483
102829.436396,0.000000
102829.438897,0.000000
102829.441398,0.000000
102829.443899,0.030990
102829.446400,0.000000
102829.448901,0.010193
102829.451402,0.000000
102829.453904,0.003516
102829.456405,0.013246
102829.458906,0.000000
102829.461407,0.000000
102829.463908,0.013042
102829.466409,0.001400
102829.468910,0.003043
102829.471411,0.010218
102829.473912,0.000000
102829.476413,0.015155
102829.478914,0.011775
102829.481415,0.003423
102829.483916,0.006724
102829.486417,0.016733
102829.488918,0.000000
102829.491419,0.009499
102829.493920,0.025055
102829.496421,0.009202
102829.498922,0.000000
102829.501423,0.033298
102829.503924,0.003315
102829.506425,0.020089
102829.508926,0.000000
102829.511427,0.015337
102829.513928,0.000000
102829.516429,0.004645
102829.518930,0.000000
102829.521432,0.027307
102829.523933,0.000000
102829.526434,0.000000
102829.528935,0.001366
102829.531436,0.007715
102829.533937,0.000000
102829.536438,0.000000
102829.538939,0.014900
102829.541440,0.018086
102829.543941,0.000000
102829.546442,0.000000
102829.548943,0.000000
102829.551444,0.000000
102829.553945,0.007555
102829.556446,0.026421
102829.558947,0.000000
102829.561448,0.022647
102829.563949,0.000000
102829.566450,0.006547
102829.568951,0.000000
102829.571452,0.006857
102829.573953,0.000000
102829.576454,0.000000
102829.578955,0.006827
102829.581456,0.000000
102829.583957,0.000000
102829.586458,0.026376
102829.588960,0.001976
102829.591461,0.012949
102829.593962,0.000000
102829.596463,0.000000
102829.598964,0.000000
102829.601465,0.000000
102829.603966,0.000000
102829.606467,0.003415
102829.608968,0.000000
102829.611469,0.004805
102829.613970,0.008623
102829.616471,0.000000
102829.618972,0.000000
102829.621473,0.000000
102829.623974,0.000000
102829.626475,0.010582
102829.628976,0.021420
102829.631477,0.002736
102829.633978,0.019724
102829.636479,0.005513
102829.638980,0.001543
102829.641481,0.000000
102829.643982,0.000000
102829.646483,0.017569
102829.648984,0.000000
102829.651485,0.019941
102829.653986,0.000000
102829.656487,0.034886
102829.658989,0.000000
102829.661490,0.000000
102829.663991,0.000000
102829.666492,0.002448
102829.668993,0.000000
102829.671494,0.000000
102829.673995,0.000000
102829.676496,0.000000
102829.678997,0.015433
102829.681498,0.000000
102829.683999,0.000000
102829.686500,0.000000
102829.689001,0.000000
102829.691502,0.000000
102829.694003,0.000000
102829.696504,0.000000
102829.699005,0.014503
102829.701506,0.007050
102829.704007,0.031858
102829.706508,0.000000
102829.709009,0.000000
102829.711510,0.016999
102829.714011,0.005616
102829.716512,0.000000
102829.719013,0.007992
102829.721514,0.005696
102829.724015,0.000000
102829.726517,0.000000
102829.729018,0.002734
102829.731519,0.020774
102829.734020,0.010026
102829.736521,0.000000
102829.739022,0.000000
102829.741523,0.011458
102829.744024,0.000000
102829.746525,0.000000
102829.749026,0.020243
102829.751527,0.004263
102829.754028,0.000000
102829.756529,0.000000
102829.759030,0.012062
102829.761531,0.001118
102829.764032,0.000000
102829.766533,0.005372
102829.769034,0.002364
102829.771535,0.001263
102829.774036,0.000000
102829.776537,0.000000
102829.779038,0.010748
102829.781539,0.008031
102829.784040,0.005489
102829.786541,0.000000
102829.789042,0.010991
102829.791543,0.000000
102829.794045,0.018695
102829.796546,0.000000
102829.799047,0.000000
102829.801548,0.000000
102829.804049,0.012170
102829.806550,0.000000
102829.809051,0.000541
102829.811552,0.000000
102829.814053,0.003851
102829.816554,0.000000
102829.819055,0.000000
102829.819055,0.001828
102959.104739,0.002166
103088.390424,0.033751
103217.676108,0.000000
103346.961793,0.000000
103476.247477,0.004008
103605.533162,0.000000
103734.818846,0.000000
103864.104530,0.000000
103993.390215,0.000000
104122.675899,0.000000
104251.961584,0.000000
104381.247268,0.000000
104510.532953,0.000000
104639.818637,0.007063
104769.104322,0.000000
104898.390006,0.000000
105027.675690,0.008430
105156.961375,0.005340
105286.247059,0.000000
105286.247059,0.006489
105286.249560,0.022248
105286.252061,0.000000
105286.254562,0.010827
105286.257063,0.000000
105286.259564,0.016883
105286.262066,0.000000
105286.264567,0.000000
105286.267068,0.016507
105286.269569,0.010364
105286.272070,0.000000
105286.274571,0.001829
105286.277072,0.000000
105286.279573,0.000000
105286.282074,0.002719
105286.284575,0.000000
105286.287076,0.000000
105286.289577,0.018740
105286.292078,0.000000
105286.294579,0.002068
105286.297080,0.015511
105286.299581,0.000000
105286.302082,0.000000
105286.304583,0.004277
105286.307084,0.006545
105286.309585,0.012591
105286.312086,0.026877
105286.314587,0.000000
105286.317088,0.002813
105286.319589,0.000000
105286.322090,0.009572
105286.324591,0.002639
105286.327092,0.000000
105286.329594,0.000000
105286.332095,0.000000
105286.334596,0.003395
105286.337097,0.000000
105286.339598,0.000000
105286.342099,0.000240
105286.344600,0.000000
105286.347101,0.000000
105286.349602,0.000000
105286.352103,0.022525
105286.354604,0.000000
105286.357105,0.000000
105286.359606,0.000000
105286.362107,0.000000
105286.364608,0.000000
105286.367109,0.009628
105286.369610,0.000000
105286.372111,0.013028
105286.374612,0.006721
105286.377113,0.000000
105286.379614,0.013502
105286.382115,0.044573
105286.384616,0.006859
105286.387117,0.000000
105286.389618,0.021388
105286.392119,0.002673
105286.394620,0.030323
105286.397122,0.000000
105286.399623,0.018413
105286.402124,0.000000
105286.404625,0.038160
105286.407126,0.000000
105286.409627,0.043115
105286.412128,0.006317
105286.414629,0.012165
105286.417130,0.024423
105286.419631,0.000000
105286.422132,0.013920
105286.424633,0.000000
105286.427134,0.002171
105286.429635,0.001193
105286.432136,0.008222
105286.434637,0.007615
105286.437138,0.000000
105286.439639,0.001793
105286.442140,0.000000
105286.444641,0.014222
105286.447142,0.024331
105286.449643,0.002738
105286.452144,0.000000
105286.454645,0.010671
105286.457146,0.000000
105286.459647,0.002619
105286.462148,0.009846
105286.464649,0.007849
105286.467151,0.015525
105286.469652,0.002103
105286.472153,0.002490
105286.474654,0.010583
105286.477155,0.000000
105286.479656,0.000000
105286.482157,0.006493
105286.484658,0.000000
105286.487159,0.000000
105286.489660,0.000000
105286.492161,0.000000
105286.494662,0.000000
105286.497163,0.000000
105286.499664,0.015808
105286.502165,0.014622
105286.504666,0.018874
105286.507167,0.000000
105286.509668,0.000000
105286.512169,0.011542
105286.514670,0.001844
105286.517171,0.001774
105286.519672,0.000000
105286.522173,0.010866
105286.524674,0.008962
105286.527175,0.000000
105286.529676,0.011718
105286.532177,0.008643
105286.534679,0.000000
105286.537180,0.000000
105286.539681,0.000000
105286.542182,0.021003
105286.544683,0.014036
105286.547184,0.000000
105286.549685,0.008889
105286.552186,0.004002
105286.554687,0.000000
105286.557188,0.001786
105286.559689,0.012329
105286.562190,0.013501
105286.564691,0.033496
105286.567192,0.001354
105286.569693,0.000000
105286.572194,0.008074
105286.574695,0.000000
105286.577196,0.000000
105286.579697,0.000000
105286.582198,0.000000
105286.584699,0.010555
105286.587200,0.000000
105286.589701,0.000000
105286.592202,0.004201
105286.594703,0.000000
105286.597204,0.030872
105286.599705,0.000000
105286.602207,0.032156
105286.604708,0.019830
105286.607209,0.013058
105286.609710,0.020674
105286.612211,0.005812
105286.614712,0.000000
105286.617213,0.007395
105286.619714,0.000000
105286.622215,0.000000
105286.624716,0.000000
105286.627217,0.000000
105286.629718,0.013589
105286.632219,0.000000
105286.634720,0.005879
105286.637221,0.000000
105286.639722,0.001812
105286.642223,0.000000
105286.644724,0.000000
105286.647225,0.000000
105286.649726,0.000000
105286.652227,0.020016
105286.654728,0.000000
105286.657229,0.033568
105286.659730,0.004338
105286.662231,0.000996
105286.664732,0.000000
105286.667233,0.009436
105286.669735,0.000000
105286.672236,0.004316
105286.674737,0.012092
105286.677238,0.009614
105286.679739,0.017809
105286.682240,0.007725
105286.684741,0.000000
105286.687242,0.000000
105286.689743,0.003031
105286.692244,0.003238
105286.694745,0.027663
105286.697246,0.000000
105286.699747,0.005379
105286.702248,0.011163
105286.704749,0.007374
105286.707250,0.012122
105286.709751,0.000000
105286.712252,0.000000
105286.714753,0.000000
105286.717254,0.000000
105286.719755,0.000000
105286.722256,0.000000
105286.724757,0.004628
105286.727258,0.000000
105286.729759,0.000000
105286.732260,0.018829
105286.734761,0.001185
105286.737263,0.012394
105286.739764,0.002636
105286.742265,0.006665
105286.744766,0.000000
105286.747267,0.018358
105286.749768,0.012621
105286.752269,0.000000
105286.754770,0.004137
105286.757271,0.014401
105286.759772,0.000000
105286.762273,0.000000
105286.764774,0.000000
105286.767275,0.002189
105286.769776,0.000000
105286.772277,0.018925
105286.774778,0.000000
105286.777279,0.000000
105286.779780,0.000000
105286.782281,0.006158
105286.784782,0.000000
105286.787283,0.010683
105286.789784,0.000000
105286.792285,0.000000
105286.794786,0.025427
105286.797287,0.017704
105286.799788,0.001712
105286.802289,0.000000
105286.804791,0.028934
105286.807292,0.000000
105286.809793,0.003556
105286.812294,0.013099
105286.814795,0.000000
105286.817296,0.000000
105286.819797,0.000000
105286.822298,0.001878
105286.824799,0.000000
105286.827300,0.004687
105286.829801,0.000485
105286.832302,0.023949
105286.834803,0.014368
105286.837304,0.000000
105286.839805,0.000000
105286.842306,0.014572
105286.844807,0.004074
105286.847308,0.000000
105286.849809,0.030074
105286.852310,0.000000
105286.854811,0.035607
105286.857312,0.006147
105286.859813,0.000000
105286.862314,0.000000
105286.864815,0.011157
105286.867316,0.000000
105286.869817,0.005132
105286.872319,0.027774
105286.874820,0.000000
105286.877321,0.010601
105286.879822,0.000000
105286.882323,0.016276
105286.884824,0.000945
105286.887325,0.000000
105286.889826,0.017341
105286.892327,0.008981
105286.894828,0.000000
105286.897329,0.025669
105286.899830,0.000000
105286.902331,0.003960
105286.904832,0.000000
105286.907333,0.000000
105286.909834,0.000000
105286.912335,0.000000
105286.914836,0.005023
105286.917337,0.015210
105286.919838,0.021201
105286.922339,0.003989
105286.924840,0.000000
105286.927341,0.014924
105286.929842,0.000000
105286.932343,0.000000
105286.934844,0.013488
105286.937345,0.019016
105286.939846,0.000000
105286.942348,0.028164
105286.944849,0.008375
105286.947350,0.006233
105286.949851,0.000000
105286.952352,0.014612
105286.954853,0.000000
105286.957354,0.000000
105286.959855,0.000000
105286.962356,0.000000
105286.964857,0.012396
105286.967358,0.004900
105286.969859,0.011558
105286.972360,0.000000
105286.974861,0.014149
105286.977362,0.001108
105286.979863,0.000000
105286.982364,0.000000
105286.984865,0.000000
105286.987366,0.016724
105286.989867,0.015095
105286.992368,0.042047
105286.994869,0.000000
105286.997370,0.000000
105286.999871,0.000000
105287.002372,0.013789
105287.004873,0.010483
105287.007374,0.022289
105287.009876,0.000000
105287.012377,0.010290
105287.014878,0.000000
105287.017379,0.019301
105287.019880,0.007702
105287.022381,0.000000
105287.024882,0.000000
105287.027383,0.000000
105287.029884,0.000000
105287.032385,0.000000
105287.034886,0.000000
105287.037387,0.000000
105287.039888,0.002364
105287.042389,0.001645
105287.044890,0.000000
105287.047391,0.004774
105287.049892,0.000000
105287.052393,0.001051
105287.054894,0.020604
105287.057395,0.000000
105287.059896,0.007105
105287.062397,0.005769
105287.064898,0.012385
105287.067399,0.004124
105287.069900,0.012142
105287.072401,0.007286
105287.074902,0.009441
105287.077404,0.006351
105287.079905,0.000000
105287.082406,0.000000
105287.084907,0.000000
105287.087408,0.022287
105287.089909,0.000000
105287.092410,0.004446
105287.094911,0.000000
105287.097412,0.002783
105287.099913,0.001234
105287.102414,0.000000
105287.104915,0.004178
105287.107416,0.000000
105287.109917,0.000000
105287.112418,0.014284
105287.114919,0.002262
105287.117420,0.000000
105287.119921,0.000000
105287.122422,0.000000
105287.124923,0.002311
105287.127424,0.000000
105287.129925,0.016151
105287.132426,0.000000
105287.134927,0.000000
105287.137428,0.014236
105287.139929,0.000000
105287.142430,0.001012
105287.144932,0.009403
105287.147433,0.000000
105287.149934,0.001970
105287.152435,0.009311
105287.154936,0.023603
105287.157437,0.000000
105287.159938,0.000000
105287.162439,0.008091
105287.164940,0.002996
105287.167441,0.000000
105287.169942,0.022877
105287.172443,0.000000
105287.174944,0.000000
105287.177445,0.000000
105287.179946,0.017260
105287.182447,0.007393
105287.184948,0.000000
105287.187449,0.000000
105287.189950,0.000000
105287.192451,0.000000
105287.194952,0.002704
105287.197453,0.000000
105287.199954,0.010150
105287.202455,0.000000
105287.204956,0.003148
105287.207457,0.018595
105287.209958,0.013998
105287.212460,0.007285
105287.214961,0.000000
105287.217462,0.000000
105287.219963,0.000000
105287.222464,0.000000
105287.224965,0.000000
105287.227466,0.000000
105287.229967,0.006240
105287.232468,0.000000
105287.234969,0.022208
105287.237470,0.002126
105287.239971,0.014066
105287.242472,0.013769
105287.244973,0.029846
105287.247474,0.002612
105287.249975,0.000000
105287.252476,0.000000
105287.254977,0.021489
105287.257478,0.000000
105287.259979,0.000000
105287.262480,0.003404
105287.264981,0.000000
105287.267482,0.013899
105287.269983,0.000000
105287.272484,0.000000
105287.274985,0.000000
105287.277486,0.000000
105287.279988,0.012621
105287.282489,0.000000
105287.284990,0.000000
105287.287491,0.000000
105287.289992,0.000000
105287.292493,0.000000
105287.294994,0.012407
105287.297495,0.014835
105287.299996,0.024132
105287.302497,0.006235
105287.304998,0.000000
105287.307499,0.000000
105287.310000,0.007047
105287.312501,0.002885
105287.315002,0.000000
105287.317503,0.000000
105287.320004,0.016822
105287.322505,0.000000
105287.325006,0.019343
105287.327507,0.002616
105287.330008,0.000000
105287.332509,0.000000
105287.335010,0.000000
105287.337511,0.007230
105287.340012,0.000000
105287.342513,0.012214
105287.345014,0.000000
105287.347516,0.000000
105287.350017,0.000000
105287.352518,0.008036
105287.355019,0.000000
105287.357520,0.022678
105287.360021,0.010124
105287.362522,0.001214
105287.365023,0.017598
105287.367524,0.005819
105287.370025,0.014482
105287.372526,0.000000
105287.375027,0.006624
105287.377528,0.007221
105287.380029,0.000000
105287.382530,0.021640
105287.385031,0.000000
105287.387532,0.000000
105287.390033,0.000000
105287.392534,0.006806
105287.395035,0.000000
105287.397536,0.000000
105287.400037,0.012035
105287.402538,0.002759
105287.405039,0.000000
105287.407540,0.000000
105287.410041,0.000000
105287.412542,0.012285
105287.415043,0.010066
105287.417545,0.025664
105287.420046,0.000000
105287.422547,0.000000
105287.425048,0.004452
105287.427549,0.003037
105287.430050,0.000000
105287.432551,0.000000
105287.435052,0.000000
105287.437553,0.000000
105287.440054,0.008001
105287.442555,0.004079
105287.445056,0.013865
105287.447557,0.004958
105287.450058,0.010572
105287.452559,0.010984
105287.455060,0.000294
105287.457561,0.000395
105287.460062,0.000000
105287.462563,0.000000
105287.465064,0.000000
105287.467565,0.000000
105287.470066,0.000000
105287.472567,0.013467
105287.475068,0.000000
105287.477569,0.015835
105287.480070,0.000000
105287.482571,0.000000
105287.485073,0.000000
105287.487574,0.000000
105287.490075,0.016929
105287.492576,0.000000
105287.495077,0.000000
105287.497578,0.000000
105287.500079,0.000000
105287.502580,0.003109
105287.505081,0.000000
105287.507582,0.000000
105287.510083,0.014594
105287.512584,0.003931
105287.515085,0.000000
105287.517586,0.000000
105287.520087,0.000000
105287.522588,0.007484
105287.525089,0.001479
105287.527590,0.016235
105287.530091,0.000000
105287.532592,0.000000
105287.535093,0.000000
105287.537594,0.000000
105287.540095,0.000000
105287.542596,0.004618
105287.545097,0.000000
105287.547598,0.002229
105287.550099,0.011320
105287.552601,0.003229
105287.555102,0.000000
105287.557603,0.000000
105287.560104,0.000000
105287.562605,0.000000
105287.565106,0.000000
105287.567607,0.023290
105287.570108,0.001441
105287.572609,0.005491
105287.575110,0.000000
105287.577611,0.010715
105287.580112,0.040964
105287.582613,0.019328
105287.585114,0.000000
105287.587615,0.032764
105287.590116,0.000395
105287.592617,0.004403
105287.595118,0.000000
105287.597619,0.000000
105287.600120,0.000000
105287.602621,0.011311
105287.605122,0.000000
105287.607623,0.000000
105287.610124,0.003926
105287.612625,0.000000
105287.615126,0.003789
105287.617627,0.017280
105287.620129,0.005815
105287.622630,0.000000
105287.625131,0.000000
105287.627632,0.002881
105287.630133,0.000000
105287.632634,0.002986
105287.635135,0.009833
105287.637636,0.001257
105287.640137,0.000000
105287.642638,0.000000
105287.645139,0.009367
105287.647640,0.000000
105287.650141,0.000000
105287.652642,0.000000
105287.655143,0.000488
105287.657644,0.012380
105287.660145,0.019125
105287.662646,0.022244
105287.665147,0.000000
105287.667648,0.003591
105287.670149,0.000000
105287.672650,0.023666
105287.675151,0.018722
105287.677652,0.002414
105287.680153,0.000000
105287.682654,0.000000
105287.685155,0.000000
105287.687657,0.000000
105287.690158,0.000000
105287.692659,0.026987
105287.695160,0.000000
105287.697661,0.000000
105287.700162,0.000000
105287.702663,0.037324
105287.705164,0.000000
105287.707665,0.014280
105287.710166,0.002519
105287.712667,0.000000
105287.715168,0.022014
105287.717669,0.005761
105287.720170,0.000000
105287.722671,0.025282
105287.725172,0.000000
105287.727673,0.000000
105287.730174,0.000000
105287.732675,0.015459
105287.735176,0.011689
105287.737677,0.004002
105287.740178,0.000000
105287.742679,0.000000
105287.745180,0.000000
105287.747681,0.016667
105287.750182,0.000000
105287.752683,0.022901
105287.755185,0.018495
105287.757686,0.000000
105287.760187,0.000000
105287.762688,0.000000
105287.765189,0.006180
105287.767690,0.020288
105287.770191,0.017030
105287.772692,0.000000
105287.775193,0.018023
105287.777694,0.016832
105287.780195,0.000000
105287.782696,0.000000
105287.785197,0.022144
105287.787698,0.015202
105287.790199,0.017592
105287.792700,0.037135
105287.795201,0.007861
105287.797702,0.004678
105287.800203,0.019505
105287.802704,0.028552
105287.805205,0.000000
105287.807706,0.000000
105287.810207,0.000000
105287.812708,0.004923
105287.815209,0.012773
105287.817710,0.000000
105287.820211,0.016285
105287.822713,0.000000
105287.825214,0.000000
105287.827715,0.016230
105287.830216,0.000000
105287.832717,0.000000
105287.835218,0.010682
105287.837719,0.000000
105287.840220,0.017208
105287.842721,0.011965
105287.845222,0.000000
105287.847723,0.018896
105287.850224,0.027287
105287.852725,0.014846
105287.855226,0.015424
105287.857727,0.000000
105287.860228,0.000000
105287.862729,0.003051
105287.865230,0.013213
105287.867731,0.012852
105287.870232,0.000000
105287.872733,0.000000
105287.875234,0.000000
105287.877735,0.009292
105287.880236,0.000000
105287.882737,0.000000
105287.885238,0.024818
105287.887739,0.008595
105287.890240,0.004638
105287.892742,0.011925
105287.895243,0.020405
105287.897744,0.000000
105287.900245,0.000000
105287.902746,0.000000
105287.905247,0.000000
105287.907748,0.000000
105287.910249,0.000000
105287.912750,0.013246
105287.915251,0.000000
105287.917752,0.002886
105287.920253,0.000737
105287.922754,0.008007
105287.925255,0.000000
105287.927756,0.006467
105287.930257,0.000000
105287.932758,0.005844
105287.935259,0.000000
105287.937760,0.005942
105287.940261,0.018651
105287.942762,0.002726
105287.945263,0.000000
105287.947764,0.000000
105287.950265,0.008277
105287.952766,0.008182
105287.955267,0.005121
105287.957768,0.000000
105287.960270,0.002915
105287.962771,0.000000
105287.965272,0.000000
105287.967773,0.010880
105287.970274,0.004454
105287.972775,0.018537
105287.975276,0.016042
105287.977777,0.003986
105287.980278,0.008552
105287.982779,0.000000
105287.985280,0.000000
105287.987781,0.004922
105287.990282,0.000000
105287.992783,0.006168
105287.995284,0.000000
105287.997785,0.000000
105288.000286,0.000000
105288.002787,0.000000
105288.005288,0.000000
105288.007789,0.012304
105288.010290,0.002548
105288.012791,0.027649
105288.015292,0.004310
105288.017793,0.008199
105288.020294,0.000000
105288.022795,0.000000
105288.025296,0.008893
105288.027798,0.000000
105288.030299,0.009219
105288.032800,0.024512
105288.035301,0.013585
105288.037802,0.008194
105288.040303,0.003871
105288.042804,0.000000
105288.045305,0.000000
105288.047806,0.000000
105288.050307,0.000000
105288.052808,0.000509
105288.055309,0.015913
105288.057810,0.000000
105288.060311,0.020087
105288.062812,0.017483
105288.065313,0.005702
105288.067814,0.005818
105288.070315,0.000000
105288.072816,0.000604
105288.075317,0.000000
105288.077818,0.000454
105288.080319,0.002008
105288.082820,0.027021
105288.085321,0.008124
105288.087822,0.000000
105288.090323,0.000000
105288.092824,0.000000
105288.095326,0.000000
105288.097827,0.013081
105288.100328,0.000000
105288.102829,0.000000
105288.105330,0.000000
105288.107831,0.000000
105288.110332,0.016190
105288.112833,0.002050
105288.115334,0.000000
105288.117835,0.000421
105288.120336,0.003121
105288.122837,0.000000
105288.125338,0.000000
105288.127839,0.019226
105288.130340,0.014192
105288.132841,0.005427
105288.135342,0.013203
105288.137843,0.027497
105288.140344,0.000000
105288.142845,0.000000
105288.145346,0.009502
105288.147847,0.000000
105288.150348,0.000545
105288.152849,0.000000
105288.155350,0.009679
105288.157851,0.000000
105288.160352,0.017233
105288.162854,0.000000
105288.165355,0.010138
105288.167856,0.000000
105288.170357,0.007878
105288.172858,0.000000
105288.175359,0.000000
105288.177860,0.018990
105288.180361,0.001652
105288.182862,0.016993
105288.185363,0.000000
105288.187864,0.000000
105288.190365,0.002470
105288.192866,0.008882
105288.195367,0.000000
105288.197868,0.007502
105288.200369,0.000000
105288.202870,0.000000
105288.205371,0.007736
105288.207872,0.019226
105288.210373,0.003108
105288.212874,0.000000
105288.215375,0.000000
105288.217876,0.000000
105288.220377,0.002817
105288.222878,0.000000
105288.225379,0.007113
105288.227880,0.014363
105288.230382,0.004952
105288.232883,0.012900
105288.235384,0.000000
105288.237885,0.047341
105288.240386,0.007946
105288.242887,0.009825
105288.245388,0.025247
105288.247889,0.001267
105288.250390,0.000000
105288.252891,0.018765
105288.255392,0.019608
105288.257893,0.002205
105288.260394,0.025274
105288.262895,0.000000
105288.265396,0.013391
105288.267897,0.021768
105288.270398,0.001412
105288.272899,0.006561
105288.275400,0.014737
105288.277901,0.000000
105288.280402,0.000000
105288.282903,0.019146
105288.285404,0.004406
105288.287905,0.000000
105288.290406,0.001352
105288.292907,0.007304
105288.295408,0.000000
105288.297910,0.010284
105288.300411,0.005867
105288.302912,0.023773
105288.305413,0.000000
105288.307914,0.019780
105288.310415,0.000000
105288.312916,0.001999
105288.315417,0.004035
105288.317918,0.030067
105288.320419,0.000000
105288.322920,0.007111
105288.325421,0.000607
105288.327922,0.000000
105288.330423,0.008374
105288.332924,0.015886
105288.335425,0.007636
105288.337926,0.017742
105288.340427,0.000000
105288.342928,0.000000
105288.345429,0.000000
105288.347930,0.028482
105288.350431,0.000000
105288.352932,0.000000
105288.355433,0.008714
105288.357934,0.015902
105288.360435,0.000000
105288.362936,0.017045
105288.365437,0.000000
105288.367939,0.020549
105288.370440,0.000000
105288.372941,0.010564
105288.375442,0.000613
105288.377943,0.000000
105288.380444,0.000000
105288.382945,0.000000
105288.385446,0.014257
105288.387947,0.000000
105288.390448,0.004797
105288.392949,0.003546
105288.395450,0.000000
105288.397951,0.000000
105288.400452,0.000000
105288.402953,0.000757
105288.405454,0.021062
105288.407955,0.015440
105288.410456,0.000000
105288.412957,0.000000
105288.415458,0.000000
105288.417959,0.000000
105288.420460,0.000000
105288.422961,0.000000
105288.425462,0.000025
105288.427963,0.000000
105288.430464,0.000000
105288.432965,0.000000
105288.435467,0.000000
105288.437968,0.020625
105288.440469,0.007438
105288.442970,0.007632
105288.445471,0.014535
105288.447972,0.013265
105288.450473,0.020465
105288.452974,0.008452
105288.455475,0.002947
105288.457976,0.000000
105288.460477,0.000000
105288.462978,0.012672
105288.465479,0.000000
105288.467980,0.000000
105288.470481,0.000000
105288.472982,0.030848
105288.475483,0.000000
105288.477984,0.000000
105288.480485,0.017640
105288.482986,0.000000
105288.485487,0.007633
105288.487988,0.026170
105288.490489,0.030362
105288.492990,0.000000
105288.495491,0.000000
105288.497992,0.000000
105288.500493,0.000000
105288.502995,0.018648
105288.505496,0.000000
105288.507997,0.009307
105288.510498,0.000000
105288.512999,0.019657
105288.515500,0.018894
105288.518001,0.000000
105288.520502,0.000000
105288.523003,0.012823
105288.525504,0.014124
105288.528005,0.000000
105288.530506,0.012777
105288.533007,0.023649
105288.535508,0.003671
105288.538009,0.013648
105288.540510,0.018367
105288.543011,0.003183
105288.545512,0.011695
105288.548013,0.000182
105288.550514,0.000000
105288.553015,0.000000
105288.555516,0.002485
105288.558017,0.027102
105288.560518,0.000000
105288.563019,0.008860
105288.565520,0.004610
105288.568021,0.021184
105288.570523,0.023885
105288.573024,0.000000
105288.575525,0.000000
105288.578026,0.000000
105288.580527,0.000000
105288.583028,0.000000
105288.585529,0.004985
105288.588030,0.000000
105288.590531,0.000000
105288.593032,0.000000
105288.595533,0.007076
105288.598034,0.000000
105288.600535,0.000000
105288.603036,0.000000
105288.605537,0.000000
105288.608038,0.023435
105288.610539,0.000000
105288.613040,0.038932
105288.615541,0.011100
105288.618042,0.026275
105288.620543,0.014270
105288.623044,0.002277
105288.625545,0.000000
105288.628046,0.000000
105288.630547,0.016082
105288.633048,0.003807
105288.635549,0.008855
105288.638051,0.011701
105288.640552,0.005113
105288.643053,0.000000
105288.645554,0.014546
105288.648055,0.000000
105288.650556,0.001301
105288.653057,0.010304
105288.655558,0.000000
105288.658059,0.000000
105288.660560,0.014947
105288.663061,0.018025
105288.665562,0.000000
105288.668063,0.000000
105288.670564,0.029070
105288.673065,0.003333
105288.675566,0.000051
105288.678067,0.000000
105288.680568,0.000000
105288.683069,0.000000
105288.685570,0.013996
105288.688071,0.000000
105288.690572,0.008766
105288.693073,0.025362
105288.695574,0.000000
105288.698075,0.004350
105288.700576,0.014427
105288.703077,0.000000
105288.705579,0.002557
105288.708080,0.026893
105288.710581,0.000000
105288.713082,0.015345
105288.715583,0.000000
105288.718084,0.025848
105288.720585,0.000000
105288.723086,0.000933
105288.725587,0.000000
105288.728088,0.000000
105288.730589,0.000000
105288.733090,0.000000
105288.735591,0.000000
105288.738092,0.000000
105288.740593,0.006614
105288.743094,0.000000
105288.745595,0.000000
105288.748096,0.036498
105288.750597,0.004729
105288.753098,0.000000
105288.755599,0.000000
105288.758100,0.003245
105288.760601,0.001446
105288.763102,0.000000
105288.765603,0.031504
105288.768104,0.037614
105288.770605,0.000000
105288.773107,0.012539
105288.775608,0.013260
105288.778109,0.015166
105288.780610,0.000000
105288.783111,0.027857
105288.785612,0.000000
105288.788113,0.006061
105288.790614,0.000029
105288.793115,0.000000
105288.795616,0.003999
105288.798117,0.000000
105288.800618,0.000000
105288.803119,0.000000
105288.805620,0.000000
105288.808121,0.007864
105288.810622,0.006231
105288.813123,0.000194
105288.815624,0.021281
105288.818125,0.000000
105288.820626,0.000000
105288.823127,0.000000
105288.825628,0.016819
105288.828129,0.000000
105288.830630,0.000000
105288.833131,0.008266
105288.835632,0.038096
105288.838133,0.017355
105288.840634,0.001905
105288.843136,0.007480
105288.845637,0.000000
105288.848138,0.000000
105288.850639,0.009350
105288.853140,0.002315
105288.855641,0.004147
105288.858142,0.000490
105288.860643,0.000000
105288.863144,0.001478
105288.865645,0.000000
105288.868146,0.000000
105288.870647,0.000000
105288.873148,0.000000
105288.875649,0.017177
105288.878150,0.000000
105288.880651,0.008558
105288.883152,0.001656
105288.885653,0.000000
105288.888154,0.000000
105288.890655,0.000000
105288.893156,0.002631
105288.895657,0.008333
105288.898158,0.001757
105288.900659,0.009329
105288.903160,0.000000
105288.905661,0.012448
105288.908162,0.000000
105288.910664,0.014127
105288.913165,0.007216
105288.915666,0.000000
105288.918167,0.010585
105288.920668,0.014293
105288.923169,0.018068
105288.925670,0.000000
105288.928171,0.002577
105288.930672,0.009975
105288.933173,0.010576
105288.935674,0.005882
105288.938175,0.000000
105288.940676,0.014190
105288.943177,0.014275
105288.945678,0.000000
105288.948179,0.000000
105288.950680,0.000000
105288.953181,0.019604
105288.955682,0.013655
105288.958183,0.000000
105288.960684,0.000000
105288.963185,0.000000
105288.965686,0.000000
105288.968187,0.000000
105288.970688,0.002284
105288.973189,0.017024
105288.975690,0.000000
105288.978192,0.003427
105288.980693,0.014332
105288.983194,0.003164
105288.985695,0.000000
105288.988196,0.000149
105288.990697,0.013749
105288.993198,0.003772
105288.995699,0.000000
105288.998200,0.016606
105289.000701,0.007396
105289.003202,0.000000
105289.005703,0.009069
105289.008204,0.013639
105289.010705,0.000000
105289.013206,0.000000
105289.015707,0.000000
105289.018208,0.000000
105289.020709,0.014504
105289.023210,0.000000
105289.025711,0.007973
105289.028212,0.000000
105289.030713,0.002590
105289.033214,0.000000
105289.035715,0.030143
105289.038216,0.000000
105289.040717,0.000000
105289.043218,0.000000
105289.045720,0.000000
105289.048221,0.000000
105289.050722,0.033047
105289.053223,0.000000
105289.055724,0.000000
105289.058225,0.000000
105289.060726,0.000000
105289.063227,0.015157
105289.065728,0.009195
105289.068229,0.013185
105289.070730,0.000000
105289.073231,0.016307
105289.075732,0.014649
105289.078233,0.000000
105289.080734,0.012856
105289.083235,0.003917
105289.085736,0.000000
105289.088237,0.000000
105289.090738,0.000000
105289.093239,0.001227
105289.095740,0.014667
105289.098241,0.000000
105289.100742,0.000000
105289.103243,0.000000
105289.105744,0.000000
105289.108245,0.000000
105289.110746,0.000979
105289.113248,0.007515
105289.115749,0.005003
105289.118250,0.002667
105289.120751,0.008930
105289.123252,0.034190
105289.125753,0.001952
105289.128254,0.014667
105289.130755,0.013849
105289.133256,0.025535
105289.135757,0.008051
105289.138258,0.000000
105289.140759,0.004379
105289.143260,0.003607
105289.145761,0.011709
105289.148262,0.000000
105289.150763,0.018189
105289.153264,0.000075
105289.155765,0.012056
105289.158266,0.004448
105289.160767,0.001761
105289.163268,0.003359
105289.165769,0.009652
105289.168270,0.028133
105289.170771,0.000000
105289.173272,0.007756
105289.175773,0.000632
105289.178274,0.000000
105289.180776,0.000000
105289.183277,0.008334
105289.185778,0.000000
105289.188279,0.000000
105289.190780,0.000610
105289.193281,0.000000
105289.195782,0.000000
105289.198283,0.001267
105289.200784,0.008332
105289.203285,0.000000
105289.205786,0.003759
105289.208287,0.001553
105289.210788,0.015017
105289.213289,0.000000
105289.215790,0.011507
105289.218291,0.000000
105289.220792,0.028258
105289.223293,0.000000
105289.225794,0.000000
105289.228295,0.000000
105289.230796,0.000000
105289.233297,0.000000
105289.235798,0.010451
105289.238299,0.000000
105289.240800,0.000000
105289.243301,0.000000
105289.245802,0.002042
105289.248304,0.000000
105289.250805,0.007869
105289.253306,0.009424
105289.255807,0.000000
105289.258308,0.002738
105289.260809,0.007412
105289.263310,0.013506
105289.265811,0.000000
105289.268312,0.000000
105289.270813,0.021583
105289.273314,0.000000
105289.275815,0.000000
105289.278316,0.009093
105289.280817,0.000000
105289.283318,0.000000
105289.285819,0.012809
105289.288320,0.000000
105289.290821,0.000000
105289.293322,0.000000
105289.295823,0.000000
105289.298324,0.017030
105289.300825,0.020182
105289.303326,0.003703
105289.305827,0.007644
105289.308328,0.007252
105289.310829,0.000000
105289.313330,0.003421
105289.315831,0.000000
105289.318333,0.000000
105289.320834,0.000000
105289.323335,0.000000
105289.325836,0.000000
105289.328337,0.000000
105289.330838,0.016465
105289.333339,0.022366
105289.335840,0.000000
105289.338341,0.008362
105289.340842,0.000000
105289.343343,0.000000
105289.345844,0.000000
105289.348345,0.000000
105289.350846,0.002025
105289.353347,0.000000
105289.355848,0.000000
105289.358349,0.000000
105289.360850,0.004939
105289.363351,0.000000
105289.365852,0.011520
105289.368353,0.000000
105289.370854,0.029691
105289.373355,0.000000
105289.375856,0.000000
105289.378357,0.000000
105289.380858,0.000000
105289.383359,0.008722
105289.385861,0.000000
105289.388362,0.014178
105289.390863,0.006671
105289.393364,0.000452
105289.395865,0.005357
105289.398366,0.017184
105289.400867,0.009432
105289.403368,0.004030
105289.405869,0.006072
105289.408370,0.000000
105289.410871,0.036939
105289.413372,0.007586
105289.415873,0.009019
105289.418374,0.000000
105289.420875,0.000000
105289.423376,0.000000
105289.425877,0.001091
105289.428378,0.000000
105289.430879,0.000000
105289.433380,0.000000
105289.435881,0.011082
105289.438382,0.018037
105289.440883,0.002456
105289.443384,0.000000
105289.445885,0.000000
105289.448386,0.001430
105289.450887,0.003132
105289.453389,0.006248
105289.455890,0.000000
105289.458391,0.007602
105289.460892,0.006467
105289.463393,0.000000
105289.465894,0.000000
105289.468395,0.000000
105289.470896,0.022516
105289.473397,0.000000
105289.475898,0.018924
105289.478399,0.000000
105289.480900,0.000000
105289.483401,0.000000
105289.485902,0.025600
105289.488403,0.000375
105289.490904,0.000000
105289.493405,0.000000
105289.495906,0.007497
105289.498407,0.000000
105289.500908,0.000000
105289.503409,0.000000
105289.505910,0.010340
105289.508411,0.010942
105289.510912,0.000000
105289.513413,0.000000
105289.515914,0.000000
105289.518415,0.002634
105289.520917,0.013023
105289.523418,0.002825
105289.525919,0.000000
105289.528420,0.010913
105289.530921,0.000000
105289.533422,0.000000
105289.535923,0.002850
105289.538424,0.000000
105289.540925,0.012536
105289.543426,0.000000
105289.545927,0.000000
105289.548428,0.000000
105289.550929,0.014033
105289.553430,0.009044
105289.555931,0.001252
105289.558432,0.019046
105289.560933,0.016444
105289.563434,0.011325
105289.565935,0.000000
105289.568436,0.011250
105289.570937,0.000000
105289.573438,0.000000
105289.575939,0.000000
105289.578440,0.000000
105289.580941,0.000000
105289.583442,0.002438
105289.585943,0.000000
105289.588445,0.003168
105289.590946,0.007947
105289.593447,0.000000
105289.595948,0.000000
105289.598449,0.000000
105289.600950,0.011069
105289.603451,0.001131
105289.605952,0.000000
105289.608453,0.016833
105289.610954,0.000000
105289.613455,0.000808
105289.615956,0.000000
105289.618457,0.009423
105289.620958,0.000000
105289.623459,0.011549
105289.625960,0.010954
105289.628461,0.000000
105289.630962,0.000953
105289.633463,0.000000
105289.635964,0.006142
105289.638465,0.011781
105289.640966,0.000000
105289.643467,0.000000
105289.645968,0.015749
105289.648469,0.027882
105289.650970,0.007102
105289.653471,0.008165
105289.655973,0.000000
105289.658474,0.002586
105289.660975,0.005038
105289.663476,0.000000
105289.665977,0.019389
105289.668478,0.002539
105289.670979,0.004389
105289.673480,0.000000
105289.675981,0.000000
105289.678482,0.017505
105289.680983,0.002096
105289.683484,0.002432
105289.685985,0.002617
105289.688486,0.000000
105289.690987,0.000000
105289.693488,0.022588
105289.695989,0.015344
105289.698490,0.017941
105289.700991,0.000000
105289.703492,0.020754
105289.705993,0.028251
105289.708494,0.015007
105289.710995,0.023669
105289.713496,0.011460
105289.715997,0.000000
105289.718498,0.007291
105289.720999,0.000000
105289.723501,0.000000
105289.726002,0.004543
105289.728503,0.002614
105289.731004,0.006651
105289.733505,0.000000
105289.736006,0.000000
105289.738507,0.007886
105289.741008,0.010749
105289.743509,0.011689
105289.746010,0.003609
105289.748511,0.000000
105289.751012,0.007203
105289.753513,0.000000
105289.756014,0.012942
105289.758515,0.006138
105289.761016,0.000000
105289.763517,0.000000
105289.766018,0.016080
105289.768519,0.008030
105289.771020,0.030206
105289.773521,0.007558
105289.776022,0.008761
105289.778523,0.000000
105289.781024,0.004460
105289.783525,0.000000
105289.786026,0.011870
105289.788527,0.004807
105289.791028,0.014152
105289.793530,0.030632
105289.796031,0.000000
105289.798532,0.013598
105289.801033,0.009819
105289.803534,0.028430
105289.806035,0.010132
105289.808536,0.008638
105289.811037,0.012230
105289.813538,0.013233
105289.816039,0.020890
105289.818540,0.000000
105289.821041,0.000000
105289.823542,0.024925
105289.826043,0.000000
105289.828544,0.000000
105289.831045,0.002148
105289.833546,0.000000
105289.836047,0.022708
105289.838548,0.006836
105289.841049,0.000000
105289.843550,0.000000
105289.846051,0.004048
105289.848552,0.016747
105289.851053,0.001988
105289.853554,0.000000
105289.856055,0.000000
105289.858556,0.005373
105289.861058,0.004576
105289.863559,0.000000
105289.866060,0.014743
105289.868561,0.024505
105289.871062,0.000704
105289.873563,0.004340
105289.876064,0.000000
105289.878565,0.010589
105289.881066,0.006667
105289.883567,0.000000
105289.886068,0.000000
105289.888569,0.026538
105289.891070,0.005498
105289.893571,0.000000
105289.896072,0.012289
105289.898573,0.003299
105289.901074,0.000846
105289.903575,0.014056
105289.906076,0.000000
105289.908577,0.000000
105289.911078,0.019810
105289.913579,0.000000
105289.916080,0.000000
105289.918581,0.000000
105289.921082,0.002784
105289.923583,0.004557
105289.926084,0.020695
105289.928586,0.005350
105289.931087,0.000000
105289.933588,0.005827
105289.936089,0.015936
105289.938590,0.012801
105289.941091,0.008926
105289.943592,0.003944
105289.946093,0.000000
105289.948594,0.000000
105289.951095,0.000000
105289.953596,0.005659
105289.956097,0.007157
105289.958598,0.015718
105289.961099,0.008068
105289.963600,0.015094
105289.966101,0.000000
105289.968602,0.011072
105289.971103,0.000000
105289.973604,0.000000
105289.976105,0.000000
105289.978606,0.000454
105289.981107,0.017592
105289.983608,0.001008
105289.986109,0.010368
105289.988610,0.003924
105289.991111,0.000000
105289.993612,0.000000
105289.996114,0.016944
105289.998615,0.010294
105290.001116,0.000000
105290.003617,0.000000
105290.006118,0.002971
105290.008619,0.000000
105290.011120,0.000000
105290.013621,0.000000
105290.016122,0.014949
105290.018623,0.000000
105290.021124,0.000785
105290.023625,0.000000
105290.026126,0.000000
105290.028627,0.001777
105290.031128,0.000000
105290.033629,0.000000
105290.036130,0.032951
105290.038631,0.033488
105290.041132,0.188974
105290.043633,0.407328
105290.046134,0.684031
105290.048635,0.743814
105290.051136,0.577341
105290.053637,0.329246
105290.056138,0.136826
105290.058639,0.076819
105290.061140,0.000000
105290.063642,0.000000
105290.066143,0.018849
105290.068644,0.000000
105290.071145,0.000139
105290.073646,0.000000
105290.076147,0.000000
105290.078648,0.000000
105290.081149,0.000000
105290.083650,0.015183
105290.086151,0.019079
105290.088652,0.006123
105290.091153,0.000000
105290.093654,0.003713
105290.096155,0.011563
105290.098656,0.014388
105290.101157,0.005315
105290.103658,0.021943
105290.106159,0.000000
105290.108660,0.016374
105290.111161,0.010117
105290.113662,0.000000
105290.116163,0.003342
105290.118664,0.004330
105290.121165,0.000000
105290.123666,0.000000
105290.126167,0.000000
105290.128668,0.000000
105290.131170,0.000000
105290.133671,0.000000
105290.136172,0.000000
105290.138673,0.015241
105290.141174,0.000000
105290.143675,0.031122
105290.146176,0.003199
105290.148677,0.014940
105290.151178,0.000000
105290.153679,0.000000
105290.156180,0.003775
105290.158681,0.018608
105290.161182,0.000000
105290.163683,0.006417
105290.166184,0.003699
105290.168685,0.000000
105290.171186,0.000000
105290.173687,0.000000
105290.176188,0.000000
105290.178689,0.009384
105290.181190,0.004247
105290.183691,0.002645
105290.186192,0.010414
105290.188693,0.002800
105290.191194,0.000200
105290.193695,0.010560
105290.196196,0.001962
105290.198698,0.000000
105290.201199,0.006726
105290.203700,0.000000
105290.206201,0.000000
105290.208702,0.002232
105290.211203,0.002400
105290.213704,0.000000
105290.216205,0.004786
105290.218706,0.026522
105290.221207,0.000000
105290.223708,0.000000
105290.226209,0.039931
105290.228710,0.000000
105290.231211,0.018477
105290.233712,0.000000
105290.236213,0.000864
105290.238714,0.000000
105290.241215,0.006115
105290.243716,0.000000
105290.246217,0.002675
105290.248718,0.000000
105290.251219,0.000000
105290.253720,0.016100
105290.256221,0.000000
105290.258722,0.030859
105290.261223,0.008862
105290.263724,0.000000
105290.266225,0.019220
105290.268727,0.000000
105290.271228,0.000000
105290.273729,0.000000
105290.276230,0.000000
105290.278731,0.000000
105290.281232,0.011751
105290.283733,0.016765
105290.286234,0.000000
105290.288735,0.003886
105290.291236,0.000000
105290.293737,0.003941
105290.296238,0.031055
105290.298739,0.000000
105290.301240,0.000000
105290.303741,0.010446
105290.306242,0.012140
105290.308743,0.000000
105290.311244,0.021166
105290.313745,0.000000
105290.316246,0.024037
105290.318747,0.006731
105290.321248,0.018259
105290.323749,0.005326
105290.326250,0.009436
105290.328751,0.010200
105290.331252,0.016443
105290.333753,0.000000
105290.336255,0.000000
105290.338756,0.000000
105290.341257,0.000000
105290.343758,0.000000
105290.346259,0.023768
105290.348760,0.008945
105290.351261,0.008284
105290.353762,0.015407
105290.356263,0.008870
105290.358764,0.026818
105290.361265,0.000000
105290.363766,0.000000
105290.366267,0.000000
105290.368768,0.000000
105290.371269,0.001622
105290.373770,0.002297
105290.376271,0.028373
105290.378772,0.012982
105290.381273,0.000000
105290.383774,0.007101
105290.386275,0.000000
105290.388776,0.002043
105290.391277,0.001275
105290.393778,0.000000
105290.396279,0.000000
105290.398780,0.000000
105290.401281,0.000000
105290.403783,0.009688
105290.406284,0.014851
105290.408785,0.007325
105290.411286,0.000000
105290.413787,0.000000
105290.416288,0.000000
105290.418789,0.000000
105290.421290,0.000000
105290.423791,0.015137
105290.426292,0.000000
105290.428793,0.010986
105290.431294,0.000000
105290.433795,0.000000
105290.436296,0.012344
105290.438797,0.012547
105290.441298,0.000000
105290.443799,0.004353
105290.446300,0.004730
105290.448801,0.000000
105290.451302,0.005128
105290.453803,0.000000
105290.456304,0.000000
105290.458805,0.008603
105290.461306,0.000424
105290.463807,0.001169
105290.466308,0.000000
105290.468809,0.007712
105290.471311,0.008404
105290.473812,0.011369
105290.476313,0.001805
105290.478814,0.000000
105290.481315,0.000000
105290.483816,0.000000
105290.486317,0.000000
105290.488818,0.000000
105290.491319,0.023004
105290.493820,0.000000
105290.496321,0.014900
105290.498822,0.000000
105290.501323,0.000000
105290.503824,0.005762
105290.506325,0.000000
105290.508826,0.000000
105290.511327,0.000000
105290.513828,0.000000
105290.516329,0.000000
105290.518830,0.018919
105290.521331,0.000000
105290.523832,0.000000
105290.526333,0.000000
105290.528834,0.011598
105290.531335,0.023416
105290.533836,0.000000
105290.536337,0.000000
105290.538839,0.000000
105290.541340,0.005962
105290.543841,0.000000
105290.546342,0.000000
105290.548843,0.000000
105290.551344,0.000658
105290.553845,0.000000
105290.556346,0.000000
105290.558847,0.004866
105290.561348,0.000000
105290.563849,0.000000
105290.566350,0.000000
105290.568851,0.009195
105290.571352,0.000000
105290.573853,0.023218
105290.576354,0.000000
105290.578855,0.010948
105290.581356,0.000000
105290.583857,0.000000
105290.586358,0.000000
105290.588859,0.000000
105290.591360,0.010481
105290.593861,0.000000
105290.596362,0.020124
105290.598863,0.000000
105290.601364,0.003492
105290.603865,0.000000
105290.606367,0.000000
105290.608868,0.000000
105290.611369,0.000000
105290.613870,0.005565
105290.616371,0.000000
105290.618872,0.000000
105290.621373,0.040559
105290.623874,0.000000
105290.626375,0.004507
105290.628876,0.000000
105290.631377,0.016627
105290.633878,0.003425
105290.636379,0.000000
105290.638880,0.032929
105290.641381,0.000000
105290.643882,0.000000
105290.646383,0.013164
105290.648884,0.000000
105290.651385,0.010997
105290.653886,0.000000
105290.656387,0.014410
105290.658888,0.014033
105290.661389,0.000000
105290.663890,0.000000
105290.666391,0.000000
105290.668892,0.000000
105290.671393,0.012759
105290.673895,0.004605
105290.676396,0.007726
105290.678897,0.005018
105290.681398,0.012155
105290.683899,0.000000
105290.686400,0.002368
105290.688901,0.000408
105290.691402,0.000000
105290.693903,0.014532
105290.696404,0.014229
105290.698905,0.017319
105290.701406,0.000000
105290.703907,0.005039
105290.706408,0.015690
105290.708909,0.021587
105290.711410,0.000000
105290.713911,0.000000
105290.716412,0.000000
105290.718913,0.022850
105290.721414,0.000000
105290.723915,0.000000
105290.726416,0.020583
105290.728917,0.000000
105290.731418,0.000000
105290.733919,0.021718
105290.736420,0.000000
105290.738921,0.014680
105290.741422,0.000000
105290.743924,0.000000
105290.746425,0.002875
105290.748926,0.000000
105290.751427,0.003912
105290.753928,0.025884
105290.756429,0.000000
105290.758930,0.023381
105290.761431,0.004658
105290.763932,0.013730
105290.766433,0.000000
105290.768934,0.009140
105290.771435,0.006934
105290.773936,0.000000
105290.776437,0.027227
105290.778938,0.000000
105290.781439,0.000000
105290.783940,0.011232
105290.786441,0.000000
105290.788942,0.001100
105290.791443,0.019245
105290.793944,0.007160
105290.796445,0.000000
105290.798946,0.000000
105290.801447,0.018175
105290.803948,0.000000
105290.806449,0.011133
105290.808950,0.031508
105290.811452,0.007806
105290.813953,0.000000
105290.816454,0.000000
105290.818955,0.000000
105290.821456,0.000000
105290.823957,0.001692
105290.826458,0.009760
105290.828959,0.023136
105290.831460,0.000000
105290.833961,0.000000
105290.836462,0.023414
105290.838963,0.000821
105290.841464,0.001573
105290.843965,0.007200
105290.846466,0.000000
105290.848967,0.028370
105290.851468,0.007064
105290.853969,0.000000
105290.856470,0.000000
105290.858971,0.000000
105290.861472,0.000000
105290.863973,0.024267
105290.866474,0.001780
105290.868975,0.000000
105290.871476,0.005820
105290.873977,0.020670
105290.876478,0.015237
105290.878980,0.000000
105290.881481,0.000000
105290.883982,0.020501
105290.886483,0.000000
105290.888984,0.005328
105290.891485,0.000000
105290.893986,0.018869
105290.896487,0.000000
105290.898988,0.000000
105290.901489,0.008863
105290.903990,0.011426
105290.906491,0.019529
105290.908992,0.006793
105290.911493,0.005020
105290.913994,0.015069
105290.916495,0.000000
105290.918996,0.000000
105290.921497,0.000000
105290.923998,0.000000
105290.926499,0.012096
105290.929000,0.020535
105290.931501,0.007986
105290.934002,0.005459
105290.936503,0.001220
105290.939004,0.000792
105290.941505,0.024349
105290.944006,0.022252
105290.946508,0.000000
105290.949009,0.015926
105290.951510,0.017659
105290.954011,0.009342
105290.956512,0.005567
105290.959013,0.005074
105290.961514,0.000000
105290.964015,0.000000
105290.966516,0.011251
105290.969017,0.000000
105290.971518,0.000000
105290.974019,0.000000
105290.976520,0.000000
105290.979021,0.005377
105290.981522,0.006534
105290.984023,0.012218
105290.986524,0.000000
105290.989025,0.001541
105290.991526,0.012149
105290.994027,0.006664
105290.996528,0.000000
105290.999029,0.004304
105291.001530,0.000000
105291.004031,0.000002
105291.006532,0.000000
105291.009033,0.021812
105291.011534,0.000000
105291.014036,0.001676
105291.016537,0.000000
105291.019038,0.000000
105291.021539,0.005420
105291.024040,0.000000
105291.026541,0.026601
105291.029042,0.000000
105291.031543,0.009066
105291.034044,0.000000
105291.036545,0.000000
105291.039046,0.004340
105291.041547,0.014331
105291.044048,0.003807
105291.046549,0.014383
105291.049050,0.000666
105291.051551,0.000000
105291.054052,0.000000
105291.056553,0.016560
105291.059054,0.000000
105291.061555,0.000000
105291.064056,0.008898
105291.066557,0.004835
105291.069058,0.000000
105291.071559,0.000000
105291.074060,0.000000
105291.076561,0.000092
105291.079062,0.009287
105291.081564,0.000000
105291.084065,0.010029
105291.086566,0.000000
105291.089067,0.023934
105291.091568,0.024244
105291.094069,0.000000
105291.096570,0.000000
105291.099071,0.014051
105291.101572,0.003704
105291.104073,0.007924
105291.106574,0.000000
105291.109075,0.000000
105291.111576,0.000000
105291.114077,0.004369
105291.116578,0.000000
105291.119079,0.000000
105291.121580,0.000000
105291.124081,0.000000
105291.126582,0.000000
105291.129083,0.007289
105291.131584,0.008479
105291.134085,0.010929
105291.136586,0.000000
105291.139087,0.018157
105291.141588,0.000000
105291.144089,0.000000
105291.146590,0.003860
105291.149092,0.000000
105291.151593,0.005197
105291.154094,0.007862
105291.156595,0.000000
105291.159096,0.000000
105291.161597,0.000000
105291.164098,0.013764
105291.166599,0.000000
105291.169100,0.000000
105291.171601,0.000000
105291.174102,0.000000
105291.176603,0.000000
105291.179104,0.000000
105291.181605,0.022889
105291.184106,0.009924
105291.186607,0.018347
105291.189108,0.000000
105291.191609,0.000000
105291.194110,0.004544
105291.196611,0.026624
105291.199112,0.000000
105291.201613,0.001462
105291.204114,0.000000
105291.206615,0.000405
105291.209116,0.000000
105291.211617,0.000000
105291.214118,0.000000
105291.216619,0.000000
105291.219121,0.000000
105291.221622,0.000000
105291.224123,0.007308
105291.226624,0.000000
105291.229125,0.016496
105291.231626,0.000000
105291.234127,0.004686
105291.236628,0.007146
105291.239129,0.022032
105291.241630,0.000000
105291.244131,0.006354
105291.246632,0.000000
105291.249133,0.024735
105291.251634,0.000000
105291.254135,0.005511
105291.256636,0.022399
105291.259137,0.000000
105291.261638,0.008548
105291.264139,0.000000
105291.266640,0.033444
105291.269141,0.000000
105291.271642,0.000000
105291.274143,0.000000
105291.276644,0.000000
105291.279145,0.007482
105291.281646,0.025850
105291.284147,0.016592
105291.286649,0.003360
105291.289150,0.000138
105291.291651,0.000000
105291.294152,0.005617
105291.296653,0.000000
105291.299154,0.002721
105291.301655,0.000000
105291.304156,0.000000
105291.306657,0.000366
105291.309158,0.000048
105291.311659,0.000000
105291.314160,0.000000
105291.316661,0.008021
105291.319162,0.006535
105291.321663,0.026954
105291.324164,0.019835
105291.326665,0.000000
105291.329166,0.000000
105291.331667,0.000000
105291.334168,0.000000
105291.336669,0.031535
105291.339170,0.021262
105291.341671,0.000000
105291.344172,0.017859
105291.346673,0.019990
105291.349174,0.000000
105291.351675,0.012218
105291.354177,0.000000
105291.356678,0.005503
105291.359179,0.043232
105291.361680,0.022771
105291.364181,0.000000
105291.366682,0.020420
105291.369183,0.000000
105291.371684,0.007233
105291.374185,0.007576
105291.376686,0.010136
105291.379187,0.000000
105291.381688,0.005486
105291.384189,0.012295
105291.386690,0.000000
105291.389191,0.000000
105291.391692,0.000000
105291.394193,0.009511
105291.396694,0.019791
105291.399195,0.000000
105291.401696,0.000000
105291.404197,0.001683
105291.406698,0.000000
105291.409199,0.000000
105291.411700,0.000000
105291.414201,0.008332
105291.416702,0.004527
105291.419203,0.002318
105291.421705,0.023511
105291.424206,0.003874
105291.426707,0.000000
105291.429208,0.000000
105291.431709,0.000000
105291.434210,0.000000
105291.436711,0.000000
105291.439212,0.016292
105291.441713,0.000000
105291.444214,0.004538
105291.446715,0.000000
105291.449216,0.000000
105291.451717,0.016573
105291.454218,0.002537
105291.456719,0.000000
105291.459220,0.000000
105291.461721,0.012352
105291.464222,0.006940
105291.466723,0.013249
105291.469224,0.000000
105291.471725,0.000000
105291.474226,0.007277
105291.476727,0.003631
105291.479228,0.004008
105291.481729,0.000000
105291.484230,0.000000
105291.486731,0.000000
105291.489233,0.005736
105291.491734,0.006231
105291.494235,0.000000
105291.496736,0.013898
105291.499237,0.021412
105291.501738,0.005071
105291.504239,0.009639
105291.506740,0.000000
105291.509241,0.000000
105291.511742,0.014503
105291.514243,0.000000
105291.516744,0.010012
105291.519245,0.024698
105291.521746,0.009386
105291.524247,0.000000
105291.526748,0.000000
105291.529249,0.002346
105291.531750,0.014494
105291.534251,0.000000
105291.536752,0.014672
105291.539253,0.005243
105291.541754,0.004185
105291.544255,0.000000
105291.546756,0.000000
105291.549257,0.000000
105291.551758,0.000000
105291.554259,0.008265
105291.556761,0.000000
105291.559262,0.015558
105291.561763,0.004041
105291.564264,0.000000
105291.566765,0.000000
105291.569266,0.000000
105291.571767,0.002309
105291.574268,0.000000
105291.576769,0.000000
105291.579270,0.014460
105291.581771,0.002188
105291.584272,0.003946
105291.586773,0.000000
105291.589274,0.000000
105291.591775,0.000000
105291.594276,0.000000
105291.596777,0.011201
105291.599278,0.000000
105291.601779,0.000000
105291.604280,0.006132
105291.606781,0.000000
105291.609282,0.000000
105291.611783,0.021627
105291.614284,0.000000
105291.616785,0.000000
105291.619286,0.012562
105291.621787,0.000000
105291.624289,0.017994
105291.626790,0.005413
105291.629291,0.004065
105291.631792,0.000000
105291.634293,0.000000
105291.636794,0.000000
105291.639295,0.000000
105291.641796,0.017346
105291.644297,0.000000
105291.646798,0.007273
105291.649299,0.014438
105291.651800,0.000000
105291.654301,0.005409
105291.656802,0.000000
105291.659303,0.000000
105291.661804,0.000000
105291.664305,0.000000
105291.666806,0.002266
105291.669307,0.000000
105291.671808,0.013347
105291.674309,0.000000
105291.676810,0.000000
105291.679311,0.000000
105291.681812,0.000000
105291.684313,0.005107
105291.686814,0.001218
105291.689315,0.000000
105291.691816,0.014171
105291.694318,0.000000
105291.696819,0.003468
105291.699320,0.031631
105291.701821,0.018478
105291.704322,0.003024
105291.706823,0.000000
105291.709324,0.000000
105291.711825,0.016691
105291.714326,0.000000
105291.716827,0.000000
105291.719328,0.000000
105291.721829,0.006404
105291.724330,0.016395
105291.726831,0.021884
105291.729332,0.000000
105291.731833,0.009263
105291.734334,0.000000
105291.736835,0.012644
105291.739336,0.000000
105291.741837,0.000000
105291.744338,0.018962
105291.746839,0.001415
105291.749340,0.000000
105291.751841,0.002554
105291.754342,0.000000
105291.756843,0.005964
105291.759344,0.000000
105291.761846,0.000000
105291.764347,0.034141
105291.766848,0.000000
105291.769349,0.005074
105291.771850,0.000816
105291.774351,0.000000
105291.776852,0.000000
105291.779353,0.000000
105291.781854,0.029682
105291.784355,0.000000
105291.786856,0.000000
105291.789357,0.027940
105291.791858,0.000000
105291.794359,0.018592
105291.796860,0.008511
105291.799361,0.000000
105291.801862,0.000000
105291.804363,0.006271
105291.806864,0.000511
105291.809365,0.000550
105291.811866,0.000000
105291.814367,0.000000
105291.816868,0.000000
105291.819369,0.028171
105291.821870,0.000000
105291.824371,0.000000
105291.826872,0.000414
105291.829374,0.000000
105291.831875,0.006204
105291.834376,0.000000
105291.836877,0.000000
105291.839378,0.000000
105291.841879,0.000000
105291.844380,0.018218
105291.846881,0.007492
105291.849382,0.013249
105291.851883,0.011940
105291.854384,0.000000
105291.856885,0.000000
105291.859386,0.014560
105291.861887,0.023534
105291.864388,0.000000
105291.866889,0.036196
105291.869390,0.000000
105291.871891,0.000000
105291.874392,0.001064
105291.876893,0.002383
105291.879394,0.028208
105291.881895,0.014535
105291.884396,0.005930
105291.886897,0.014873
105291.889398,0.004966
105291.891899,0.000000
105291.894400,0.006979
105291.896902,0.001028
105291.899403,0.000000
105291.901904,0.023405
105291.904405,0.029056
105291.906906,0.103395
105291.909407,0.324433
105291.911908,0.684593
105291.914409,0.972642
105291.916910,0.964487
105291.919411,0.683893
105291.921912,0.326621
105291.924413,0.120824
105291.926914,0.025097
105291.929415,0.002467
105291.931916,0.000000
105291.934417,0.000000
105291.936918,0.010800
105291.939419,0.000000
105291.941920,0.000000
105291.944421,0.000000
105291.946922,0.012689
105291.949423,0.004872
105291.951924,0.000000
105291.954425,0.008579
105291.956926,0.000000
105291.959427,0.000000
105291.961928,0.000000
105291.964430,0.000000
105291.966931,0.002488
105291.969432,0.000000
105291.971933,0.000000
105291.974434,0.000000
105291.976935,0.011059
105291.979436,0.000571
105291.981937,0.010141
105291.984438,0.000000
105291.986939,0.000000
105291.989440,0.007617
105291.991941,0.017844
105291.994442,0.000000
105291.996943,0.000000
105291.999444,0.007258
105292.001945,0.023148
105292.004446,0.004106
105292.006947,0.000000
105292.009448,0.000000
105292.011949,0.001937
105292.014450,0.005136
105292.016951,0.000000
105292.019452,0.000000
105292.021953,0.015820
105292.024454,0.000000
105292.026955,0.007569
105292.029456,0.000000
105292.031958,0.017253
105292.034459,0.000000
105292.036960,0.019314
105292.039461,0.008801
105292.041962,0.000000
105292.044463,0.003527
105292.046964,0.023794
105292.049465,0.000000
105292.051966,0.023819
105292.054467,0.005540
105292.056968,0.019252
105292.059469,0.002291
105292.061970,0.000000
105292.064471,0.026388
105292.066972,0.010362
105292.069473,0.000000
105292.071974,0.006089
105292.074475,0.000000
105292.076976,0.001550
105292.079477,0.017173
105292.081978,0.000000
105292.084479,0.000000
105292.086980,0.000000
105292.089481,0.001057
105292.091982,0.000000
105292.094483,0.000000
105292.096984,0.000000
105292.099486,0.016879
105292.101987,0.000000
105292.104488,0.000830
105292.106989,0.000000
105292.109490,0.000000
105292.111991,0.000000
105292.114492,0.000000
105292.116993,0.000000
105292.119494,0.015652
105292.121995,0.000000
105292.124496,0.002903
105292.126997,0.013133
105292.129498,0.012033
105292.131999,0.000000
105292.134500,0.008682
105292.137001,0.008535
105292.139502,0.004539
105292.142003,0.015241
105292.144504,0.011484
105292.147005,0.010448
105292.149506,0.019610
105292.152007,0.000412
105292.154508,0.000830
105292.157009,0.011767
105292.159510,0.000000
105292.162011,0.006918
105292.164512,0.000000
105292.167013,0.000000
105292.169515,0.008588
105292.172016,0.000000
105292.174517,0.000000
105292.177018,0.011778
105292.179519,0.011947
105292.182020,0.016881
105292.184521,0.000000
105292.187022,0.004252
105292.189523,0.000000
105292.192024,0.014194
105292.194525,0.021206
105292.197026,0.000000
105292.199527,0.000228
105292.202028,0.011960
105292.204529,0.000000
105292.207030,0.025074
105292.209531,0.000000
105292.212032,0.000000
105292.214533,0.000000
105292.217034,0.002211
105292.219535,0.000000
105292.222036,0.000000
105292.224537,0.018227
105292.227038,0.000000
105292.229539,0.000000
105292.232040,0.016033
105292.234541,0.017979
105292.237043,0.000000
105292.239544,0.024888
105292.242045,0.006212
105292.244546,0.015064
105292.247047,0.000000
105292.249548,0.021388
105292.252049,0.000000
105292.254550,0.000000
105292.257051,0.006929
105292.259552,0.000000
105292.262053,0.000000
105292.264554,0.001893
105292.267055,0.000000
105292.269556,0.000000
105292.272057,0.017818
105292.274558,0.034362
105292.277059,0.000000
105292.279560,0.002836
105292.282061,0.000000
105292.284562,0.032869
105292.287063,0.007063
105292.289564,0.013314
105292.292065,0.016975
105292.294566,0.001869
105292.297067,0.000000
105292.299568,0.021817
105292.302069,0.011173
105292.304571,0.000000
105292.307072,0.000000
105292.309573,0.000000
105292.312074,0.016650
105292.314575,0.021164
105292.317076,0.030906
105292.319577,0.000000
105292.322078,0.002014
105292.324579,0.000000
105292.327080,0.000000
105292.329581,0.013356
105292.332082,0.000000
105292.334583,0.018900
105292.337084,0.000000
105292.339585,0.010649
105292.342086,0.000000
105292.344587,0.000000
105292.347088,0.000000
105292.349589,0.001783
105292.352090,0.027599
105292.354591,0.000000
105292.357092,0.000000
105292.359593,0.007033
105292.362094,0.000000
105292.364595,0.000000
105292.367096,0.001036
105292.369597,0.000000
105292.372099,0.000000
105292.374600,0.000000
105292.377101,0.008832
105292.379602,0.009279
105292.382103,0.019193
105292.384604,0.018034
105292.387105,0.000000
105292.389606,0.000000
105292.392107,0.000000
105292.394608,0.000000
105292.397109,0.000000
105292.399610,0.000000
105292.402111,0.000000
105292.404612,0.011267
105292.407113,0.000000
105292.409614,0.000000
105292.412115,0.007472
105292.414616,0.010375
105292.417117,0.000000
105292.419618,0.012482
105292.422119,0.011445
105292.424620,0.027278
105292.427121,0.010527
105292.429622,0.024521
105292.432123,0.000890
105292.434624,0.020104
105292.437125,0.020407
105292.439627,0.000000
105292.442128,0.000000
105292.444629,0.000000
105292.447130,0.005963
105292.449631,0.000000
105292.452132,0.000000
105292.454633,0.017196
105292.457134,0.009578
105292.459635,0.000000
105292.462136,0.000000
105292.464637,0.031009
105292.467138,0.016943
105292.469639,0.000000
105292.472140,0.000000
105292.474641,0.000000
105292.477142,0.007313
105292.479643,0.028396
105292.482144,0.027481
105292.484645,0.000000
105292.487146,0.000000
105292.489647,0.000000
105292.492148,0.001967
105292.494649,0.000000
105292.497150,0.000000
105292.499651,0.000000
105292.502152,0.007521
105292.504653,0.000000
105292.507155,0.000000
105292.509656,0.007339
105292.512157,0.023592
105292.514658,0.030390
105292.517159,0.006550
105292.519660,0.000000
105292.522161,0.018906
105292.524662,0.016765
105292.527163,0.012666
105292.529664,0.000000
105292.532165,0.017354
105292.534666,0.005145
105292.537167,0.000000
105292.539668,0.000000
105292.542169,0.008360
105292.544670,0.000000
105292.547171,0.000000
105292.549672,0.000000
105292.552173,0.000000
105292.554674,0.000000
105292.557175,0.000000
105292.559676,0.015117
105292.562177,0.000000
105292.564678,0.002432
105292.567179,0.000000
105292.569680,0.028491
105292.572181,0.000326
105292.574683,0.000000
105292.577184,0.007854
105292.579685,0.000000
105292.582186,0.014146
105292.584687,0.008873
105292.587188,0.021152
105292.589689,0.002686
105292.592190,0.011766
105292.594691,0.000614
105292.597192,0.000000
105292.599693,0.015308
105292.602194,0.000000
105292.604695,0.000000
105292.607196,0.000000
105292.609697,0.012095
105292.612198,0.000000
105292.614699,0.000000
105292.617200,0.000631
105292.619701,0.021369
105292.622202,0.000000
105292.624703,0.000000
105292.627204,0.000000
105292.629705,0.000000
105292.632206,0.005932
105292.634707,0.000461
105292.637208,0.000691
105292.639709,0.025010
105292.642210,0.000000
105292.644712,0.033292
105292.647213,0.016924
105292.649714,0.000000
105292.652215,0.005619
105292.654716,0.000000
105292.657217,0.004585
105292.659718,0.030879
105292.662219,0.000000
105292.664720,0.000000
105292.667221,0.000000
105292.669722,0.000000
105292.672223,0.000000
105292.674724,0.000000
105292.677225,0.000000
105292.679726,0.000779
105292.682227,0.000000
105292.684728,0.000000
105292.687229,0.000000
105292.689730,0.000000
105292.692231,0.027255
105292.694732,0.000385
105292.697233,0.013438
105292.699734,0.000000
105292.702235,0.018646
105292.704736,0.000000
105292.707237,0.007253
105292.709738,0.012071
105292.712240,0.009963
105292.714741,0.031085
105292.717242,0.000000
105292.719743,0.020307
105292.722244,0.016599
105292.724745,0.000711
105292.727246,0.026418
105292.729747,0.000000
105292.732248,0.000321
105292.734749,0.000000
105292.737250,0.000000
105292.739751,0.010938
105292.742252,0.008696
105292.744753,0.000000
105292.747254,0.025316
105292.749755,0.000000
105292.752256,0.000000
105292.754757,0.027322
105292.757258,0.014523
105292.759759,0.008992
105292.762260,0.000000
105292.764761,0.004914
105292.767262,0.000000
105292.769763,0.000000
105292.772264,0.000000
105292.774765,0.003762
105292.777266,0.013264
105292.779768,0.000000
105292.782269,0.010412
105292.784770,0.002869
105292.787271,0.009823
105292.789772,0.000000
105292.792273,0.010112
105292.794774,0.000000
105292.797275,0.000000
105292.799776,0.000000
105292.802277,0.000000
105292.804778,0.000000
105292.807279,0.022269
105292.809780,0.000000
105292.812281,0.013204
105292.814782,0.011305
105292.817283,0.000092
105292.819784,0.050797
105292.822285,0.042051
105292.824786,0.019992
105292.827287,0.000000
105292.829788,0.020582
105292.832289,0.000000
105292.834790,0.020062
105292.837291,0.000000
105292.839792,0.000000
105292.842293,0.017367
105292.844794,0.005533
105292.847296,0.000000
105292.849797,0.002446
105292.852298,0.005539
105292.854799,0.002941
105292.857300,0.000000
105292.859801,0.012282
105292.862302,0.016445
105292.864803,0.000000
105292.867304,0.021828
105292.869805,0.000000
105292.872306,0.000000
105292.874807,0.019490
105292.877308,0.018966
105292.879809,0.000000
105292.882310,0.000000
105292.884811,0.025343
105292.887312,0.000000
105292.889813,0.000047
105292.892314,0.000000
105292.894815,0.018983
105292.897316,0.030798
105292.899817,0.001005
105292.902318,0.034727
105292.904819,0.000000
105292.907320,0.000000
105292.909821,0.009668
105292.912322,0.000000
105292.914824,0.009483
105292.917325,0.000000
105292.919826,0.000000
105292.922327,0.000000
105292.924828,0.000000
105292.927329,0.005998
105292.929830,0.000000
105292.932331,0.002565
105292.934832,0.002606
105292.937333,0.000000
105292.939834,0.000000
105292.942335,0.003451
105292.944836,0.000000
105292.947337,0.014101
105292.949838,0.000000
105292.952339,0.001637
105292.954840,0.000000
105292.957341,0.000000
105292.959842,0.000000
105292.962343,0.000000
105292.964844,0.000000
105292.967345,0.000000
105292.969846,0.021067
105292.972347,0.016937
105292.974848,0.011559
105292.977349,0.011275
105292.979850,0.001871
105292.982352,0.018741
105292.984853,0.000000
105292.987354,0.030442
105292.989855,0.000000
105292.992356,0.000000
105292.994857,0.000000
105292.997358,0.000000
105292.999859,0.000000
105293.002360,0.003075
105293.004861,0.012264
105293.007362,0.000490
105293.009863,0.000000
105293.012364,0.000000
105293.014865,0.012087
105293.017366,0.000000
105293.019867,0.000000
105293.022368,0.000000
105293.024869,0.000000
105293.027370,0.000000
105293.029871,0.000000
105293.032372,0.006842
105293.034873,0.000000
105293.037374,0.002654
105293.039875,0.006780
105293.042376,0.000000
105293.044877,0.027090
105293.047378,0.000000
105293.049880,0.007420
105293.052381,0.000000
105293.054882,0.001582
105293.057383,0.002108
105293.059884,0.023831
105293.062385,0.000000
105293.064886,0.018665
105293.067387,0.004172
105293.069888,0.026603
105293.072389,0.000000
105293.074890,0.006926
105293.077391,0.000000
105293.079892,0.000000
105293.082393,0.014665
105293.084894,0.020764
105293.087395,0.010609
105293.089896,0.000000
105293.092397,0.007830
105293.094898,0.036144
105293.097399,0.001083
105293.099900,0.013804
105293.102401,0.000000
105293.104902,0.015375
105293.107403,0.013014
105293.109904,0.000000
105293.112405,0.011165
105293.114906,0.011847
105293.117407,0.010628
105293.119909,0.000000
105293.122410,0.017654
105293.124911,0.000000
105293.127412,0.000140
105293.129913,0.001600
105293.132414,0.016825
105293.134915,0.000000
105293.137416,0.003463
105293.139917,0.000000
105293.142418,0.001572
105293.144919,0.005635
105293.147420,0.000000
105293.149921,0.018156
105293.152422,0.006145
105293.154923,0.000000
105293.157424,0.000000
105293.159925,0.021462
105293.162426,0.005973
105293.164927,0.000000
105293.167428,0.000000
105293.169929,0.008974
105293.172430,0.010698
105293.174931,0.005212
105293.177432,0.000000
105293.179933,0.011630
105293.182434,0.000000
105293.184935,0.000000
105293.187437,0.022789
105293.189938,0.007021
105293.192439,0.000000
105293.194940,0.001928
105293.197441,0.000392
105293.199942,0.000000
105293.202443,0.003355
105293.204944,0.000000
105293.207445,0.012549
105293.209946,0.000000
105293.212447,0.000000
105293.214948,0.000000
105293.217449,0.000000
105293.219950,0.000000
105293.222451,0.000000
105293.224952,0.014892
105293.227453,0.000000
105293.229954,0.010171
105293.232455,0.000122
105293.234956,0.000000
105293.237457,0.000000
105293.239958,0.000000
105293.242459,0.013297
105293.244960,0.010496
105293.247461,0.000000
105293.249962,0.000000
105293.252463,0.006781
105293.254965,0.000000
105293.257466,0.002067
105293.259967,0.000000
105293.262468,0.001321
105293.264969,0.000000
105293.267470,0.000000
105293.269971,0.023240
105293.272472,0.000000
105293.274973,0.000000
105293.277474,0.007680
105293.279975,0.000000
105293.282476,0.005228
105293.284977,0.000000
105293.287478,0.000000
105293.289979,0.000000
105293.292480,0.000000
105293.294981,0.020756
105293.297482,0.000000
105293.299983,0.000000
105293.302484,0.000000
105293.304985,0.000114
105293.307486,0.006696
105293.309987,0.005508
105293.312488,0.000000
105293.314989,0.000000
105293.317490,0.000000
105293.319991,0.018047
105293.322493,0.012625
105293.324994,0.000000
105293.327495,0.002331
105293.329996,0.000000
105293.332497,0.018538
105293.334998,0.000000
105293.337499,0.006281
105293.340000,0.000000
105293.342501,0.000000
105293.345002,0.017932
105293.347503,0.000000
105293.350004,0.010763
105293.352505,0.000000
105293.355006,0.000000
105293.357507,0.000000
105293.360008,0.013956
105293.362509,0.000000
105293.365010,0.008885
105293.367511,0.016434
105293.370012,0.000000
105293.372513,0.000000
105293.375014,0.000000
105293.377515,0.018286
105293.380016,0.000000
105293.382517,0.014578
105293.385018,0.000000
105293.387519,0.025225
105293.390021,0.032252
105293.392522,0.014815
105293.395023,0.000000
105293.397524,0.000000
105293.400025,0.000879
105293.402526,0.013023
105293.405027,0.007196
105293.407528,0.000000
105293.410029,0.000000
105293.412530,0.013355
105293.415031,0.026696
105293.417532,0.000000
105293.420033,0.011853
105293.422534,0.037387
105293.425035,0.000000
105293.427536,0.000000
105293.430037,0.008040
105293.432538,0.000000
105293.435039,0.019236
105293.437540,0.000000
105293.440041,0.000000
105293.442542,0.000000
105293.445043,0.000000
105293.447544,0.000000
105293.450045,0.004971
105293.452546,0.000000
105293.455047,0.014075
105293.457549,0.000000
105293.460050,0.025626
105293.462551,0.019689
105293.465052,0.007694
105293.467553,0.000000
105293.470054,0.000000
105293.472555,0.000000
105293.475056,0.000000
105293.477557,0.022648
105293.480058,0.000000
105293.482559,0.000000
105293.485060,0.000000
105293.487561,0.000000
105293.490062,0.007650
105293.492563,0.000000
105293.495064,0.001410
105293.497565,0.006084
105293.500066,0.000000
105293.502567,0.000000
105293.505068,0.000000
105293.507569,0.020698
105293.510070,0.017275
105293.512571,0.000000
105293.515072,0.020242
105293.517573,0.000000
105293.520074,0.000000
105293.522575,0.001350
105293.525077,0.012058
105293.527578,0.000000
105293.530079,0.000000
105293.532580,0.000000
105293.535081,0.005042
105293.537582,0.013406
105293.540083,0.014286
105293.542584,0.000000
105293.545085,0.000000
105293.547586,0.017889
105293.550087,0.003335
105293.552588,0.000490
105293.555089,0.000151
105293.557590,0.007777
105293.560091,0.004107
105293.562592,0.000000
105293.565093,0.012655
105293.567594,0.000000
105293.570095,0.018990
105293.572596,0.000000
105293.575097,0.007870
105293.577598,0.000000
105293.580099,0.000000
105293.582600,0.019500
105293.585101,0.010671
105293.587602,0.000000
105293.590103,0.025067
105293.592604,0.014073
105293.595106,0.000000
105293.597607,0.000000
105293.600108,0.001535
105293.602609,0.019872
105293.605110,0.008771
105293.607611,0.022608
105293.610112,0.000000
105293.612613,0.000000
105293.615114,0.000000
105293.617615,0.003465
105293.620116,0.011023
105293.622617,0.023447
105293.625118,0.026468
105293.627619,0.023938
105293.630120,0.009610
105293.632621,0.000000
105293.635122,0.003245
105293.637623,0.009411
105293.640124,0.001940
105293.642625,0.000000
105293.645126,0.000000
105293.647627,0.012468
105293.650128,0.000000
105293.652629,0.000347
105293.655130,0.000000
105293.657631,0.000000
105293.660132,0.000000
105293.662634,0.000000
105293.665135,0.000000
105293.667636,0.000000
105293.670137,0.000000
105293.672638,0.008879
105293.675139,0.016095
105293.677640,0.000000
105293.680141,0.023074
105293.682642,0.004208
105293.685143,0.000000
105293.687644,0.000000
105293.690145,0.000000
105293.692646,0.000000
105293.695147,0.024726
105293.697648,0.000000
105293.700149,0.007712
105293.702650,0.000000
105293.705151,0.000256
105293.707652,0.005286
105293.710153,0.000000
105293.712654,0.018939
105293.715155,0.000000
105293.717656,0.000000
105293.720157,0.006722
105293.722658,0.000000
105293.725159,0.002991
105293.727660,0.000000
105293.730162,0.010213
105293.732663,0.000000
105293.735164,0.000000
105293.737665,0.005205
105293.740166,0.000000
105293.742667,0.000000
105293.745168,0.002839
105293.747669,0.000000
105293.750170,0.004966
105293.752671,0.000000
105293.755172,0.000000
105293.757673,0.016951
105293.760174,0.012111
105293.762675,0.000000
105293.765176,0.006389
105293.767677,0.012666
105293.770178,0.007177
105293.772679,0.019593
105293.775180,0.136106
105293.777681,0.346738
105293.780182,0.600902
105293.782683,0.747262
105293.785184,0.672954
105293.787685,0.415404
105293.790186,0.201321
105293.792687,0.077975
105293.795188,0.000000
105293.797690,0.018079
105293.800191,0.032363
105293.802692,0.007567
105293.805193,0.014131
105293.807694,0.000000
105293.810195,0.000000
105293.812696,0.000000
105293.815197,0.000000
105293.817698,0.000000
105293.820199,0.000000
105293.822700,0.012013
105293.825201,0.000000
105293.827702,0.002573
105293.830203,0.002132
105293.832704,0.000000
105293.835205,0.007132
105293.837706,0.005784
105293.840207,0.000000
105293.842708,0.015238
105293.845209,0.008052
105293.847710,0.022601
105293.850211,0.000000
105293.852712,0.000000
105293.855213,0.000000
105293.857714,0.016925
105293.860215,0.000000
105293.862716,0.000000
105293.865218,0.028167
105293.867719,0.000000
105293.870220,0.005125
105293.872721,0.000000
105293.875222,0.000000
105293.877723,0.000000
105293.880224,0.000000
105293.882725,0.000000
105293.885226,0.007121
105293.887727,0.012244
105293.890228,0.000000
105293.892729,0.000000
105293.895230,0.007870
105293.897731,0.009081
105293.900232,0.000000
105293.902733,0.012558
105293.905234,0.000000
105293.907735,0.010731
105293.910236,0.000000
105293.912737,0.000000
105293.915238,0.000000
105293.917739,0.000000
105293.920240,0.000000
105293.922741,0.000000
105293.925242,0.024316
105293.927743,0.000000
105293.930244,0.000000
105293.932746,0.000000
105293.935247,0.000345
105293.937748,0.010213
105293.940249,0.012430
105293.942750,0.015463
105293.945251,0.006915
105293.947752,0.000000
105293.950253,0.000000
105293.952754,0.016479
105293.955255,0.015550
105293.957756,0.009136
105293.960257,0.000000
105293.962758,0.000000
105293.965259,0.000000
105293.967760,0.000000
105293.970261,0.003721
105293.972762,0.030960
105293.975263,0.000000
105293.977764,0.018626
105293.980265,0.000000
105293.982766,0.000000
105293.985267,0.014184
105293.987768,0.000000
105293.990269,0.018260
105293.992770,0.021127
105293.995271,0.000000
105293.997772,0.019290
105294.000274,0.000000
105294.002775,0.000000
105294.005276,0.015402
105294.007777,0.000000
105294.010278,0.000000
105294.012779,0.017949
105294.015280,0.018914
105294.017781,0.000000
105294.020282,0.014496
105294.022783,0.000000
105294.025284,0.000000
105294.027785,0.003309
105294.030286,0.005426
105294.032787,0.000000
105294.035288,0.026749
105294.037789,0.000000
105294.040290,0.000779
105294.042791,0.002814
105294.045292,0.000000
105294.047793,0.019019
105294.050294,0.000000
105294.052795,0.001414
105294.055296,0.004712
105294.057797,0.000000
105294.060298,0.000000
105294.062799,0.022451
105294.065300,0.000000
105294.067801,0.000000
105294.070303,0.000000
105294.072804,0.000000
105294.075305,0.003151
105294.077806,0.000000
105294.080307,0.000000
105294.082808,0.000000
105294.085309,0.003175
105294.087810,0.007273
105294.090311,0.005745
105294.092812,0.020166
105294.095313,0.031464
105294.097814,0.000000
105294.100315,0.000000
105294.102816,0.010673
105294.105317,0.000000
105294.107818,0.000000
105294.110319,0.000000
105294.112820,0.017727
105294.115321,0.000000
105294.117822,0.003167
105294.120323,0.000000
105294.122824,0.012497
105294.125325,0.003470
105294.127826,0.000000
105294.130327,0.000000
105294.132828,0.000000
105294.135329,0.014473
105294.137831,0.000000
105294.140332,0.007186
105294.142833,0.000000
105294.145334,0.031577
105294.147835,0.022402
105294.150336,0.029786
105294.152837,0.031464
105294.155338,0.000000
105294.157839,0.000000
105294.160340,0.029102
105294.162841,0.000000
105294.165342,0.011968
105294.167843,0.000000
105294.170344,0.000000
105294.172845,0.011921
105294.175346,0.000000
105294.177847,0.011249
105294.180348,0.007533
105294.182849,0.000000
105294.185350,0.000347
105294.187851,0.002598
105294.190352,0.003405
105294.192853,0.009913
105294.195354,0.000000
105294.197855,0.038749
105294.200356,0.000000
105294.202857,0.000000
105294.205359,0.027933
105294.207860,0.000000
105294.210361,0.027783
105294.212862,0.001342
105294.215363,0.000000
105294.217864,0.000000
105294.220365,0.000000
105294.222866,0.000000
105294.225367,0.003993
105294.227868,0.008941
105294.230369,0.003821
105294.232870,0.000000
105294.235371,0.019240
105294.237872,0.038405
105294.240373,0.021468
105294.242874,0.000000
105294.245375,0.007212
105294.247876,0.008132
105294.250377,0.023034
105294.252878,0.000000
105294.255379,0.000000
105294.257880,0.016286
105294.260381,0.005837
105294.262882,0.000000
105294.265383,0.010135
105294.267884,0.026404
105294.270385,0.000000
105294.272887,0.000000
105294.275388,0.000432
105294.277889,0.009772
105294.280390,0.000000
105294.282891,0.016294
105294.285392,0.003745
105294.287893,0.014531
105294.290394,0.000000
105294.292895,0.000000
105294.295396,0.000000
105294.297897,0.000000
105294.300398,0.005879
105294.302899,0.000000
105294.305400,0.000000
105294.307901,0.000000
105294.310402,0.000000
105294.312903,0.000000
105294.315404,0.000061
105294.317905,0.018231
105294.320406,0.000000
105294.322907,0.005133
105294.325408,0.007983
105294.327909,0.000000
105294.330410,0.000000
105294.332911,0.000000
105294.335412,0.027270
105294.337913,0.001043
105294.340415,0.000000
105294.342916,0.030473
105294.345417,0.003193
105294.347918,0.036534
105294.350419,0.000000
105294.352920,0.000000
105294.355421,0.000000
105294.357922,0.000000
105294.360423,0.000000
105294.362924,0.000000
105294.365425,0.000774
105294.367926,0.000000
105294.370427,0.000000
105294.372928,0.000000
105294.375429,0.020724
105294.377930,0.000000
105294.380431,0.003050
105294.382932,0.000000
105294.385433,0.000000
105294.387934,0.000000
105294.390435,0.000000
105294.392936,0.002520
105294.395437,0.000000
105294.397938,0.000000
105294.400439,0.000000
105294.402940,0.000000
105294.405441,0.016282
105294.407943,0.000000
105294.410444,0.001073
105294.412945,0.024390
105294.415446,0.017325
105294.417947,0.006110
105294.420448,0.000000
105294.422949,0.010581
105294.425450,0.005306
105294.427951,0.020434
105294.430452,0.000000
105294.432953,0.014379
105294.435454,0.000000
105294.437955,0.027197
105294.440456,0.000000
105294.442957,0.000000
105294.445458,0.001116
105294.447959,0.010982
105294.450460,0.023394
105294.452961,0.000000
105294.455462,0.000000
105294.457963,0.007135
105294.460464,0.006690
105294.462965,0.000000
105294.465466,0.000000
105294.467967,0.000000
105294.470468,0.011823
105294.472969,0.000000
105294.475471,0.000000
105294.477972,0.001646
105294.480473,0.000000
105294.482974,0.027302
105294.485475,0.013417
105294.487976,0.000000
105294.490477,0.000000
105294.492978,0.000000
105294.495479,0.008428
105294.497980,0.000000
105294.500481,0.000000
105294.502982,0.000000
105294.505483,0.007774
105294.507984,0.008313
105294.510485,0.000000
105294.512986,0.002780
105294.515487,0.011430
105294.517988,0.002394
105294.520489,0.011216
105294.522990,0.000000
105294.525491,0.005439
105294.527992,0.002779
105294.530493,0.017265
105294.532994,0.000436
105294.535495,0.000000
105294.537996,0.000000
105294.540497,0.021419
105294.542998,0.000000
105294.545500,0.007342
105294.548001,0.000000
105294.550502,0.000000
105294.553003,0.000000
105294.555504,0.000000
105294.558005,0.006874
105294.560506,0.000000
105294.563007,0.001939
105294.565508,0.005038
105294.568009,0.000000
105294.570510,0.007237
105294.573011,0.005155
105294.575512,0.000000
105294.578013,0.000000
105294.580514,0.000000
105294.583015,0.001944
105294.585516,0.000000
105294.588017,0.020022
105294.590518,0.000000
105294.593019,0.000000
105294.595520,0.009437
105294.598021,0.000000
105294.600522,0.000000
105294.603023,0.000000
105294.605524,0.000000
105294.608025,0.008142
105294.610526,0.013501
105294.613028,0.013167
105294.615529,0.027081
105294.618030,0.021646
105294.620531,0.000000
105294.623032,0.015933
105294.625533,0.000000
105294.628034,0.000000
105294.630535,0.000000
105294.633036,0.000000
105294.635537,0.004725
105294.638038,0.022711
105294.640539,0.010466
105294.643040,0.000000
105294.645541,0.000000
105294.648042,0.008166
105294.650543,0.012961
105294.653044,0.017631
105294.655545,0.000000
105294.658046,0.006744
105294.660547,0.012293
105294.663048,0.000000
105294.665549,0.003990
105294.668050,0.012990
105294.670551,0.007331
105294.673052,0.000000
105294.675553,0.037488
105294.678054,0.027729
105294.680556,0.000135
105294.683057,0.000000
105294.685558,0.010058
105294.688059,0.000000
105294.690560,0.018264
105294.693061,0.000000
105294.695562,0.000000
105294.698063,0.009843
105294.700564,0.014417
105294.703065,0.000000
105294.705566,0.000000
105294.708067,0.000000
105294.710568,0.000000
105294.713069,0.000000
105294.715570,0.007744
105294.718071,0.003289
105294.720572,0.000000
105294.723073,0.000375
105294.725574,0.017153
105294.728075,0.000000
105294.730576,0.000000
105294.733077,0.010205
105294.735578,0.000000
105294.738079,0.000000
105294.740580,0.007958
105294.743081,0.000000
105294.745582,0.000000
105294.748084,0.000000
105294.750585,0.003722
105294.753086,0.022604
105294.755587,0.000000
105294.758088,0.000000
105294.760589,0.025632
105294.763090,0.009012
105294.765591,0.034192
105294.768092,0.002310
105294.770593,0.003255
105294.773094,0.020753
105294.775595,0.000000
105294.778096,0.003551
105294.780597,0.000000
105294.783098,0.024960
105294.785599,0.005614
105294.788100,0.000000
105294.790601,0.013033
105294.793102,0.000000
105294.795603,0.000000
105294.798104,0.007948
105294.800605,0.000632
105294.803106,0.006415
105294.805607,0.003581
105294.808108,0.009057
105294.810609,0.000000
105294.813110,0.018359
105294.815612,0.000000
105294.818113,0.000829
105294.820614,0.000000
105294.823115,0.000000
105294.825616,0.003291
105294.828117,0.010560
105294.830618,0.012945
105294.833119,0.006212
105294.835620,0.000000
105294.838121,0.005307
105294.840622,0.003451
105294.843123,0.000848
105294.845624,0.007673
105294.848125,0.000000
105294.850626,0.000000
105294.853127,0.017093
105294.855628,0.000000
105294.858129,0.005974
105294.860630,0.000000
105294.863131,0.018130
105294.865632,0.005028
105294.868133,0.000000
105294.870634,0.004105
105294.873135,0.000000
105294.875636,0.005359
105294.878137,0.021356
105294.880638,0.004529
105294.883140,0.002674
105294.885641,0.000000
105294.888142,0.015552
105294.890643,0.017682
105294.893144,0.000000
105294.895645,0.005151
105294.898146,0.003335
105294.900647,0.005771
105294.903148,0.000000
105294.905649,0.016414
105294.908150,0.008119
105294.910651,0.017271
105294.913152,0.000000
105294.915653,0.000000
105294.918154,0.029580
105294.920655,0.016477
105294.923156,0.000000
105294.925657,0.012470
105294.928158,0.000000
105294.930659,0.000000
105294.933160,0.000000
105294.935661,0.000000
105294.938162,0.022419
105294.940663,0.021853
105294.943164,0.018100
105294.945665,0.011922
105294.948166,0.004558
105294.950668,0.016546
105294.953169,0.000000
105294.955670,0.014217
105294.958171,0.000000
105294.960672,0.000000
105294.963173,0.009995
105294.965674,0.013340
105294.968175,0.000000
105294.970676,0.009282
105294.973177,0.008086
105294.975678,0.000000
105294.978179,0.002210
105294.980680,0.029889
105294.983181,0.000000
105294.985682,0.000000
105294.988183,0.002155
105294.990684,0.000000
105294.993185,0.011354
105294.995686,0.021104
105294.998187,0.000000
105295.000688,0.000000
105295.003189,0.028367
105295.005690,0.001721
105295.008191,0.000000
105295.010692,0.026749
105295.013193,0.016176
105295.015694,0.023001
105295.018195,0.020601
105295.020697,0.037991
105295.023198,0.000000
105295.025699,0.000000
105295.028200,0.000000
105295.030701,0.000000
105295.033202,0.001766
105295.035703,0.000000
105295.038204,0.000000
105295.040705,0.000000
105295.043206,0.000000
105295.045707,0.016436
105295.048208,0.000000
105295.050709,0.011634
105295.053210,0.000000
105295.055711,0.000000
105295.058212,0.000000
105295.060713,0.000000
105295.063214,0.000000
105295.065715,0.000000
105295.068216,0.000000
105295.070717,0.000000
105295.073218,0.000000
105295.075719,0.000000
105295.078220,0.000000
105295.080721,0.000000
105295.083222,0.035350
105295.085723,0.000000
105295.088225,0.021898
105295.090726,0.000000
105295.093227,0.000000
105295.095728,0.004405
105295.098229,0.009194
105295.100730,0.000000
105295.103231,0.000000
105295.105732,0.004378
105295.108233,0.000000
105295.110734,0.018634
105295.113235,0.015265
105295.115736,0.000000
105295.118237,0.000000
105295.120738,0.001506
105295.123239,0.012092
105295.125740,0.021921
105295.128241,0.000000
105295.130742,0.033584
105295.133243,0.000000
105295.135744,0.000000
105295.138245,0.008068
105295.140746,0.004464
105295.143247,0.003661
105295.145748,0.028672
105295.148249,0.003553
105295.150750,0.000000
105295.153251,0.000000
105295.155753,0.021152
105295.158254,0.009822
105295.160755,0.000000
105295.163256,0.000000
105295.165757,0.000360
105295.168258,0.008855
105295.170759,0.000000
105295.173260,0.000000
105295.175761,0.000000
105295.178262,0.023639
105295.180763,0.007138
105295.183264,0.014365
105295.185765,0.016733
105295.188266,0.000000
105295.190767,0.000000
105295.193268,0.000000
105295.195769,0.005985
105295.198270,0.015649
105295.200771,0.026858
105295.203272,0.011696
105295.205773,0.011801
105295.208274,0.027673
105295.210775,0.000000
105295.213276,0.017078
105295.215777,0.008306
105295.218278,0.008833
105295.220779,0.000000
105295.223281,0.000000
105295.225782,0.004953
105295.228283,0.005014
105295.230784,0.000000
105295.233285,0.000000
105295.235786,0.000000
105295.238287,0.000000
105295.240788,0.000000
105295.243289,0.000000
105295.245790,0.000000
105295.248291,0.010252
105295.250792,0.020915
105295.253293,0.029811
105295.255794,0.000000
105295.258295,0.017238
105295.260796,0.004829
105295.263297,0.000000
105295.265798,0.005777
105295.268299,0.015830
105295.270800,0.000000
105295.273301,0.000000
105295.275802,0.000000
105295.278303,0.000000
105295.280804,0.017220
105295.283305,0.000000
105295.285806,0.000000
105295.288307,0.004470
105295.290809,0.003308
105295.293310,0.000000
105295.295811,0.024183
105295.298312,0.000000
105295.300813,0.000000
105295.303314,0.000000
105295.305815,0.000000
105295.308316,0.000000
105295.310817,0.000000
105295.313318,0.000000
105295.315819,0.000000
105295.318320,0.000000
105295.320821,0.000000
105295.323322,0.000000
105295.325823,0.000000
105295.328324,0.000000
105295.330825,0.000000
105295.333326,0.000000
105295.335827,0.003950
105295.338328,0.000000
105295.340829,0.000000
105295.343330,0.011178
105295.345831,0.008659
105295.348332,0.000000
105295.350833,0.017166
105295.353334,0.001187
105295.355835,0.000000
105295.358337,0.000000
105295.360838,0.002372
105295.363339,0.000000
105295.365840,0.000000
105295.368341,0.004043
105295.370842,0.011980
105295.373343,0.000000
105295.375844,0.015413
105295.378345,0.000000
105295.380846,0.000000
105295.383347,0.024504
105295.385848,0.005113
105295.388349,0.000000
105295.390850,0.003624
105295.393351,0.017184
105295.395852,0.000000
105295.398353,0.018929
105295.400854,0.000000
105295.403355,0.010175
105295.405856,0.000000
105295.408357,0.024184
105295.410858,0.000000
105295.413359,0.000000
105295.415860,0.006752
105295.418361,0.018690
105295.420862,0.017068
105295.423363,0.001343
105295.425865,0.011664
105295.428366,0.000000
105295.430867,0.008489
105295.433368,0.005211
105295.435869,0.000000
105295.438370,0.000000
105295.440871,0.002985
105295.443372,0.002370
105295.445873,0.000000
105295.448374,0.001284
105295.450875,0.017346
105295.453376,0.005086
105295.455877,0.000000
105295.458378,0.027976
105295.460879,0.000000
105295.463380,0.013762
105295.465881,0.000000
105295.468382,0.020446
105295.470883,0.000000
105295.473384,0.005520
105295.475885,0.000000
105295.478386,0.010479
105295.480887,0.005980
105295.483388,0.008867
105295.485889,0.013640
105295.488390,0.002564
105295.490891,0.000000
105295.493392,0.000000
105295.495894,0.000000
105295.498395,0.017330
105295.500896,0.000000
105295.503397,0.000000
105295.505898,0.000000
105295.508399,0.008705
105295.510900,0.000000
105295.513401,0.008683
105295.515902,0.000000
105295.518403,0.000000
105295.520904,0.003794
105295.523405,0.014431
105295.525906,0.000000
105295.528407,0.007556
105295.530908,0.017096
105295.533409,0.000000
105295.535910,0.012943
105295.538411,0.002735
105295.540912,0.000000
105295.543413,0.011793
105295.545914,0.027475
105295.548415,0.000000
105295.550916,0.000000
105295.553417,0.000000
105295.555918,0.002229
105295.558419,0.000000
105295.560920,0.016639
105295.563422,0.020393
105295.565923,0.011318
105295.568424,0.015035
105295.570925,0.000000
105295.573426,0.000000
105295.575927,0.006274
105295.578428,0.000288
105295.580929,0.028715
105295.583430,0.000000
105295.585931,0.008899
105295.588432,0.008662
105295.590933,0.000000
105295.593434,0.000000
105295.595935,0.000000
105295.598436,0.000000
105295.600937,0.020932
105295.603438,0.038792
105295.605939,0.000000
105295.608440,0.000000
105295.610941,0.000000
105295.613442,0.000000
105295.615943,0.000000
105295.618444,0.017362
105295.620945,0.045863
105295.623446,0.000000
105295.625947,0.000000
105295.628448,0.000000
105295.630950,0.006475
105295.633451,0.004944
105295.635952,0.001450
105295.638453,0.000000
105295.640954,0.019523
105295.643455,0.010977
105295.645956,0.010354
105295.648457,0.005318
105295.650958,0.000000
105295.653459,0.000000
105295.655960,0.007468
105295.658461,0.006078
105295.660962,0.008147
105295.663463,0.000000
105295.665964,0.004873
105295.668465,0.000000
105295.670966,0.000000
105295.673467,0.010463
105295.675968,0.002546
105295.678469,0.033814
105295.680970,0.006959
105295.683471,0.000000
105295.685972,0.000000
105295.688473,0.000000
105295.690974,0.017679
105295.693475,0.004524
105295.695976,0.004771
105295.698478,0.000000
105295.700979,0.011189
105295.703480,0.000000
105295.705981,0.000000
105295.708482,0.001802
105295.710983,0.000000
105295.713484,0.000000
105295.715985,0.000000
105295.718486,0.014507
105295.720987,0.012856
105295.723488,0.010161
105295.725989,0.006984
105295.728490,0.000000
105295.730991,0.016100
105295.733492,0.000000
105295.735993,0.006231
105295.738494,0.012084
105295.740995,0.000000
105295.743496,0.000000
105295.745997,0.000000
105295.748498,0.000000
105295.750999,0.007387
105295.753500,0.013584
105295.756001,0.006416
105295.758502,0.005561
105295.761003,0.010921
105295.763504,0.012581
105295.766006,0.000000
105295.768507,0.000000
105295.771008,0.003991
105295.773509,0.013277
105295.776010,0.000000
105295.778511,0.000989
105295.781012,0.016207
105295.783513,0.000000
105295.786014,0.021849
105295.788515,0.019159
105295.791016,0.000000
105295.793517,0.000000
105295.796018,0.000000
105295.798519,0.001937
105295.801020,0.000000
105295.803521,0.000000
105295.806022,0.000000
105295.808523,0.000000
105295.811024,0.029286
105295.813525,0.000000
105295.816026,0.000000
105295.818527,0.000000
105295.821028,0.000000
105295.823529,0.018052
105295.826030,0.000000
105295.828531,0.000000
105295.831032,0.000000
105295.833534,0.000000
105295.836035,0.000000
105295.838536,0.003526
105295.841037,0.000000
105295.843538,0.000000
105295.846039,0.000000
105295.848540,0.000000
105295.851041,0.012793
105295.853542,0.000000
105295.856043,0.000780
105295.858544,0.008423
105295.861045,0.004144
105295.863546,0.002083
105295.866047,0.000000
105295.868548,0.000000
105295.871049,0.002267
105295.873550,0.000000
105295.876051,0.011411
105295.878552,0.000000
105295.881053,0.009316
105295.883554,0.000000
105295.886055,0.000000
105295.888556,0.024115
105295.891057,0.000000
105295.893558,0.013117
105295.896059,0.000000
105295.898560,0.000000
105295.901062,0.018707
105295.903563,0.000000
105295.906064,0.032682
105295.908565,0.002909
105295.911066,0.000000
105295.913567,0.005055
105295.916068,0.015931
105295.918569,0.000000
105295.921070,0.000000
105295.923571,0.003578
105295.926072,0.006651
105295.928573,0.000000
105295.931074,0.005779
105295.933575,0.012260
105295.936076,0.002489
105295.938577,0.000000
105295.941078,0.000000
105295.943579,0.025226
105295.946080,0.004784
105295.948581,0.017814
105295.951082,0.000000
105295.953583,0.003772
105295.956084,0.011409
105295.958585,0.021513
105295.961086,0.017633
105295.963587,0.000000
105295.966088,0.016545
105295.968589,0.024217
105295.971091,0.000000
105295.973592,0.000000
105295.976093,0.000000
105295.978594,0.002578
105295.981095,0.000000
105295.983596,0.000000
105295.986097,0.021149
105295.988598,0.000000
105295.991099,0.000000
105295.993600,0.001567
105295.996101,0.000000
105295.998602,0.000000
105296.001103,0.000000
105296.003604,0.011859
105296.006105,0.002700
105296.008606,0.000000
105296.011107,0.019958
105296.013608,0.011454
105296.016109,0.002744
105296.018610,0.002358
105296.021111,0.009673
105296.023612,0.033414
105296.026113,0.012647
105296.028614,0.004254
105296.031115,0.000000
105296.033616,0.002363
105296.036117,0.011107
105296.038619,0.000000
105296.041120,0.000000
105296.043621,0.007952
105296.046122,0.000000
105296.048623,0.012467
105296.051124,0.000000
105296.053625,0.000000
105296.056126,0.000000
105296.058627,0.000000
105296.061128,0.007936
105296.063629,0.006278
105296.066130,0.000000
105296.068631,0.001754
105296.071132,0.000000
105296.073633,0.000000
105296.076134,0.000000
105296.078635,0.000000
105296.081136,0.044993
105296.083637,0.026665
105296.086138,0.000000
105296.088639,0.000947
105296.091140,0.000000
105296.093641,0.002040
105296.096142,0.013161
105296.098643,0.000000
105296.101144,0.000000
105296.103645,0.016611
105296.106147,0.000000
105296.108648,0.002719
105296.111149,0.000000
105296.113650,0.000000
105296.116151,0.010698
105296.118652,0.000000
105296.121153,0.000000
105296.123654,0.000000
105296.126155,0.000000
105296.128656,0.000000
105296.131157,0.007901
105296.133658,0.000000
105296.136159,0.000000
105296.138660,0.001916
105296.141161,0.000000
105296.143662,0.000000
105296.146163,0.000000
105296.148664,0.000000
105296.151165,0.000000
105296.153666,0.009445
105296.156167,0.000000
105296.158668,0.002398
105296.161169,0.016046
105296.163670,0.008615
105296.166171,0.000000
105296.168672,0.006434
105296.171173,0.015048
105296.173675,0.000000
105296.176176,0.000000
105296.178677,0.000000
105296.181178,0.002701
105296.183679,0.008509
105296.186180,0.000000
105296.188681,0.000000
105296.191182,0.000000
105296.193683,0.005170
105296.196184,0.028593
105296.198685,0.000000
105296.201186,0.018858
105296.203687,0.000000
105296.206188,0.000000
105296.208689,0.000000
105296.211190,0.005309
105296.213691,0.000000
105296.216192,0.008605
105296.218693,0.000000
105296.221194,0.029040
105296.223695,0.025757
105296.226196,0.000000
105296.228697,0.008492
105296.231198,0.000000
105296.233699,0.009292
105296.236200,0.000000
105296.238701,0.020701
105296.241203,0.014804
105296.243704,0.000000
105296.246205,0.000000
105296.248706,0.002333
105296.251207,0.010332
105296.253708,0.000000
105296.256209,0.011295
105296.258710,0.000000
105296.261211,0.008787
105296.263712,0.000000
105296.266213,0.000000
105296.268714,0.016520
105296.271215,0.020268
105296.273716,0.002485
105296.276217,0.000000
105296.278718,0.019650
105296.281219,0.000000
105296.283720,0.016439
105296.286221,0.000000
105296.288722,0.000575
105296.291223,0.000000
105296.293724,0.000000
105296.296225,0.014049
105296.298726,0.024746
105296.301227,0.001518
105296.303728,0.000000
105296.306229,0.014689
105296.308731,0.004846
105296.311232,0.000000
105296.313733,0.014273
105296.316234,0.000000
105296.318735,0.000000
105296.321236,0.000000
105296.323737,0.000000
105296.326238,0.000674
105296.328739,0.012836
105296.331240,0.000450
105296.333741,0.020251
105296.336242,0.022034
105296.338743,0.021903
105296.341244,0.000000
105296.343745,0.000000
105296.346246,0.000000
105296.348747,0.016164
105296.351248,0.015302
105296.353749,0.000000
105296.356250,0.004393
105296.358751,0.000000
105296.361252,0.000000
105296.363753,0.000000
105296.366254,0.000000
105296.368755,0.012198
105296.371256,0.000000
105296.373757,0.000000
105296.376259,0.000000
105296.378760,0.001059
105296.381261,0.013785
105296.383762,0.000000
105296.386263,0.009192
105296.388764,0.000811
105296.391265,0.000680
105296.393766,0.000000
105296.396267,0.011109
105296.398768,0.009637
105296.401269,0.000000
105296.403770,0.002911
105296.406271,0.010672
105296.408772,0.007778
105296.411273,0.000000
105296.413774,0.016744
105296.416275,0.012412
105296.418776,0.030325
105296.421277,0.000000
105296.423778,0.010083
105296.426279,0.016548
105296.428780,0.014438
105296.431281,0.000000
105296.433782,0.000000
105296.436283,0.022115
105296.438784,0.000000
105296.441285,0.000000
105296.443786,0.029683
105296.446288,0.000000
105296.448789,0.011762
105296.451290,0.000000
105296.453791,0.000000
105296.456292,0.002408
105296.458793,0.009715
105296.461294,0.013648
105296.463795,0.015534
105296.466296,0.000000
105296.468797,0.000000
105296.471298,0.000000
105296.473799,0.004991
105296.476300,0.000000
105296.478801,0.000000
105296.481302,0.000000
105296.483803,0.000000
105296.486304,0.012284
105296.488805,0.000000
105296.491306,0.010529
105296.493807,0.000000
105296.496308,0.003671
105296.498809,0.003775
105296.501310,0.006733
105296.503811,0.000000
105296.506312,0.000000
105296.508813,0.010429
105296.511314,0.000000
105296.513816,0.000000
105296.516317,0.019989
105296.518818,0.002440
105296.521319,0.005297
105296.523820,0.008973
105296.526321,0.008462
105296.528822,0.000000
105296.531323,0.000000
105296.533824,0.038553
105296.536325,0.000000
105296.538826,0.004755
105296.541327,0.006322
105296.543828,0.000000
105296.546329,0.000000
105296.548830,0.021376
105296.551331,0.000000
105296.553832,0.005924
105296.556333,0.012868
105296.558834,0.000000
105296.561335,0.000000
105296.563836,0.013745
105296.566337,0.000000
105296.568838,0.000000
105296.571339,0.021601
105296.573840,0.000000
105296.576341,0.003095
105296.578842,0.000000
105296.581344,0.000000
105296.583845,0.000000
105296.586346,0.002502
105296.588847,0.000000
105296.591348,0.028481
105296.593849,0.000352
105296.596350,0.012655
105296.598851,0.000000
105296.601352,0.014324
105296.603853,0.000000
105296.606354,0.000000
105296.608855,0.000000
105296.611356,0.000000
105296.613857,0.007450
105296.616358,0.008434
105296.618859,0.000000
105296.621360,0.000000
105296.623861,0.035054
105296.626362,0.004662
105296.628863,0.000000
105296.631364,0.011062
105296.633865,0.008036
105296.636366,0.016652
105296.638867,0.008595
105296.641368,0.000000
105296.643869,0.012784
105296.646370,0.001426
105296.648872,0.015027
105296.651373,0.022233
105296.653874,0.000000
105296.656375,0.012580
105296.658876,0.014847
105296.661377,0.002280
105296.663878,0.028125
105296.666379,0.015018
105296.668880,0.000000
105296.671381,0.003736
105296.673882,0.012355
105296.676383,0.027579
105296.678884,0.008918
105296.681385,0.004158
105296.683886,0.018153
105296.686387,0.000000
105296.688888,0.000000
105296.691389,0.010108
105296.693890,0.000000
105296.696391,0.039008
105296.698892,0.003634
105296.701393,0.010196
105296.703894,0.000000
105296.706395,0.018164
105296.708896,0.000000
105296.711397,0.000000
105296.713898,0.000000
105296.716400,0.000000
105296.718901,0.000000
105296.721402,0.007845
105296.723903,0.000000
105296.726404,0.014675
105296.728905,0.000000
105296.731406,0.003515
105296.733907,0.000000
105296.736408,0.003232
105296.738909,0.000000
105296.741410,0.000000
105296.743911,0.000000
105296.746412,0.000000
105296.748913,0.000000
105296.751414,0.000000
105296.753915,0.012705
105296.756416,0.000000
105296.758917,0.000000
105296.761418,0.000000
105296.763919,0.000000
105296.766420,0.000000
105296.768921,0.015831
105296.771422,0.029412
105296.773923,0.000000
105296.776424,0.000000
105296.778925,0.000000
105296.781426,0.000000
105296.783928,0.018038
105296.786429,0.007579
105296.788930,0.000000
105296.791431,0.000235
105296.793932,0.000000
105296.796433,0.010610
105296.798934,0.012357
105296.801435,0.008493
105296.803936,0.000000
105296.806437,0.000189
105296.808938,0.000000
105296.811439,0.014239
105296.813940,0.003434
105296.816441,0.007997
105296.818942,0.000000
105296.821443,0.013493
105296.823944,0.017722
105296.826445,0.000000
105296.828946,0.000000
105296.831447,0.010952
105296.833948,0.000000
105296.836449,0.014776
105296.838950,0.003473
105296.841451,0.009952
105296.843952,0.000000
105296.846453,0.004881
105296.848954,0.004921
105296.851456,0.000000
105296.853957,0.014388
105296.856458,0.000000
105296.858959,0.002983
105296.861460,0.000000
105296.863961,0.000000
105296.866462,0.014162
105296.868963,0.000000
105296.871464,0.000000
105296.873965,0.008335
105296.876466,0.000000
105296.878967,0.014625
105296.881468,0.009259
105296.883969,0.000000
105296.886470,0.014082
105296.888971,0.000000
105296.891472,0.006787
105296.893973,0.000000
105296.896474,0.000000
105296.898975,0.000000
105296.901476,0.018405
105296.903977,0.000000
105296.906478,0.000000
105296.908979,0.000000
105296.911480,0.000000
105296.913981,0.000000
105296.916482,0.004434
105296.918983,0.000000
105296.921485,0.010952
105296.923986,0.000000
105296.926487,0.000000
105296.928988,0.010999
105296.931489,0.000000
105296.933990,0.000000
105296.936491,0.012174
105296.938992,0.000000
105296.941493,0.000961
105296.943994,0.000000
105296.946495,0.000000
105296.948996,0.000000
105296.951497,0.004872
105296.953998,0.000000
105296.956499,0.018649
105296.959000,0.014823
105296.961501,0.000000
105296.964002,0.022813
105296.966503,0.029600
105296.969004,0.000000
105296.971505,0.005903
105296.974006,0.001957
105296.976507,0.021741
105296.979008,0.000000
105296.981509,0.000000
105296.984010,0.013206
105296.986511,0.011685
105296.989013,0.000000
105296.991514,0.019999
105296.994015,0.003354
105296.996516,0.001633
105296.999017,0.010012
105297.001518,0.000000
105297.004019,0.000722
105297.006520,0.000000
105297.009021,0.042134
105297.011522,0.000000
105297.014023,0.010475
105297.016524,0.027416
105297.019025,0.000000
105297.021526,0.008779
105297.024027,0.000333
105297.026528,0.025779
105297.029029,0.000000
105297.031530,0.000000
105297.034031,0.000000
105297.036532,0.000000
105297.039033,0.000000
105297.041534,0.029135
105297.044035,0.001825
105297.046536,0.000000
105297.049037,0.000000
105297.051538,0.005816
105297.054039,0.004846
105297.056541,0.000000
105297.059042,0.000000
105297.061543,0.000000
105297.064044,0.000000
105297.066545,0.000000
105297.069046,0.018382
105297.071547,0.008253
105297.074048,0.001936
105297.076549,0.000000
105297.079050,0.024892
105297.081551,0.000000
105297.084052,0.000000
105297.086553,0.000000
105297.089054,0.004294
105297.091555,0.009493
105297.094056,0.000000
105297.096557,0.000000
105297.099058,0.006430
105297.101559,0.000000
105297.104060,0.000000
105297.106561,0.002480
105297.109062,0.000000
105297.111563,0.003987
105297.114064,0.008799
105297.116565,0.000551
105297.119066,0.020474
105297.121567,0.010420
105297.124069,0.000000
105297.126570,0.000000
105297.129071,0.025204
105297.131572,0.000000
105297.134073,0.000000
105297.136574,0.000000
105297.139075,0.005714
105297.141576,0.032392
105297.144077,0.003543
105297.146578,0.000000
105297.149079,0.002710
105297.151580,0.000000
105297.154081,0.000000
105297.156582,0.024477
105297.159083,0.009509
105297.161584,0.017681
105297.164085,0.014555
105297.166586,0.000000
105297.169087,0.027463
105297.171588,0.000000
105297.174089,0.004776
105297.176590,0.000000
105297.179091,0.000000
105297.181592,0.013438
105297.184093,0.000000
105297.186594,0.017881
105297.189095,0.000000
105297.191597,0.000000
105297.194098,0.000000
105297.196599,0.000000
105297.199100,0.022240
105297.201601,0.025737
105297.204102,0.007367
105297.206603,0.000000
105297.209104,0.000000
105297.211605,0.002299
105297.214106,0.000000
105297.216607,0.009451
105297.219108,0.024072
105297.221609,0.000000
105297.224110,0.000000
105297.226611,0.000000
105297.229112,0.000000
105297.231613,0.000750
105297.234114,0.000310
105297.236615,0.012894
105297.239116,0.005644
105297.241617,0.000000
105297.244118,0.000588
105297.246619,0.001228
105297.249120,0.000000
105297.251621,0.000000
105297.254122,0.000000
105297.256623,0.002044
105297.259125,0.000000
105297.261626,0.007542
105297.264127,0.001034
105297.266628,0.000214
105297.269129,0.014141
105297.271630,0.000000
105297.274131,0.025413
105297.276632,0.000000
105297.279133,0.020839
105297.281634,0.002885
105297.284135,0.000000
105297.286636,0.000000
105297.289137,0.000000
105297.291638,0.000000
105297.294139,0.002800
105297.296640,0.020764
105297.299141,0.001054
105297.301642,0.004591
105297.304143,0.005029
105297.306644,0.000000
105297.309145,0.000000
105297.311646,0.000000
105297.314147,0.008998
105297.316648,0.000000
105297.319149,0.000000
105297.321650,0.005118
105297.324151,0.000000
105297.326652,0.001632
105297.329154,0.000000
105297.331655,0.007258
105297.334156,0.019733
105297.336657,0.000000
105297.339158,0.010883
105297.341659,0.002881
105297.344160,0.000000
105297.346661,0.000095
105297.349162,0.018643
105297.351663,0.000000
105297.354164,0.018803
105297.356665,0.000000
105297.359166,0.000000
105297.361667,0.000000
105297.364168,0.000000
105297.366669,0.000000
105297.369170,0.000000
105297.371671,0.026096
105297.374172,0.023116
105297.376673,0.001227
105297.379174,0.017399
105297.381675,0.000000
105297.384176,0.000000
105297.386677,0.007581
105297.389178,0.005191
105297.391679,0.000000
105297.394180,0.000000
105297.396682,0.013495
105297.399183,0.000000
105297.401684,0.008017
105297.404185,0.000000
105297.406686,0.008037
105297.409187,0.014196
105297.411688,0.000000
105297.414189,0.000000
105297.416690,0.021061
105297.419191,0.000000
105297.421692,0.004708
105297.424193,0.013082
105297.426694,0.000000
105297.429195,0.012955
105297.431696,0.009195
105297.434197,0.021115
105297.436698,0.020864
105297.439199,0.000911
105297.441700,0.010817
105297.444201,0.000640
105297.446702,0.002086
105297.449203,0.000000
105297.451704,0.000000
105297.454205,0.000000
105297.456706,0.000000
105297.459207,0.018960
105297.461708,0.011174
105297.464210,0.001612
105297.466711,0.000000
105297.469212,0.000000
105297.471713,0.000000
105297.474214,0.011759
105297.476715,0.000000
105297.479216,0.000000
105297.481717,0.012990
105297.484218,0.002986
105297.486719,0.000644
105297.489220,0.002974
105297.491721,0.028872
105297.494222,0.000805
105297.496723,0.004213
105297.499224,0.029561
105297.501725,0.000000
105297.504226,0.024796
105297.506727,0.000000
105297.509228,0.000000
105297.511729,0.000000
105297.514230,0.008388
105297.516731,0.025481
105297.519232,0.000000
105297.521733,0.014051
105297.524234,0.032134
105297.526735,0.022475
105297.529236,0.000000
105297.531738,0.012476
105297.534239,0.004875
105297.536740,0.000000
105297.539241,0.006137
105297.541742,0.000000
105297.544243,0.001786
105297.546744,0.000000
105297.549245,0.000000
105297.551746,0.000000
105297.554247,0.004570
105297.556748,0.000000
105297.559249,0.007559
105297.561750,0.000614
105297.564251,0.009340
105297.566752,0.013583
105297.569253,0.019299
105297.571754,0.008665
105297.574255,0.000000
105297.576756,0.002713
105297.579257,0.033455
105297.581758,0.014155
105297.584259,0.001028
105297.584259,0.000000
105367.540895,0.000000
105437.497532,0.000000
105507.454168,0.024535
105577.410804,0.006873
105647.367440,0.000000
105717.324076,0.000000
105787.280712,0.018249
105857.237348,0.000000
105927.193985,0.000000
105997.150621,0.005124
106067.107257,0.009453
106137.063893,0.000000
106207.020529,0.000000
106276.977165,0.006616
106346.933801,0.000000
106416.890437,0.000000
106486.847074,0.000000
106556.803710,0.010615
106626.760346,0.000000
106626.760346,0.008091
106626.762847,0.016748
106626.765348,0.000000
106626.767849,0.046293
106626.770350,0.020390
106626.772851,0.003913
106626.775352,0.000000
106626.777853,0.000000
106626.780354,0.023862
106626.782855,0.003024
106626.785356,0.000000
106626.787857,0.000000
106626.790358,0.001615
106626.792859,0.001931
106626.795360,0.000000
106626.797861,0.000000
106626.800362,0.000000
106626.802864,0.000000
106626.805365,0.000000
106626.807866,0.009936
106626.810367,0.000000
106626.812868,0.015283
106626.815369,0.008691
106626.817870,0.007372
106626.820371,0.014065
106626.822872,0.000000
106626.825373,0.000000
106626.827874,0.034493
106626.830375,0.000000
106626.832876,0.000000
106626.835377,0.006839
106626.837878,0.000000
106626.840379,0.000000
106626.842880,0.028670
106626.845381,0.002448
106626.847882,0.000000
106626.850383,0.003023
106626.852884,0.000000
106626.855385,0.024598
106626.857886,0.000000
106626.860387,0.000000
106626.862888,0.000000
106626.865389,0.000000
106626.867890,0.000000
106626.870392,0.017174
106626.872893,0.000000
106626.875394,0.006947
106626.877895,0.001246
106626.880396,0.000000
106626.882897,0.000000
106626.885398,0.000000
106626.887899,0.024174
106626.890400,0.007839
106626.892901,0.002078
106626.895402,0.000000
106626.897903,0.000000
106626.900404,0.010454
106626.902905,0.011233
106626.905406,0.000000
106626.907907,0.000398
106626.910408,0.000000
106626.912909,0.002434
106626.915410,0.000000
106626.917911,0.011712
106626.920412,0.015888
106626.922913,0.000000
106626.925414,0.000000
106626.927915,0.000000
106626.930416,0.000700
106626.932917,0.005108
106626.935418,0.011325
106626.937920,0.013953
106626.940421,0.005206
106626.942922,0.003298
106626.945423,0.023684
106626.947924,0.000072
106626.950425,0.008475
106626.952926,0.004600
106626.955427,0.000000
106626.957928,0.000000
106626.960429,0.018988
106626.962930,0.000000
106626.965431,0.000000
106626.967932,0.000000
106626.970433,0.006069
106626.972934,0.000000
106626.975435,0.004766
106626.977936,0.002553
106626.980437,0.000000
106626.982938,0.000000
106626.985439,0.000000
106626.987940,0.000000
106626.990441,0.000000
106626.992942,0.006539
106626.995443,0.030582
106626.997944,0.000000
106627.000445,0.000000
106627.002946,0.000000
106627.005448,0.012319
106627.007949,0.006124
106627.010450,0.000000
106627.012951,0.000000
106627.015452,0.000000
106627.017953,0.002518
106627.020454,0.003207
106627.022955,0.000000
106627.025456,0.009551
106627.027957,0.000000
106627.030458,0.004361
106627.032959,0.003562
106627.035460,0.000000
106627.037961,0.000000
106627.040462,0.009956
106627.042963,0.000000
106627.045464,0.035388
106627.047965,0.007983
106627.050466,0.000000
106627.052967,0.000000
106627.055468,0.011321
106627.057969,0.000000
106627.060470,0.000000
106627.062971,0.020864
106627.065472,0.000000
106627.067973,0.001955
106627.070474,0.000000
106627.072976,0.003721
106627.075477,0.008340
106627.077978,0.024172
106627.080479,0.000000
106627.082980,0.000000
106627.085481,0.000000
106627.087982,0.000000
106627.090483,0.000000
106627.092984,0.007498
106627.095485,0.032534
106627.097986,0.000000
106627.100487,0.000000
106627.102988,0.000000
106627.105489,0.005035
106627.107990,0.000000
106627.110491,0.003357
106627.112992,0.001975
106627.115493,0.003732
106627.117994,0.011366
106627.120495,0.000000
106627.122996,0.007865
106627.125497,0.000000
106627.127998,0.000000
106627.130499,0.000000
106627.133000,0.000000
106627.135501,0.000095
106627.138002,0.000000
106627.140504,0.000000
106627.143005,0.012695
106627.145506,0.001204
106627.148007,0.000000
106627.150508,0.000000
106627.153009,0.010819
106627.155510,0.002869
106627.158011,0.017178
106627.160512,0.012160
106627.163013,0.000000
106627.165514,0.020619
106627.168015,0.021801
106627.170516,0.000000
106627.173017,0.000456
106627.175518,0.000000
106627.178019,0.000000
106627.180520,0.000000
106627.183021,0.000000
106627.185522,0.012944
106627.188023,0.000000
106627.190524,0.001341
106627.193025,0.000000
106627.195526,0.018233
106627.198027,0.000431
106627.200528,0.010705
106627.203029,0.002802
106627.205530,0.000000
106627.208031,0.000982
106627.210533,0.021651
106627.213034,0.000000
106627.215535,0.000000
106627.218036,0.000000
106627.220537,0.000000
106627.223038,0.013904
106627.225539,0.000000
106627.228040,0.011885
106627.230541,0.000458
106627.233042,0.000125
106627.235543,0.002355
106627.238044,0.021258
106627.240545,0.002679
106627.243046,0.015932
106627.245547,0.015012
106627.248048,0.000000
106627.250549,0.000000
106627.253050,0.000000
106627.255551,0.018431
106627.258052,0.000000
106627.260553,0.000000
106627.263054,0.000000
106627.265555,0.000000
106627.268056,0.000000
106627.270557,0.016318
106627.273058,0.009356
106627.275559,0.000000
106627.278061,0.011531
106627.280562,0.029904
106627.283063,0.004497
106627.285564,0.020401
106627.288065,0.012232
106627.290566,0.000000
106627.293067,0.002834
106627.295568,0.007559
106627.298069,0.000000
106627.300570,0.000000
106627.303071,0.000000
106627.305572,0.000000
106627.308073,0.000000
106627.310574,0.000000
106627.313075,0.012641
106627.315576,0.000000
106627.318077,0.007815
106627.320578,0.011011
106627.323079,0.010076
106627.325580,0.000000
106627.328081,0.016125
106627.330582,0.006038
106627.333083,0.011552
106627.335584,0.026283
106627.338085,0.011409
106627.340586,0.000000
106627.343087,0.009383
106627.345589,0.000000
106627.348090,0.000000
106627.350591,0.000000
106627.353092,0.000146
106627.355593,0.000000
106627.358094,0.000000
106627.360595,0.000000
106627.363096,0.000000
106627.365597,0.000000
106627.368098,0.020834
106627.370599,0.006085
106627.373100,0.005691
106627.375601,0.000000
106627.378102,0.000000
106627.380603,0.000000
106627.383104,0.025959
106627.385605,0.003223
106627.388106,0.015989
106627.390607,0.017802
106627.393108,0.008037
106627.395609,0.003164
106627.398110,0.000000
106627.400611,0.000000
106627.403112,0.000000
106627.405613,0.004740
106627.408114,0.000000
106627.410615,0.000000
106627.413117,0.005803
106627.415618,0.000000
106627.418119,0.000000
106627.420620,0.000000
106627.423121,0.000000
106627.425622,0.000000
106627.428123,0.000000
106627.430624,0.013685
106627.433125,0.004652
106627.435626,0.006033
106627.438127,0.000000
106627.440628,0.000000
106627.443129,0.000000
106627.445630,0.006670
106627.448131,0.015956
106627.450632,0.013713
106627.453133,0.000000
106627.455634,0.000000
106627.458135,0.020282
106627.460636,0.000000
106627.463137,0.000000
106627.465638,0.000000
106627.468139,0.019382
106627.470640,0.000000
106627.473141,0.000000
106627.475642,0.000000
106627.478143,0.013737
106627.480645,0.004135
106627.483146,0.013299
106627.485647,0.022479
106627.488148,0.000000
106627.490649,0.000000
106627.493150,0.000000
106627.495651,0.000989
106627.498152,0.007266
106627.500653,0.000000
106627.503154,0.000000
106627.505655,0.013741
106627.508156,0.007844
106627.510657,0.004537
106627.513158,0.000000
106627.515659,0.017332
106627.518160,0.002642
106627.520661,0.000000
106627.523162,0.000000
106627.525663,0.000000
106627.528164,0.000000
106627.530665,0.000000
106627.533166,0.000000
106627.535667,0.000000
106627.538168,0.000000
106627.540669,0.000000
106627.543170,0.010484
106627.545671,0.000000
106627.548173,0.017161
106627.550674,0.012017
106627.553175,0.000000
106627.555676,0.000000
106627.558177,0.000000
106627.560678,0.008311
106627.563179,0.025852
106627.565680,0.016964
106627.568181,0.000000
106627.570682,0.001647
106627.573183,0.021865
106627.575684,0.007530
106627.578185,0.014509
106627.580686,0.009354
106627.583187,0.001095
106627.585688,0.000000
106627.588189,0.000000
106627.590690,0.000000
106627.593191,0.000000
106627.595692,0.000000
106627.598193,0.001430
106627.600694,0.000000
106627.603195,0.003101
106627.605696,0.009541
106627.608197,0.000000
106627.610698,0.010600
106627.613199,0.016348
106627.615701,0.005963
106627.618202,0.000000
106627.620703,0.013598
106627.623204,0.006933
106627.625705,0.008889
106627.628206,0.022050
106627.630707,0.010190
106627.633208,0.022612
106627.635709,0.000000
106627.638210,0.000000
106627.640711,0.016503
106627.643212,0.000000
106627.645713,0.027124
106627.648214,0.018700
106627.650715,0.001258
106627.653216,0.017255
106627.655717,0.009513
106627.658218,0.000000
106627.660719,0.000000
106627.663220,0.004104
106627.665721,0.002292
106627.668222,0.018789
106627.670723,0.004339
106627.673224,0.000000
106627.675725,0.000000
106627.678226,0.010673
106627.680727,0.000000
106627.683228,0.000000
106627.685730,0.000000
106627.688231,0.013311
106627.690732,0.000000
106627.693233,0.006621
106627.695734,0.000069
106627.698235,0.000000
106627.700736,0.000000
106627.703237,0.012063
106627.705738,0.000000
106627.708239,0.000000
106627.710740,0.016462
106627.713241,0.000000
106627.715742,0.000000
106627.718243,0.000000
106627.720744,0.009570
106627.723245,0.010537
106627.725746,0.000000
106627.728247,0.000000
106627.730748,0.000000
106627.733249,0.016922
106627.735750,0.000000
106627.738251,0.015199
106627.740752,0.000000
106627.743253,0.000000
106627.745754,0.001570
106627.748255,0.013612
106627.750756,0.021138
106627.753258,0.014245
106627.755759,0.022296
106627.758260,0.002615
106627.760761,0.000000
106627.763262,0.017008
106627.765763,0.019585
106627.768264,0.013370
106627.770765,0.008799
106627.773266,0.019994
106627.775767,0.004912
106627.778268,0.000000
106627.780769,0.010421
106627.783270,0.006860
106627.785771,0.012716
106627.788272,0.000000
106627.790773,0.013060
106627.793274,0.012318
106627.795775,0.003064
106627.798276,0.000000
106627.800777,0.017820
106627.803278,0.000000
106627.805779,0.000000
106627.808280,0.002413
106627.810781,0.000000
106627.813282,0.022162
106627.815783,0.000211
106627.818284,0.022112
106627.820786,0.025912
106627.823287,0.000000
106627.825788,0.019373
106627.828289,0.000000
106627.830790,0.006224
106627.833291,0.000000
106627.835792,0.010004
106627.838293,0.012677
106627.840794,0.000000
106627.843295,0.007826
106627.845796,0.013569
106627.848297,0.002698
106627.850798,0.036470
106627.853299,0.000000
106627.855800,0.023784
106627.858301,0.016452
106627.860802,0.000000
106627.863303,0.021444
106627.865804,0.015426
106627.868305,0.001640
106627.870806,0.005298
106627.873307,0.007078
106627.875808,0.019754
106627.878309,0.000000
106627.880810,0.022781
106627.883311,0.000000
106627.885812,0.000000
106627.888314,0.008525
106627.890815,0.018084
106627.893316,0.000000
106627.895817,0.000000
106627.898318,0.000000
106627.900819,0.006267
106627.903320,0.000000
106627.905821,0.018447
106627.908322,0.001047
106627.910823,0.000000
106627.913324,0.004439
106627.915825,0.014588
106627.918326,0.019409
106627.920827,0.000000
106627.923328,0.000968
106627.925829,0.011193
106627.928330,0.000000
106627.930831,0.010583
106627.933332,0.000000
106627.935833,0.000000
106627.938334,0.000038
106627.940835,0.001861
106627.943336,0.027489
106627.945837,0.000000
106627.948338,0.000000
106627.950839,0.020780
106627.953340,0.006387
106627.955842,0.011025
106627.958343,0.000000
106627.960844,0.003540
106627.963345,0.011640
106627.965846,0.000000
106627.968347,0.009027
106627.970848,0.000000
106627.973349,0.000000
106627.975850,0.014553
106627.978351,0.016344
106627.980852,0.001849
106627.983353,0.006474
106627.985854,0.019026
106627.988355,0.000000
106627.990856,0.005007
106627.993357,0.000000
106627.995858,0.000000
106627.998359,0.000000
106628.000860,0.000000
106628.003361,0.006112
106628.005862,0.000000
106628.008363,0.000000
106628.010864,0.010668
106628.013365,0.009734
106628.015866,0.000000
106628.018367,0.010100
106628.020868,0.000000
106628.023370,0.000000
106628.025871,0.005851
106628.028372,0.014849
106628.030873,0.000000
106628.033374,0.000000
106628.035875,0.014112
106628.038376,0.008800
106628.040877,0.002136
106628.043378,0.016965
106628.045879,0.027966
106628.048380,0.005256
106628.050881,0.000000
106628.053382,0.007143
106628.055883,0.000000
106628.058384,0.017842
106628.060885,0.000000
106628.063386,0.000000
106628.065887,0.000000
106628.068388,0.002617
106628.070889,0.003123
106628.073390,0.010667
106628.075891,0.001718
106628.078392,0.000665
106628.080893,0.000000
106628.083394,0.000000
106628.085895,0.000000
106628.088396,0.020018
106628.090898,0.000000
106628.093399,0.023566
106628.095900,0.000000
106628.098401,0.000000
106628.100902,0.000000
106628.103403,0.000000
106628.105904,0.000939
106628.108405,0.009722
106628.110906,0.002498
106628.113407,0.000000
106628.115908,0.000000
106628.118409,0.000000
106628.120910,0.008683
106628.123411,0.012330
106628.125912,0.000000
106628.128413,0.014464
106628.130914,0.008174
106628.133415,0.000000
106628.135916,0.003544
106628.138417,0.005311
106628.140918,0.000000
106628.143419,0.000000
106628.145920,0.006806
106628.148421,0.000000
106628.150922,0.021719
106628.153423,0.024721
106628.155924,0.006779
106628.158425,0.013670
106628.160927,0.000000
106628.163428,0.000000
106628.165929,0.000000
106628.168430,0.000000
106628.170931,0.004419
106628.173432,0.000000
106628.175933,0.002736
106628.178434,0.000000
106628.180935,0.009155
106628.183436,0.004687
106628.185937,0.000000
106628.188438,0.000000
106628.190939,0.002334
106628.193440,0.000000
106628.195941,0.017898
106628.198442,0.007597
106628.200943,0.012105
106628.203444,0.000000
106628.205945,0.005115
106628.208446,0.000000
106628.210947,0.002141
106628.213448,0.000000
106628.215949,0.000000
106628.218450,0.000000
106628.220951,0.000000
106628.223452,0.000000
106628.225953,0.025095
106628.228455,0.002304
106628.230956,0.000082
106628.233457,0.009711
106628.235958,0.000000
106628.238459,0.000000
106628.240960,0.007628
106628.243461,0.002319
106628.245962,0.000000
106628.248463,0.009308
106628.250964,0.004348
106628.253465,0.007262
106628.255966,0.005598
106628.258467,0.000000
106628.260968,0.000000
106628.263469,0.000000
106628.265970,0.000000
106628.268471,0.000000
106628.270972,0.009002
106628.273473,0.007356
106628.275974,0.000000
106628.278475,0.000000
106628.280976,0.018773
106628.283477,0.000000
106628.285978,0.001641
106628.288479,0.011279
106628.290980,0.000000
106628.293481,0.000000
106628.295983,0.000000
106628.298484,0.000000
106628.300985,0.002053
106628.303486,0.000000
106628.305987,0.000000
106628.308488,0.007760
106628.310989,0.006086
106628.313490,0.020268
106628.315991,0.012028
106628.318492,0.005864
106628.320993,0.000412
106628.323494,0.000000
106628.325995,0.007229
106628.328496,0.004646
106628.330997,0.000000
106628.333498,0.000000
106628.335999,0.000000
106628.338500,0.016604
106628.341001,0.001583
106628.343502,0.000408
106628.346003,0.006078
106628.348504,0.006913
106628.351005,0.003575
106628.353506,0.000000
106628.356007,0.000000
106628.358508,0.014433
106628.361009,0.000000
106628.363511,0.022584
106628.366012,0.002217
106628.368513,0.000757
106628.371014,0.010916
106628.373515,0.000000
106628.376016,0.008243
106628.378517,0.001656
106628.381018,0.005902
106628.383519,0.000000
106628.386020,0.000000
106628.388521,0.000000
106628.391022,0.000000
106628.393523,0.000000
106628.396024,0.000000
106628.398525,0.000000
106628.401026,0.000923
106628.403527,0.007178
106628.406028,0.008127
106628.408529,0.009343
106628.411030,0.009944
106628.413531,0.003954
106628.416032,0.000793
106628.418533,0.013345
106628.421034,0.009958
106628.423535,0.000000
106628.426036,0.000000
106628.428537,0.000000
106628.431039,0.000000
106628.433540,0.000000
106628.436041,0.000000
106628.438542,0.000000
106628.441043,0.000000
106628.443544,0.011133
106628.446045,0.000000
106628.448546,0.007029
106628.451047,0.000000
106628.453548,0.000000
106628.456049,0.006229
106628.458550,0.000000
106628.461051,0.002449
106628.463552,0.003983
106628.466053,0.000000
106628.468554,0.006863
106628.471055,0.000000
106628.473556,0.000000
106628.476057,0.000000
106628.478558,0.011699
106628.481059,0.000000
106628.483560,0.009351
106628.486061,0.004877
106628.488562,0.001068
106628.491063,0.003543
106628.493564,0.000000
106628.496065,0.009800
106628.498567,0.000000
106628.501068,0.000000
106628.503569,0.000000
106628.506070,0.011510
106628.508571,0.007067
106628.511072,0.026061
106628.513573,0.000000
106628.516074,0.000000
106628.518575,0.000000
106628.521076,0.000000
106628.523577,0.000000
106628.526078,0.000000
106628.528579,0.000000
106628.531080,0.000000
106628.533581,0.000337
106628.536082,0.009059
106628.538583,0.000000
106628.541084,0.000000
106628.543585,0.014803
106628.546086,0.000000
106628.548587,0.000000
106628.551088,0.013750
106628.553589,0.000000
106628.556090,0.000000
106628.558591,0.024516
106628.561092,0.011481
106628.563593,0.011927
106628.566095,0.000000
106628.568596,0.009202
106628.571097,0.000000
106628.573598,0.000000
106628.576099,0.013610
106628.578600,0.000000
106628.581101,0.000000
106628.583602,0.004591
106628.586103,0.000000
106628.588604,0.000106
106628.591105,0.005540
106628.593606,0.004337
106628.596107,0.000000
106628.598608,0.000000
106628.601109,0.005690
106628.603610,0.004871
106628.606111,0.004166
106628.608612,0.001645
106628.611113,0.004886
106628.613614,0.012596
106628.616115,0.004452
106628.618616,0.001404
106628.621117,0.000000
106628.623618,0.019906
106628.626119,0.000000
106628.628620,0.000000
106628.631121,0.000000
106628.633622,0.000000
106628.636124,0.005082
106628.638625,0.000000
106628.641126,0.000458
106628.643627,0.000000
106628.646128,0.010820
106628.648629,0.012661
106628.651130,0.000000
106628.653631,0.025356
106628.656132,0.000000
106628.658633,0.008440
106628.661134,0.002590
106628.663635,0.001518
106628.666136,0.007998
106628.668637,0.018936
106628.671138,0.011161
106628.673639,0.000000
106628.676140,0.000000
106628.678641,0.000000
106628.681142,0.010273
106628.683643,0.008473
106628.686144,0.000000
106628.688645,0.019053
106628.691146,0.015424
106628.693647,0.026192
106628.696148,0.000000
106628.698649,0.000000
106628.701150,0.000000
106628.703652,0.037399
106628.706153,0.000141
106628.708654,0.018172
106628.711155,0.014863
106628.713656,0.000000
106628.716157,0.000797
106628.718658,0.007509
106628.721159,0.018067
106628.723660,0.000000
106628.726161,0.000000
106628.728662,0.013391
106628.731163,0.000000
106628.733664,0.003630
106628.736165,0.015228
106628.738666,0.006180
106628.741167,0.000000
106628.743668,0.000000
106628.746169,0.017051
106628.748670,0.000000
106628.751171,0.000000
106628.753672,0.016358
106628.756173,0.011505
106628.758674,0.000000
106628.761175,0.036114
106628.763676,0.000000
106628.766177,0.011262
106628.768678,0.028534
106628.771180,0.012758
106628.773681,0.003723
106628.776182,0.000000
106628.778683,0.029316
106628.781184,0.012426
106628.783685,0.000000
106628.786186,0.022186
106628.788687,0.000878
106628.791188,0.000000
106628.793689,0.000000
106628.796190,0.002458
106628.798691,0.011605
106628.801192,0.000000
106628.803693,0.001833
106628.806194,0.048558
106628.808695,0.006833
106628.811196,0.013874
106628.813697,0.000000
106628.816198,0.000000
106628.818699,0.021036
106628.821200,0.016936
106628.823701,0.024617
106628.826202,0.000000
106628.828703,0.018016
106628.831204,0.000000
106628.833705,0.007774
106628.836206,0.014838
106628.838708,0.000000
106628.841209,0.015166
106628.843710,0.000000
106628.846211,0.000000
106628.848712,0.000000
106628.851213,0.022713
106628.853714,0.000000
106628.856215,0.000000
106628.858716,0.000000
106628.861217,0.000000
106628.863718,0.002801
106628.866219,0.009172
106628.868720,0.000000
106628.871221,0.005356
106628.873722,0.008790
106628.876223,0.000000
106628.878724,0.000907
106628.881225,0.000000
106628.883726,0.001061
106628.886227,0.000000
106628.888728,0.000000
106628.891229,0.000446
106628.893730,0.026774
106628.896231,0.000643
106628.898732,0.019224
106628.901233,0.020312
106628.903734,0.000000
106628.906236,0.000000
106628.908737,0.020341
106628.911238,0.002601
106628.913739,0.000000
106628.916240,0.010773
106628.918741,0.015333
106628.921242,0.000000
106628.923743,0.000000
106628.926244,0.000000
106628.928745,0.000676
106628.931246,0.000000
106628.933747,0.000000
106628.936248,0.000000
106628.938749,0.000000
106628.941250,0.002430
106628.943751,0.000000
106628.946252,0.006420
106628.948753,0.002498
106628.951254,0.018293
106628.953755,0.000000
106628.956256,0.025565
106628.958757,0.015329
106628.961258,0.021355
106628.963759,0.003631
106628.966260,0.000000
106628.968761,0.000000
106628.971262,0.025171
106628.973764,0.015752
106628.976265,0.000000
106628.978766,0.014042
106628.981267,0.000000
106628.983768,0.004658
106628.986269,0.011863
106628.988770,0.020942
106628.991271,0.003412
106628.993772,0.000000
106628.996273,0.000634
106628.998774,0.015324
106629.001275,0.011324
106629.003776,0.000000
106629.006277,0.000000
106629.008778,0.000000
106629.011279,0.003237
106629.013780,0.000000
106629.016281,0.000000
106629.018782,0.000000
106629.021283,0.029826
106629.023784,0.001758
106629.026285,0.010341
106629.028786,0.007247
106629.031287,0.000000
106629.033788,0.000000
106629.036289,0.000000
106629.038790,0.024809
106629.041292,0.000000
106629.043793,0.000000
106629.046294,0.000000
106629.048795,0.000000
106629.051296,0.001457
106629.053797,0.000000
106629.056298,0.002342
106629.058799,0.007218
106629.061300,0.003402
106629.063801,0.005465
106629.066302,0.015975
106629.068803,0.000000
106629.071304,0.010054
106629.073805,0.000000
106629.076306,0.000000
106629.078807,0.001739
106629.081308,0.005908
106629.083809,0.007599
106629.086310,0.000000
106629.088811,0.023430
106629.091312,0.000000
106629.093813,0.000000
106629.096314,0.000000
106629.098815,0.000000
106629.101316,0.000000
106629.103817,0.004515
106629.106318,0.008678
106629.108819,0.000000
106629.111321,0.000000
106629.113822,0.000000
106629.116323,0.001397
106629.118824,0.003777
106629.121325,0.000000
106629.123826,0.000000
106629.126327,0.022510
106629.128828,0.000000
106629.131329,0.000000
106629.133830,0.007181
106629.136331,0.000000
106629.138832,0.008781
106629.141333,0.000000
106629.143834,0.009114
106629.146335,0.000623
106629.148836,0.000000
106629.151337,0.009877
106629.153838,0.000000
106629.156339,0.000000
106629.158840,0.009051
106629.161341,0.000000
106629.163842,0.000000
106629.166343,0.016176
106629.168844,0.000000
106629.171345,0.020377
106629.173846,0.000000
106629.176347,0.000000
106629.178849,0.004056
106629.181350,0.008663
106629.183851,0.004280
106629.186352,0.000679
106629.188853,0.000000
106629.191354,0.022426
106629.193855,0.011102
106629.196356,0.016886
106629.198857,0.000000
106629.201358,0.000000
106629.203859,0.014651
106629.206360,0.005120
106629.208861,0.002627
106629.211362,0.000000
106629.213863,0.000000
106629.216364,0.000000
106629.218865,0.000649
106629.221366,0.000000
106629.223867,0.010954
106629.226368,0.029253
106629.228869,0.000000
106629.231370,0.000000
106629.233871,0.000000
106629.236372,0.004528
106629.238873,0.006510
106629.241374,0.023018
106629.243875,0.011718
106629.246377,0.000000
106629.248878,0.000000
106629.251379,0.005827
106629.253880,0.000000
106629.256381,0.021763
106629.258882,0.000000
106629.261383,0.013799
106629.263884,0.000000
106629.266385,0.003766
106629.268886,0.000000
106629.271387,0.008027
106629.273888,0.015408
106629.276389,0.003634
106629.278890,0.027422
106629.281391,0.000000
106629.283892,0.001407
106629.286393,0.012149
106629.288894,0.000000
106629.291395,0.000895
106629.293896,0.009538
106629.296397,0.013347
106629.298898,0.016401
106629.301399,0.000000
106629.303900,0.004140
106629.306401,0.000000
106629.308902,0.000000
106629.311403,0.000000
106629.313905,0.016432
106629.316406,0.007583
106629.318907,0.000576
106629.321408,0.006444
106629.323909,0.007486
106629.326410,0.005300
106629.328911,0.000000
106629.331412,0.000000
106629.333913,0.000000
106629.336414,0.000000
106629.338915,0.008924
106629.341416,0.021961
106629.343917,0.008096
106629.346418,0.000000
106629.348919,0.000000
106629.351420,0.000261
106629.353921,0.000000
106629.356422,0.000448
106629.358923,0.006741
106629.361424,0.020236
106629.363925,0.026123
106629.366426,0.000000
106629.368927,0.000000
106629.371428,0.000000
106629.373929,0.000000
106629.376430,0.001417
106629.378931,0.000000
106629.381433,0.008816
106629.383934,0.019486
106629.386435,0.001901
106629.388936,0.000000
106629.391437,0.000000
106629.393938,0.029337
106629.396439,0.013026
106629.398940,0.005741
106629.401441,0.000000
106629.403942,0.023152
106629.406443,0.000000
106629.408944,0.000000
106629.411445,0.003807
106629.413946,0.000000
106629.416447,0.003860
106629.418948,0.019307
106629.421449,0.000000
106629.423950,0.000000
106629.426451,0.012421
106629.428952,0.000000
106629.431453,0.005963
106629.433954,0.005994
106629.436455,0.012777
106629.438956,0.000000
106629.441457,0.000000
106629.443958,0.005700
106629.446459,0.000000
106629.448961,0.013432
106629.451462,0.000000
106629.453963,0.000000
106629.456464,0.009919
106629.458965,0.000000
106629.461466,0.000000
106629.463967,0.006433
106629.466468,0.003632
106629.468969,0.000000
106629.471470,0.000000
106629.473971,0.022166
106629.476472,0.013109
106629.478973,0.000000
106629.481474,0.019369
106629.483975,0.010846
106629.486476,0.007015
106629.488977,0.007564
106629.491478,0.000000
106629.493979,0.021621
106629.496480,0.013667
106629.498981,0.003521
106629.501482,0.003499
106629.503983,0.000000
106629.506484,0.000000
106629.508985,0.007678
106629.511486,0.000000
106629.513987,0.002165
106629.516489,0.001399
106629.518990,0.005533
106629.521491,0.013520
106629.523992,0.005793
106629.526493,0.009962
106629.528994,0.000000
106629.531495,0.006613
106629.533996,0.001078
106629.536497,0.005339
106629.538998,0.000000
106629.541499,0.016531
106629.544000,0.003597
106629.546501,0.000000
106629.549002,0.000000
106629.551503,0.012967
106629.554004,0.000000
106629.556505,0.000000
106629.559006,0.000000
106629.561507,0.014523
106629.564008,0.006928
106629.566509,0.000000
106629.569010,0.000000
106629.571511,0.000066
106629.574012,0.000000
106629.576513,0.000000
106629.579014,0.000000
106629.581515,0.000000
106629.584016,0.000000
106629.586518,0.010353
106629.589019,0.000000
106629.591520,0.000000
106629.594021,0.011429
106629.596522,0.000000
106629.599023,0.000000
106629.601524,0.000000
106629.604025,0.006409
106629.606526,0.000000
106629.609027,0.000000
106629.611528,0.006920
106629.614029,0.005384
106629.616530,0.000000
106629.619031,0.001361
106629.621532,0.000000
106629.624033,0.016807
106629.626534,0.017684
106629.629035,0.000000
106629.631536,0.015297
106629.634037,0.000000
106629.636538,0.000000
106629.639039,0.000000
106629.641540,0.000000
106629.644041,0.000952
106629.646542,0.000000
106629.649043,0.000000
106629.651544,0.001828
106629.654046,0.018032
106629.656547,0.000000
106629.659048,0.027591
106629.661549,0.000000
106629.664050,0.000000
106629.666551,0.019093
106629.669052,0.008714
106629.671553,0.007685
106629.674054,0.017892
106629.676555,0.000000
106629.679056,0.013200
106629.681557,0.000000
106629.684058,0.005997
106629.686559,0.008070
106629.689060,0.016461
106629.691561,0.010167
106629.694062,0.002937
106629.696563,0.000000
106629.699064,0.000000
106629.701565,0.000000
106629.704066,0.000000
106629.706567,0.025042
106629.709068,0.014345
106629.711569,0.003656
106629.714070,0.011705
106629.716571,0.010816
106629.719072,0.000000
106629.721574,0.009146
106629.724075,0.018238
106629.726576,0.000000
106629.729077,0.000000
106629.731578,0.000000
106629.734079,0.000000
106629.736580,0.000000
106629.739081,0.000000
106629.741582,0.000000
106629.744083,0.000000
106629.746584,0.000000
106629.749085,0.000000
106629.751586,0.008654
106629.754087,0.000000
106629.756588,0.004041
106629.759089,0.000000
106629.761590,0.000000
106629.764091,0.000000
106629.766592,0.005107
106629.769093,0.002652
106629.771594,0.017795
106629.774095,0.000000
106629.776596,0.000000
106629.779097,0.013354
106629.781598,0.004754
106629.784099,0.012699
106629.786600,0.000000
106629.789102,0.000000
106629.791603,0.032231
106629.794104,0.000000
106629.796605,0.000000
106629.799106,0.010298
106629.801607,0.000000
106629.804108,0.000000
106629.806609,0.001789
106629.809110,0.000000
106629.811611,0.000000
106629.814112,0.022834
106629.816613,0.000000
106629.819114,0.000000
106629.821615,0.014032
106629.824116,0.000000
106629.826617,0.000000
106629.829118,0.000000
106629.831619,0.003037
106629.834120,0.000571
106629.836621,0.000000
106629.839122,0.002155
106629.841623,0.011747
106629.844124,0.010099
106629.846625,0.000000
106629.849126,0.000000
106629.851627,0.013277
106629.854128,0.000000
106629.856630,0.007065
106629.859131,0.012058
106629.861632,0.000000
106629.864133,0.000000
106629.866634,0.011707
106629.869135,0.000000
106629.871636,0.000000
106629.874137,0.011938
106629.876638,0.015856
106629.879139,0.000000
106629.881640,0.025382
106629.884141,0.000000
106629.886642,0.000000
106629.889143,0.000000
106629.891644,0.000000
106629.894145,0.000000
106629.896646,0.000000
106629.899147,0.000000
106629.901648,0.000000
106629.904149,0.000000
106629.906650,0.009795
106629.909151,0.000440
106629.911652,0.000000
106629.914153,0.000000
106629.916654,0.016003
106629.919155,0.000000
106629.921656,0.000000
106629.924158,0.000000
106629.926659,0.000000
106629.929160,0.006916
106629.931661,0.012637
106629.934162,0.023680
106629.936663,0.010617
106629.939164,0.000000
106629.941665,0.000000
106629.944166,0.000000
106629.946667,0.000000
106629.949168,0.000000
106629.951669,0.000000
106629.954170,0.030272
106629.956671,0.000000
106629.959172,0.000000
106629.961673,0.000000
106629.964174,0.023711
106629.966675,0.027393
106629.969176,0.000838
106629.971677,0.001384
106629.974178,0.017604
106629.976679,0.000000
106629.979180,0.006611
106629.981681,0.012059
106629.984182,0.000000
106629.986683,0.022073
106629.989184,0.000000
106629.991686,0.000000
106629.994187,0.001434
106629.996688,0.013496
106629.999189,0.009730
106630.001690,0.000000
106630.004191,0.004082
106630.006692,0.015416
106630.009193,0.000121
106630.011694,0.000000
106630.014195,0.000000
106630.016696,0.013060
106630.019197,0.000000
106630.021698,0.000000
106630.024199,0.000000
106630.026700,0.000000
106630.029201,0.012360
106630.031702,0.000000
106630.034203,0.004977
106630.036704,0.016536
106630.039205,0.000000
106630.041706,0.001173
106630.044207,0.000000
106630.046708,0.012542
106630.049209,0.011428
106630.051710,0.000000
106630.054211,0.000000
106630.056712,0.009579
106630.059213,0.000000
106630.061715,0.000000
106630.064216,0.011178
106630.066717,0.016714
106630.069218,0.019237
106630.071719,0.000000
106630.074220,0.000000
106630.076721,0.000000
106630.079222,0.007438
106630.081723,0.000000
106630.084224,0.000000
106630.086725,0.010407
106630.089226,0.000000
106630.091727,0.008943
106630.094228,0.000227
106630.096729,0.000000
106630.099230,0.000000
106630.101731,0.000000
106630.104232,0.000000
106630.106733,0.000000
106630.109234,0.006943
106630.111735,0.017919
106630.114236,0.000000
106630.116737,0.026804
106630.119238,0.005409
106630.121739,0.003708
106630.124240,0.009408
106630.126741,0.014006
106630.129243,0.000000
106630.131744,0.007969
106630.134245,0.015033
106630.136746,0.000000
106630.139247,0.000068
106630.141748,0.000000
106630.144249,0.000000
106630.146750,0.000000
106630.149251,0.000000
106630.151752,0.000000
106630.154253,0.004752
106630.156754,0.006147
106630.159255,0.000000
106630.161756,0.000000
106630.164257,0.012222
106630.166758,0.000000
106630.169259,0.011838
106630.171760,0.000000
106630.174261,0.005415
106630.176762,0.010806
106630.179263,0.000000
106630.181764,0.012474
106630.184265,0.018731
106630.186766,0.000000
106630.189267,0.004966
106630.191768,0.000000
106630.194269,0.005221
106630.196771,0.035349
106630.199272,0.000000
106630.201773,0.000000
106630.204274,0.011444
106630.206775,0.018121
106630.209276,0.000000
106630.211777,0.000000
106630.214278,0.000000
106630.216779,0.000000
106630.219280,0.000000
106630.221781,0.000000
106630.224282,0.000000
106630.226783,0.000000
106630.229284,0.000000
106630.231785,0.000000
106630.234286,0.000000
106630.236787,0.000000
106630.239288,0.013684
106630.241789,0.000000
106630.244290,0.000199
106630.246791,0.000000
106630.249292,0.000104
106630.251793,0.000031
106630.254294,0.011565
106630.256795,0.000000
106630.259296,0.000000
106630.261797,0.000599
106630.264299,0.000000
106630.266800,0.000000
106630.269301,0.000000
106630.271802,0.015079
106630.274303,0.000000
106630.276804,0.017228
106630.279305,0.000000
106630.281806,0.012297
106630.284307,0.000000
106630.286808,0.000000
106630.289309,0.000000
106630.291810,0.035951
106630.294311,0.000000
106630.296812,0.015745
106630.299313,0.000000
106630.301814,0.002569
106630.304315,0.005004
106630.306816,0.040741
106630.309317,0.000000
106630.311818,0.000000
106630.314319,0.005041
106630.316820,0.000000
106630.319321,0.005883
106630.321822,0.000000
106630.324323,0.000000
106630.326824,0.007101
106630.329325,0.001556
106630.331827,0.010921
106630.334328,0.023735
106630.336829,0.000000
106630.339330,0.000000
106630.341831,0.000000
106630.344332,0.007484
106630.346833,0.000000
106630.349334,0.004963
106630.351835,0.016740
106630.354336,0.000000
106630.356837,0.000000
106630.359338,0.014572
106630.361839,0.010161
106630.364340,0.008639
106630.366841,0.000000
106630.369342,0.000000
106630.371843,0.000000
106630.374344,0.000000
106630.376845,0.008353
106630.379346,0.004087
106630.381847,0.000000
106630.384348,0.000000
106630.386849,0.006832
106630.389350,0.000000
106630.391851,0.000000
106630.394352,0.028420
106630.396853,0.000000
106630.399355,0.009604
106630.401856,0.005639
106630.404357,0.000000
106630.406858,0.000000
106630.409359,0.011765
106630.411860,0.000000
106630.414361,0.000000
106630.416862,0.005666
106630.419363,0.000000
106630.421864,0.006261
106630.424365,0.038606
106630.426866,0.005493
106630.429367,0.008793
106630.431868,0.000000
106630.434369,0.000000
106630.436870,0.014707
106630.439371,0.000000
106630.441872,0.000000
106630.444373,0.025761
106630.446874,0.000000
106630.449375,0.017456
106630.451876,0.005566
106630.454377,0.000000
106630.456878,0.004904
106630.459379,0.000000
106630.461880,0.012995
106630.464381,0.017913
106630.466882,0.000704
106630.469384,0.019283
106630.471885,0.002299
106630.474386,0.013136
106630.476887,0.042390
106630.479388,0.035551
106630.481889,0.000000
106630.484390,0.004216
106630.486891,0.000000
106630.489392,0.011471
106630.491893,0.005591
106630.494394,0.000000
106630.496895,0.017047
106630.499396,0.000000
106630.501897,0.000000
106630.504398,0.005738
106630.506899,0.000000
106630.509400,0.000000
106630.511901,0.025082
106630.514402,0.000000
106630.516903,0.009701
106630.519404,0.000000
106630.521905,0.000000
106630.524406,0.000000
106630.526907,0.038558
106630.529408,0.011227
106630.531909,0.006637
106630.534410,0.000000
106630.536912,0.000000
106630.539413,0.000000
106630.541914,0.025801
106630.544415,0.004090
106630.546916,0.004664
106630.549417,0.015967
106630.551918,0.088647
106630.554419,0.190625
106630.556920,0.415845
106630.559421,0.690676
106630.561922,0.744548
106630.564423,0.568084
106630.566924,0.310409
106630.569425,0.129051
106630.571926,0.041141
106630.574427,0.019129
106630.576928,0.000000
106630.579429,0.000000
106630.581930,0.000000
106630.584431,0.015997
106630.586932,0.018420
106630.589433,0.028128
106630.591934,0.005049
106630.594435,0.026792
106630.596936,0.000000
106630.599437,0.003102
106630.601938,0.000000
106630.604440,0.008235
106630.606941,0.004090
106630.609442,0.000000
106630.611943,0.015938
106630.614444,0.012286
106630.616945,0.000000
106630.619446,0.004039
106630.621947,0.000000
106630.624448,0.000000
106630.626949,0.023974
106630.629450,0.000000
106630.631951,0.000137
106630.634452,0.000000
106630.636953,0.004854
106630.639454,0.008083
106630.641955,0.010401
106630.644456,0.006722
106630.646957,0.020494
106630.649458,0.000000
106630.651959,0.000000
106630.654460,0.000000
106630.656961,0.000000
106630.659462,0.001132
106630.661963,0.000000
106630.664464,0.006859
106630.666965,0.000000
106630.669466,0.000000
106630.671968,0.017444
106630.674469,0.008219
106630.676970,0.000000
106630.679471,0.000000
106630.681972,0.000000
106630.684473,0.000185
106630.686974,0.000000
106630.689475,0.024982
106630.691976,0.001231
106630.694477,0.004550
106630.696978,0.000000
106630.699479,0.006815
106630.701980,0.000000
106630.704481,0.011110
106630.706982,0.000000
106630.709483,0.019771
106630.711984,0.007131
106630.714485,0.000000
106630.716986,0.012095
106630.719487,0.007082
106630.721988,0.011883
106630.724489,0.001232
106630.726990,0.000000
106630.729491,0.001943
106630.731992,0.000000
106630.734493,0.014067
106630.736994,0.021103
106630.739496,0.008317
106630.741997,0.020370
106630.744498,0.016186
106630.746999,0.000000
106630.749500,0.012005
106630.752001,0.000000
106630.754502,0.002673
106630.757003,0.000000
106630.759504,0.000000
106630.762005,0.000000
106630.764506,0.015718
106630.767007,0.000000
106630.769508,0.013018
106630.772009,0.000000
106630.774510,0.000000
106630.777011,0.000000
106630.779512,0.000000
106630.782013,0.000000
106630.784514,0.021661
106630.787015,0.024039
106630.789516,0.000000
106630.792017,0.000000
106630.794518,0.000000
106630.797019,0.006889
106630.799520,0.000000
106630.802021,0.000000
106630.804522,0.000000
106630.807024,0.018839
106630.809525,0.004198
106630.812026,0.000679
106630.814527,0.000000
106630.817028,0.000000
106630.819529,0.007813
106630.822030,0.002040
106630.824531,0.011075
106630.827032,0.007852
106630.829533,0.000283
106630.832034,0.005519
106630.834535,0.000000
106630.837036,0.000000
106630.839537,0.019261
106630.842038,0.000154
106630.844539,0.000000
106630.847040,0.003023
106630.849541,0.000000
106630.852042,0.003172
106630.854543,0.024361
106630.857044,0.000000
106630.859545,0.003836
106630.862046,0.000000
106630.864547,0.000000
106630.867048,0.000000
106630.869549,0.010260
106630.872050,0.000000
106630.874552,0.009892
106630.877053,0.000993
106630.879554,0.000000
106630.882055,0.005456
106630.884556,0.001636
106630.887057,0.000000
106630.889558,0.002306
106630.892059,0.000000
106630.894560,0.000000
106630.897061,0.000531
106630.899562,0.000000
106630.902063,0.000000
106630.904564,0.000000
106630.907065,0.001137
106630.909566,0.006339
106630.912067,0.000000
106630.914568,0.000000
106630.917069,0.001984
106630.919570,0.001597
106630.922071,0.000000
106630.924572,0.026267
106630.927073,0.002649
106630.929574,0.000000
106630.932075,0.000000
106630.934576,0.014490
106630.937077,0.007829
106630.939578,0.000000
106630.942079,0.000000
106630.944581,0.000000
106630.947082,0.000000
106630.949583,0.009008
106630.952084,0.000000
106630.954585,0.000000
106630.957086,0.024407
106630.959587,0.000417
106630.962088,0.000000
106630.964589,0.000000
106630.967090,0.000000
106630.969591,0.000000
106630.972092,0.000000
106630.974593,0.007788
106630.977094,0.000531
106630.979595,0.000000
106630.982096,0.000000
106630.984597,0.011950
106630.987098,0.000000
106630.989599,0.001551
106630.992100,0.000000
106630.994601,0.000000
106630.997102,0.000000
106630.999603,0.000000
106631.002104,0.000000
106631.004605,0.000000
106631.007106,0.004289
106631.009607,0.000000
106631.012109,0.000000
106631.014610,0.000000
106631.017111,0.011198
106631.019612,0.000000
106631.022113,0.000185
106631.024614,0.000000
106631.027115,0.016209
106631.029616,0.000000
106631.032117,0.009509
106631.034618,0.014580
106631.037119,0.022141
106631.039620,0.000000
106631.042121,0.000000
106631.044622,0.016737
106631.047123,0.014385
106631.049624,0.000000
106631.052125,0.000000
106631.054626,0.001162
106631.057127,0.000000
106631.059628,0.000000
106631.062129,0.002603
106631.064630,0.004534
106631.067131,0.022713
106631.069632,0.000000
106631.072133,0.000000
106631.074634,0.013176
106631.077135,0.005416
106631.079637,0.000000
106631.082138,0.000456
106631.084639,0.000000
106631.087140,0.009940
106631.089641,0.024245
106631.092142,0.000000
106631.094643,0.006045
106631.097144,0.000000
106631.099645,0.000000
106631.102146,0.008080
106631.104647,0.000000
106631.107148,0.000000
106631.109649,0.000126
106631.112150,0.012624
106631.114651,0.000000
106631.117152,0.025086
106631.119653,0.008231
106631.122154,0.008517
106631.124655,0.000000
106631.127156,0.025095
106631.129657,0.013822
106631.132158,0.000000
106631.134659,0.010879
106631.137160,0.000000
106631.139661,0.000000
106631.142162,0.021066
106631.144663,0.005567
106631.147165,0.009502
106631.149666,0.016800
106631.152167,0.007874
106631.154668,0.000000
106631.157169,0.023862
106631.159670,0.007414
106631.162171,0.008428
106631.164672,0.000803
106631.167173,0.015954
106631.169674,0.027506
106631.172175,0.000000
106631.174676,0.015303
106631.177177,0.000494
106631.179678,0.000000
106631.182179,0.000000
106631.184680,0.006094
106631.187181,0.014512
106631.189682,0.008748
106631.192183,0.011047
106631.194684,0.037196
106631.197185,0.007589
106631.199686,0.000000
106631.202187,0.000000
106631.204688,0.023484
106631.207189,0.000000
106631.209690,0.017781
106631.212191,0.000232
106631.214693,0.000000
106631.217194,0.000000
106631.219695,0.021267
106631.222196,0.000000
106631.224697,0.000896
106631.227198,0.000000
106631.229699,0.028237
106631.232200,0.001410
106631.234701,0.000000
106631.237202,0.000000
106631.239703,0.020010
106631.242204,0.000000
106631.244705,0.000000
106631.247206,0.017052
106631.249707,0.004917
106631.252208,0.000000
106631.254709,0.003208
106631.257210,0.000000
106631.259711,0.000753
106631.262212,0.013596
106631.264713,0.003456
106631.267214,0.000000
106631.269715,0.000000
106631.272216,0.015467
106631.274717,0.000000
106631.277218,0.000000
106631.279719,0.000000
106631.282221,0.005433
106631.284722,0.000000
106631.287223,0.000000
106631.289724,0.000000
106631.292225,0.000000
106631.294726,0.000000
106631.297227,0.009500
106631.299728,0.000000
106631.302229,0.007756
106631.304730,0.004500
106631.307231,0.007139
106631.309732,0.000000
106631.312233,0.004206
106631.314734,0.000000
106631.317235,0.023013
106631.319736,0.005196
106631.322237,0.000000
106631.324738,0.000000
106631.327239,0.000000
106631.329740,0.011657
106631.332241,0.016553
106631.334742,0.002606
106631.337243,0.001150
106631.339744,0.000000
106631.342245,0.000000
106631.344746,0.017462
106631.347247,0.000000
106631.349749,0.009463
106631.352250,0.000000
106631.354751,0.014554
106631.357252,0.008313
106631.359753,0.013963
106631.362254,0.027034
106631.364755,0.000000
106631.367256,0.010827
106631.369757,0.006738
106631.372258,0.006428
106631.374759,0.003456
106631.377260,0.003446
106631.379761,0.004831
106631.382262,0.013013
106631.384763,0.011869
106631.387264,0.000000
106631.389765,0.000000
106631.392266,0.000289
106631.394767,0.000000
106631.397268,0.025570
106631.399769,0.000000
106631.402270,0.010770
106631.404771,0.010684
106631.407272,0.000000
106631.409773,0.004252
106631.412274,0.018141
106631.414775,0.000000
106631.417276,0.018844
106631.419778,0.016062
106631.422279,0.000000
106631.424780,0.000000
106631.427281,0.002376
106631.429782,0.000000
106631.432283,0.000000
106631.434784,0.000000
106631.437285,0.031230
106631.439786,0.000000
106631.442287,0.005451
106631.444788,0.010054
106631.447289,0.000000
106631.449790,0.000000
106631.452291,0.017649
106631.454792,0.000573
106631.457293,0.000000
106631.459794,0.011455
106631.462295,0.000000
106631.464796,0.000000
106631.467297,0.000000
106631.469798,0.008159
106631.472299,0.000000
106631.474800,0.011869
106631.477301,0.000731
106631.479802,0.000000
106631.482303,0.000000
106631.484804,0.012881
106631.487306,0.000000
106631.489807,0.017047
106631.492308,0.000000
106631.494809,0.010333
106631.497310,0.000000
106631.499811,0.000000
106631.502312,0.000000
106631.504813,0.000000
106631.507314,0.015971
106631.509815,0.000000
106631.512316,0.000000
106631.514817,0.018691
106631.517318,0.002319
106631.519819,0.011201
106631.522320,0.000000
106631.524821,0.000000
106631.527322,0.029968
106631.529823,0.012267
106631.532324,0.000000
106631.534825,0.003232
106631.537326,0.000000
106631.539827,0.020020
106631.542328,0.000000
106631.544829,0.003954
106631.547330,0.003739
106631.549831,0.000000
106631.552332,0.000000
106631.554834,0.005394
106631.557335,0.000000
106631.559836,0.000000
106631.562337,0.000000
106631.564838,0.000000
106631.567339,0.000000
106631.569840,0.000000
106631.572341,0.000000
106631.574842,0.000000
106631.577343,0.004280
106631.579844,0.011187
106631.582345,0.000000
106631.584846,0.000000
106631.587347,0.008454
106631.589848,0.000000
106631.592349,0.001525
106631.594850,0.000404
106631.597351,0.000000
106631.599852,0.000000
106631.602353,0.004751
106631.604854,0.000000
106631.607355,0.000000
106631.609856,0.002243
106631.612357,0.014204
106631.614858,0.007722
106631.617359,0.000000
106631.619860,0.000000
106631.622362,0.007461
106631.624863,0.000000
106631.627364,0.000000
106631.629865,0.002886
106631.632366,0.016468
106631.634867,0.018469
106631.637368,0.000872
106631.639869,0.000000
106631.642370,0.000000
106631.644871,0.028133
106631.647372,0.000000
106631.649873,0.009736
106631.652374,0.002826
106631.654875,0.000000
106631.657376,0.000000
106631.659877,0.000000
106631.662378,0.016122
106631.664879,0.000000
106631.667380,0.020534
106631.669881,0.000000
106631.672382,0.000000
106631.674883,0.000000
106631.677384,0.000000
106631.679885,0.000000
106631.682386,0.005784
106631.684887,0.001549
106631.687388,0.021184
106631.689890,0.000000
106631.692391,0.017466
106631.694892,0.000000
106631.697393,0.004944
106631.699894,0.000000
106631.702395,0.002913
106631.704896,0.000000
106631.707397,0.000000
106631.709898,0.001524
106631.712399,0.025214
106631.714900,0.000000
106631.717401,0.000000
106631.719902,0.000000
106631.722403,0.000000
106631.724904,0.000000
106631.727405,0.000000
106631.729906,0.006709
106631.732407,0.001263
106631.734908,0.000000
106631.737409,0.000000
106631.739910,0.005999
106631.742411,0.000000
106631.744912,0.023146
106631.747413,0.000000
106631.749914,0.016421
106631.752415,0.007811
106631.754916,0.011801
106631.757418,0.006211
106631.759919,0.006526
106631.762420,0.000000
106631.764921,0.000000
106631.767422,0.000000
106631.769923,0.018251
106631.772424,0.000000
106631.774925,0.000000
106631.777426,0.011503
106631.779927,0.004323
106631.782428,0.002403
106631.784929,0.015932
106631.787430,0.003736
106631.789931,0.000000
106631.792432,0.000000
106631.794933,0.006991
106631.797434,0.000000
106631.799935,0.000000
106631.802436,0.015489
106631.804937,0.000000
106631.807438,0.000000
106631.809939,0.000000
106631.812440,0.000000
106631.814941,0.000000
106631.817442,0.024093
106631.819943,0.000000
106631.822444,0.011267
106631.824946,0.000000
106631.827447,0.007893
106631.829948,0.002433
106631.832449,0.000360
106631.834950,0.002513
106631.837451,0.005975
106631.839952,0.000000
106631.842453,0.000000
106631.844954,0.008294
106631.847455,0.000000
106631.849956,0.000000
106631.852457,0.002570
106631.854958,0.000000
106631.857459,0.000000
106631.859960,0.025930
106631.862461,0.022255
106631.864962,0.000000
106631.867463,0.014352
106631.869964,0.014849
106631.872465,0.006767
106631.874966,0.000000
106631.877467,0.008998
106631.879968,0.011462
106631.882469,0.009223
106631.884970,0.000000
106631.887471,0.029202
106631.889972,0.034520
106631.892473,0.000000
106631.894975,0.007339
106631.897476,0.029384
106631.899977,0.014396
106631.902478,0.014549
106631.904979,0.000000
106631.907480,0.011363
106631.909981,0.003436
106631.912482,0.011201
106631.914983,0.000000
106631.917484,0.000000
106631.919985,0.000000
106631.922486,0.000000
106631.924987,0.000000
106631.927488,0.000000
106631.929989,0.000000
106631.932490,0.000000
106631.934991,0.000000
106631.937492,0.000000
106631.939993,0.007384
106631.942494,0.003742
106631.944995,0.000000
106631.947496,0.019051
106631.949997,0.000000
106631.952498,0.017078
106631.954999,0.004732
106631.957500,0.014372
106631.960001,0.002531
106631.962503,0.008142
106631.965004,0.014214
106631.967505,0.027394
106631.970006,0.015435
106631.972507,0.006438
106631.975008,0.000000
106631.977509,0.000000
106631.980010,0.000000
106631.982511,0.000000
106631.985012,0.000000
106631.987513,0.000000
106631.990014,0.009520
106631.992515,0.000000
106631.995016,0.012858
106631.997517,0.000481
106632.000018,0.000540
106632.002519,0.026932
106632.005020,0.002558
106632.007521,0.000000
106632.010022,0.007525
106632.012523,0.025813
106632.015024,0.000000
106632.017525,0.006316
106632.020026,0.000000
106632.022527,0.000000
106632.025028,0.000000
106632.027529,0.000000
106632.030031,0.024361
106632.032532,0.000000
106632.035033,0.000000
106632.037534,0.001801
106632.040035,0.014619
106632.042536,0.017847
106632.045037,0.000000
106632.047538,0.015983
106632.050039,0.029574
106632.052540,0.000000
106632.055041,0.000000
106632.057542,0.000000
106632.060043,0.026626
106632.062544,0.000000
106632.065045,0.000000
106632.067546,0.011271
106632.070047,0.000000
106632.072548,0.000000
106632.075049,0.000000
106632.077550,0.034331
106632.080051,0.000000
106632.082552,0.000000
106632.085053,0.000000
106632.087554,0.005531
106632.090055,0.012693
106632.092556,0.000000
106632.095057,0.007695
106632.097559,0.000000
106632.100060,0.000000
106632.102561,0.006569
106632.105062,0.029795
106632.107563,0.000000
106632.110064,0.002577
106632.112565,0.018813
106632.115066,0.000000
106632.117567,0.000000
106632.120068,0.000646
106632.122569,0.021407
106632.125070,0.000000
106632.127571,0.003336
106632.130072,0.000000
106632.132573,0.000000
106632.135074,0.005554
106632.137575,0.001808
106632.140076,0.000000
106632.142577,0.006363
106632.145078,0.009616
106632.147579,0.010566
106632.150080,0.000000
106632.152581,0.000000
106632.155082,0.028197
106632.157583,0.001977
106632.160084,0.000000
106632.162585,0.000000
106632.165087,0.000000
106632.167588,0.000000
106632.170089,0.006312
106632.172590,0.000000
106632.175091,0.000218
106632.177592,0.000000
106632.180093,0.020173
106632.182594,0.000000
106632.185095,0.003377
106632.187596,0.000000
106632.190097,0.000000
106632.192598,0.000000
106632.195099,0.004256
106632.197600,0.000000
106632.200101,0.004514
106632.202602,0.000000
106632.205103,0.009049
106632.207604,0.010466
106632.210105,0.000000
106632.212606,0.005258
106632.215107,0.000000
106632.217608,0.018904
106632.220109,0.000000
106632.222610,0.000000
106632.225111,0.000000
106632.227612,0.000000
106632.230113,0.029211
106632.232615,0.006987
106632.235116,0.000978
106632.237617,0.000000
106632.240118,0.015988
106632.242619,0.000000
106632.245120,0.001735
106632.247621,0.031642
106632.250122,0.000000
106632.252623,0.007750
106632.255124,0.004145
106632.257625,0.007586
106632.260126,0.000000
106632.262627,0.000000
106632.265128,0.003253
106632.267629,0.000000
106632.270130,0.000000
106632.272631,0.000000
106632.275132,0.000000
106632.277633,0.000000
106632.280134,0.002169
106632.282635,0.000000
106632.285136,0.000000
106632.287637,0.031138
106632.290138,0.017624
106632.292639,0.008496
106632.295140,0.025987
106632.297641,0.000000
106632.300143,0.000000
106632.302644,0.000000
106632.305145,0.018359
106632.307646,0.028109
106632.310147,0.013034
106632.312648,0.020445
106632.315149,0.000000
106632.317650,0.033606
106632.320151,0.000000
106632.322652,0.033840
106632.325153,0.024873
106632.327654,0.011095
106632.330155,0.000000
106632.332656,0.002273
106632.335157,0.000000
106632.337658,0.013370
106632.340159,0.000000
106632.342660,0.000000
106632.345161,0.022166
106632.347662,0.010352
106632.350163,0.000000
106632.352664,0.000000
106632.355165,0.000000
106632.357666,0.001126
106632.360167,0.012590
106632.362668,0.008678
106632.365169,0.000000
106632.367670,0.008887
106632.370172,0.010418
106632.372673,0.007017
106632.375174,0.035595
106632.377675,0.010433
106632.380176,0.013901
106632.382677,0.026944
106632.385178,0.012211
106632.387679,0.000000
106632.390180,0.017850
106632.392681,0.000000
106632.395182,0.000000
106632.397683,0.000000
106632.400184,0.017687
106632.402685,0.008909
106632.405186,0.015238
106632.407687,0.008982
106632.410188,0.002770
106632.412689,0.005225
106632.415190,0.013757
106632.417691,0.021184
106632.420192,0.100957
106632.422693,0.331292
106632.425194,0.684724
106632.427695,0.948264
106632.430196,0.988158
106632.432697,0.683247
106632.435198,0.339976
106632.437700,0.110781
106632.440201,0.042991
106632.442702,0.000000
106632.445203,0.005193
106632.447704,0.000000
106632.450205,0.001741
106632.452706,0.006985
106632.455207,0.000000
106632.457708,0.000000
106632.460209,0.000000
106632.462710,0.012629
106632.465211,0.005360
106632.467712,0.000000
106632.470213,0.028270
106632.472714,0.018459
106632.475215,0.014988
106632.477716,0.000000
106632.480217,0.014828
106632.482718,0.004894
106632.485219,0.000000
106632.487720,0.000000
106632.490221,0.000000
106632.492722,0.000000
106632.495223,0.000000
106632.497724,0.013739
106632.500225,0.000000
106632.502726,0.000000
106632.505228,0.007431
106632.507729,0.000022
106632.510230,0.015089
106632.512731,0.001915
106632.515232,0.000000
106632.517733,0.000000
106632.520234,0.000000
106632.522735,0.008087
106632.525236,0.015577
106632.527737,0.000000
106632.530238,0.000000
106632.532739,0.016558
106632.535240,0.000000
106632.537741,0.000000
106632.540242,0.000000
106632.542743,0.015332
106632.545244,0.007824
106632.547745,0.010759
106632.550246,0.008653
106632.552747,0.000000
106632.555248,0.023605
106632.557749,0.000000
106632.560250,0.000000
106632.562751,0.000000
106632.565252,0.000000
106632.567753,0.000000
106632.570254,0.000000
106632.572756,0.002157
106632.575257,0.017242
106632.577758,0.006521
106632.580259,0.009315
106632.582760,0.000000
106632.585261,0.000000
106632.587762,0.010060
106632.590263,0.001551
106632.592764,0.006852
106632.595265,0.008815
106632.597766,0.002387
106632.600267,0.022722
106632.602768,0.000000
106632.605269,0.000000
106632.607770,0.000000
106632.610271,0.010753
106632.612772,0.000000
106632.615273,0.018184
106632.617774,0.003561
106632.620275,0.000000
106632.622776,0.000000
106632.625277,0.012159
106632.627778,0.000000
106632.630279,0.003847
106632.632780,0.008682
106632.635281,0.003817
106632.637782,0.000000
106632.640284,0.007487
106632.642785,0.011781
106632.645286,0.005174
106632.647787,0.009083
106632.650288,0.010421
106632.652789,0.000000
106632.655290,0.000000
106632.657791,0.031985
106632.660292,0.019043
106632.662793,0.000000
106632.665294,0.009808
106632.667795,0.000000
106632.670296,0.000000
106632.672797,0.000000
106632.675298,0.004103
106632.677799,0.004271
106632.680300,0.015568
106632.682801,0.000000
106632.685302,0.015320
106632.687803,0.009378
106632.690304,0.035323
106632.692805,0.023946
106632.695306,0.021433
106632.697807,0.012003
106632.700308,0.000000
106632.702809,0.004206
106632.705310,0.032283
106632.707812,0.007282
106632.710313,0.000000
106632.712814,0.004826
106632.715315,0.000000
106632.717816,0.000000
106632.720317,0.005931
106632.722818,0.010622
106632.725319,0.000000
106632.727820,0.000000
106632.730321,0.000000
106632.732822,0.000000
106632.735323,0.000000
106632.737824,0.000000
106632.740325,0.001143
106632.742826,0.000000
106632.745327,0.000000
106632.747828,0.000000
106632.750329,0.000000
106632.752830,0.000000
106632.755331,0.004137
106632.757832,0.000000
106632.760333,0.010179
106632.762834,0.000000
106632.765335,0.000000
106632.767836,0.000000
106632.770337,0.000000
106632.772838,0.007355
106632.775340,0.002033
106632.777841,0.002453
106632.780342,0.000000
106632.782843,0.000000
106632.785344,0.000000
106632.787845,0.000000
106632.790346,0.000000
106632.792847,0.000000
106632.795348,0.010840
106632.797849,0.000000
106632.800350,0.007531
106632.802851,0.008434
106632.805352,0.000000
106632.807853,0.014800
106632.810354,0.000000
106632.812855,0.000000
106632.815356,0.000000
106632.817857,0.000000
106632.820358,0.000000
106632.822859,0.000000
106632.825360,0.000000
106632.827861,0.000000
106632.830362,0.018040
106632.832863,0.013373
106632.835364,0.007914
106632.837865,0.000000
106632.840366,0.000000
106632.842867,0.000000
106632.845369,0.000000
106632.847870,0.000000
106632.850371,0.000000
106632.852872,0.000000
106632.855373,0.000000
106632.857874,0.013715
106632.860375,0.000000
106632.862876,0.000000
106632.865377,0.018289
106632.867878,0.000000
106632.870379,0.019765
106632.872880,0.000000
106632.875381,0.001060
106632.877882,0.011086
106632.880383,0.000000
106632.882884,0.024049
106632.885385,0.000000
106632.887886,0.007312
106632.890387,0.000000
106632.892888,0.021425
106632.895389,0.004357
106632.897890,0.030124
106632.900391,0.016936
106632.902892,0.012023
106632.905393,0.000000
106632.907894,0.001204
106632.910395,0.000000
106632.912897,0.000377
106632.915398,0.002122
106632.917899,0.000000
106632.920400,0.000000
106632.922901,0.000000
106632.925402,0.000000
106632.927903,0.011497
106632.930404,0.003196
106632.932905,0.011681
106632.935406,0.006998
106632.937907,0.000000
106632.940408,0.000000
106632.942909,0.023746
106632.945410,0.011277
106632.947911,0.000000
106632.950412,0.006751
106632.952913,0.000000
106632.955414,0.000000
106632.957915,0.023803
106632.960416,0.001082
106632.962917,0.003117
106632.965418,0.000000
106632.967919,0.000000
106632.970420,0.000000
106632.972921,0.020353
106632.975422,0.000000
106632.977923,0.023223
106632.980425,0.000000
106632.982926,0.000000
106632.985427,0.000000
106632.987928,0.000000
106632.990429,0.001398
106632.992930,0.000000
106632.995431,0.000000
106632.997932,0.000000
106633.000433,0.012370
106633.002934,0.007363
106633.005435,0.003558
106633.007936,0.015133
106633.010437,0.003780
106633.012938,0.002568
106633.015439,0.000000
106633.017940,0.000000
106633.020441,0.000000
106633.022942,0.002113
106633.025443,0.014621
106633.027944,0.008192
106633.030445,0.008110
106633.032946,0.000000
106633.035447,0.007510
106633.037948,0.000000
106633.040449,0.002524
106633.042950,0.007929
106633.045451,0.000000
106633.047953,0.002261
106633.050454,0.003394
106633.052955,0.014344
106633.055456,0.000000
106633.057957,0.000000
106633.060458,0.002441
106633.062959,0.000000
106633.065460,0.000000
106633.067961,0.000000
106633.070462,0.000000
106633.072963,0.025094
106633.075464,0.000000
106633.077965,0.007003
106633.080466,0.000454
106633.082967,0.000000
106633.085468,0.000000
106633.087969,0.011051
106633.090470,0.000000
106633.092971,0.000000
106633.095472,0.000000
106633.097973,0.000000
106633.100474,0.014939
106633.102975,0.000000
106633.105476,0.021106
106633.107977,0.003515
106633.110478,0.020193
106633.112979,0.000000
106633.115481,0.000000
106633.117982,0.014984
106633.120483,0.000000
106633.122984,0.018465
106633.125485,0.008312
106633.127986,0.021035
106633.130487,0.000000
106633.132988,0.013739
106633.135489,0.000000
106633.137990,0.000000
106633.140491,0.012869
106633.142992,0.000000
106633.145493,0.013824
106633.147994,0.001322
106633.150495,0.000308
106633.152996,0.021512
106633.155497,0.001699
106633.157998,0.000000
106633.160499,0.000000
106633.163000,0.002264
106633.165501,0.000000
106633.168002,0.007054
106633.170503,0.019519
106633.173004,0.000000
106633.175505,0.000000
106633.178006,0.005570
106633.180507,0.025044
106633.183009,0.006739
106633.185510,0.003079
106633.188011,0.000000
106633.190512,0.000000
106633.193013,0.000336
106633.195514,0.000597
106633.198015,0.000000
106633.200516,0.000000
106633.203017,0.016645
106633.205518,0.000000
106633.208019,0.000000
106633.210520,0.022999
106633.213021,0.000000
106633.215522,0.000000
106633.218023,0.015258
106633.220524,0.000000
106633.223025,0.000000
106633.225526,0.003125
106633.228027,0.011445
106633.230528,0.000000
106633.233029,0.000000
106633.235530,0.000000
106633.238031,0.000000
106633.240532,0.000000
106633.243033,0.009316
106633.245534,0.001404
106633.248035,0.014652
106633.250537,0.023752
106633.253038,0.012734
106633.255539,0.000000
106633.258040,0.000000
106633.260541,0.012597
106633.263042,0.000000
106633.265543,0.000000
106633.268044,0.000000
106633.270545,0.000000
106633.273046,0.000000
106633.275547,0.000000
106633.278048,0.000000
106633.280549,0.016970
106633.283050,0.000000
106633.285551,0.000000
106633.288052,0.000000
106633.290553,0.015388
106633.293054,0.016249
106633.295555,0.005172
106633.298056,0.004428
106633.300557,0.000000
106633.303058,0.002861
106633.305559,0.000000
106633.308060,0.000592
106633.310561,0.000000
106633.313062,0.000000
106633.315563,0.000407
106633.318064,0.009728
106633.320566,0.025502
106633.323067,0.007914
106633.325568,0.032720
106633.328069,0.002886
106633.330570,0.025623
106633.333071,0.006257
106633.335572,0.003444
106633.338073,0.000000
106633.340574,0.004296
106633.343075,0.006199
106633.345576,0.000000
106633.348077,0.010055
106633.350578,0.000000
106633.353079,0.010071
106633.355580,0.008603
106633.358081,0.020414
106633.360582,0.000000
106633.363083,0.000000
106633.365584,0.015904
106633.368085,0.000000
106633.370586,0.000000
106633.373087,0.002996
106633.375588,0.000000
106633.378089,0.002231
106633.380590,0.007724
106633.383091,0.007804
106633.385592,0.000000
106633.388094,0.000692
106633.390595,0.000000
106633.393096,0.000507
106633.395597,0.000000
106633.398098,0.010864
106633.400599,0.015068
106633.403100,0.009156
106633.405601,0.008051
106633.408102,0.000000
106633.410603,0.000000
106633.413104,0.011935
106633.415605,0.000410
106633.418106,0.002435
106633.420607,0.003081
106633.423108,0.003692
106633.425609,0.009287
106633.428110,0.000000
106633.430611,0.000000
106633.433112,0.009888
106633.435613,0.008296
106633.438114,0.000000
106633.440615,0.000000
106633.443116,0.012683
106633.445617,0.016074
106633.448118,0.000000
106633.450619,0.006332
106633.453120,0.000000
106633.455622,0.001065
106633.458123,0.001886
106633.460624,0.000000
106633.463125,0.009375
106633.465626,0.000000
106633.468127,0.010730
106633.470628,0.013919
106633.473129,0.000000
106633.475630,0.000000
106633.478131,0.001632
106633.480632,0.021598
106633.483133,0.000000
106633.485634,0.000000
106633.488135,0.004612
106633.490636,0.009434
106633.493137,0.007569
106633.495638,0.000464
106633.498139,0.000000
106633.500640,0.004766
106633.503141,0.000000
106633.505642,0.026849
106633.508143,0.000000
106633.510644,0.002618
106633.513145,0.030155
106633.515646,0.000000
106633.518147,0.033497
106633.520648,0.010624
106633.523150,0.006414
106633.525651,0.009249
106633.528152,0.000000
106633.530653,0.000000
106633.533154,0.000000
106633.535655,0.015619
106633.538156,0.000000
106633.540657,0.000000
106633.543158,0.000000
106633.545659,0.008255
106633.548160,0.000555
106633.550661,0.008710
106633.553162,0.016590
106633.555663,0.008206
106633.558164,0.000000
106633.560665,0.000000
106633.563166,0.011071
106633.565667,0.003954
106633.568168,0.000000
106633.570669,0.018704
106633.573170,0.003766
106633.575671,0.009378
106633.578172,0.000000
106633.580673,0.016241
106633.583174,0.000000
106633.585675,0.024066
106633.588176,0.000000
106633.590678,0.000000
106633.593179,0.003617
106633.595680,0.000000
106633.598181,0.000000
106633.600682,0.000000
106633.603183,0.000000
106633.605684,0.004553
106633.608185,0.000000
106633.610686,0.012709
106633.613187,0.001152
106633.615688,0.000000
106633.618189,0.011124
106633.620690,0.000000
106633.623191,0.000000
106633.625692,0.000000
106633.628193,0.000000
106633.630694,0.005623
106633.633195,0.000000
106633.635696,0.000000
106633.638197,0.000000
106633.640698,0.001967
106633.643199,0.000000
106633.645700,0.037564
106633.648201,0.000467
106633.650702,0.000000
106633.653203,0.001859
106633.655704,0.021471
106633.658206,0.000000
106633.660707,0.000000
106633.663208,0.000000
106633.665709,0.000000
106633.668210,0.010190
106633.670711,0.021190
106633.673212,0.011204
106633.675713,0.000000
106633.678214,0.000000
106633.680715,0.000000
106633.683216,0.011170
106633.685717,0.008714
106633.688218,0.018120
106633.690719,0.008016
106633.693220,0.000000
106633.695721,0.000000
106633.698222,0.000000
106633.700723,0.009022
106633.703224,0.000000
106633.705725,0.017585
106633.708226,0.008622
106633.710727,0.027837
106633.713228,0.006030
106633.715729,0.005761
106633.718230,0.000000
106633.720731,0.000000
106633.723232,0.000000
106633.725734,0.014351
106633.728235,0.000000
106633.730736,0.000910
106633.733237,0.000000
106633.735738,0.005357
106633.738239,0.000000
106633.740740,0.007234
106633.743241,0.000000
106633.745742,0.000000
106633.748243,0.009083
106633.750744,0.001808
106633.753245,0.022160
106633.755746,0.000000
106633.758247,0.000000
106633.760748,0.017765
106633.763249,0.000000
106633.765750,0.000000
106633.768251,0.005503
106633.770752,0.000000
106633.773253,0.000000
106633.775754,0.000000
106633.778255,0.019568
106633.780756,0.000000
106633.783257,0.000000
106633.785758,0.000000
106633.788259,0.005098
106633.790760,0.020989
106633.793261,0.000000
106633.795763,0.000000
106633.798264,0.027562
106633.800765,0.001947
106633.803266,0.000000
106633.805767,0.001032
106633.808268,0.000000
106633.810769,0.000000
106633.813270,0.010911
106633.815771,0.017525
106633.818272,0.000000
106633.820773,0.002700
106633.823274,0.017782
106633.825775,0.000539
106633.828276,0.010334
106633.830777,0.006095
106633.833278,0.000000
106633.835779,0.000000
106633.838280,0.015216
106633.840781,0.000000
106633.843282,0.000000
106633.845783,0.000000
106633.848284,0.015237
106633.850785,0.019603
106633.853286,0.000000
106633.855787,0.039714
106633.858288,0.019782
106633.860789,0.002832
106633.863291,0.021545
106633.865792,0.000000
106633.868293,0.000000
106633.870794,0.006653
106633.873295,0.000000
106633.875796,0.000000
106633.878297,0.000000
106633.880798,0.000000
106633.883299,0.006741
106633.885800,0.000000
106633.888301,0.000000
106633.890802,0.006755
106633.893303,0.018290
106633.895804,0.000000
106633.898305,0.023884
106633.900806,0.012480
106633.903307,0.000000
106633.905808,0.000000
106633.908309,0.000000
106633.910810,0.000000
106633.913311,0.000000
106633.915812,0.000000
106633.918313,0.000000
106633.920814,0.027155
106633.923315,0.003259
106633.925816,0.000000
106633.928317,0.000000
106633.930819,0.006106
106633.933320,0.000000
106633.935821,0.000000
106633.938322,0.000000
106633.940823,0.006891
106633.943324,0.000000
106633.945825,0.000000
106633.948326,0.000000
106633.950827,0.000000
106633.953328,0.000000
106633.955829,0.012882
106633.958330,0.014886
106633.960831,0.003903
106633.963332,0.003085
106633.965833,0.000000
106633.968334,0.000000
106633.970835,0.002066
106633.973336,0.004277
106633.975837,0.000000
106633.978338,0.000000
106633.980839,0.000000
106633.983340,0.002408
106633.985841,0.001176
106633.988342,0.017158
106633.990843,0.000000
106633.993344,0.000000
106633.995845,0.000247
106633.998347,0.000000
106634.000848,0.012051
106634.003349,0.017784
106634.005850,0.000000
106634.008351,0.000000
106634.010852,0.019025
106634.013353,0.004642
106634.015854,0.001684
106634.018355,0.004901
106634.020856,0.009421
106634.023357,0.005590
106634.025858,0.003068
106634.028359,0.000138
106634.030860,0.019365
106634.033361,0.000000
106634.035862,0.000018
106634.038363,0.022292
106634.040864,0.004679
106634.043365,0.000000
106634.045866,0.009060
106634.048367,0.003265
106634.050868,0.000000
106634.053369,0.003521
106634.055870,0.000000
106634.058371,0.026239
106634.060872,0.003430
106634.063373,0.000000
106634.065875,0.000000
106634.068376,0.010910
106634.070877,0.000000
106634.073378,0.039075
106634.075879,0.000000
106634.078380,0.013296
106634.080881,0.000000
106634.083382,0.000000
106634.085883,0.007724
106634.088384,0.000000
106634.090885,0.022860
106634.093386,0.000000
106634.095887,0.008076
106634.098388,0.000000
106634.100889,0.004256
106634.103390,0.007384
106634.105891,0.000000
106634.108392,0.003361
106634.110893,0.015643
106634.113394,0.006699
106634.115895,0.000000
106634.118396,0.000000
106634.120897,0.007296
106634.123398,0.026948
106634.125899,0.009507
106634.128400,0.016629
106634.130901,0.013401
106634.133403,0.000000
106634.135904,0.001300
106634.138405,0.012475
106634.140906,0.000000
106634.143407,0.009361
106634.145908,0.018083
106634.148409,0.000000
106634.150910,0.011692
106634.153411,0.000000
106634.155912,0.000549
106634.158413,0.000000
106634.160914,0.006605
106634.163415,0.000000
106634.165916,0.000000
106634.168417,0.000000
106634.170918,0.027901
106634.173419,0.008152
106634.175920,0.000000
106634.178421,0.017349
106634.180922,0.000000
106634.183423,0.012832
106634.185924,0.018561
106634.188425,0.001461
106634.190926,0.000000
106634.193427,0.000000
106634.195928,0.009038
106634.198429,0.000000
106634.200931,0.000000
106634.203432,0.007367
106634.205933,0.000000
106634.208434,0.020407
106634.210935,0.000000
106634.213436,0.000000
106634.215937,0.000000
106634.218438,0.004454
106634.220939,0.012400
106634.223440,0.000000
106634.225941,0.000000
106634.228442,0.000000
106634.230943,0.025020
106634.233444,0.005440
106634.235945,0.000000
106634.238446,0.029471
106634.240947,0.000161
106634.243448,0.000000
106634.245949,0.000000
106634.248450,0.008018
106634.250951,0.000000
106634.253452,0.007154
106634.255953,0.000000
106634.258454,0.016916
106634.260955,0.002406
106634.263456,0.000000
106634.265957,0.013131
106634.268458,0.019586
106634.270960,0.000000
106634.273461,0.000000
106634.275962,0.007223
106634.278463,0.009893
106634.280964,0.034827
106634.283465,0.020120
106634.285966,0.071435
106634.288467,0.132083
106634.290968,0.337853
106634.293469,0.584221
106634.295970,0.738904
106634.298471,0.666947
106634.300972,0.410243
106634.303473,0.149493
106634.305974,0.049047
106634.308475,0.028505
106634.310976,0.003096
106634.313477,0.001354
106634.315978,0.000000
106634.318479,0.004783
106634.320980,0.023824
106634.323481,0.020119
106634.325982,0.005255
106634.328483,0.000000
106634.330984,0.025383
106634.333485,0.015214
106634.335986,0.000000
106634.338488,0.000000
106634.340989,0.000000
106634.343490,0.000000
106634.345991,0.012953
106634.348492,0.012610
106634.350993,0.004894
106634.353494,0.000000
106634.355995,0.034060
106634.358496,0.000488
106634.360997,0.000000
106634.363498,0.000000
106634.365999,0.031772
106634.368500,0.010355
106634.371001,0.000000
106634.373502,0.000000
106634.376003,0.000000
106634.378504,0.000000
106634.381005,0.000000
106634.383506,0.000000
106634.386007,0.015345
106634.388508,0.012798
106634.391009,0.021422
106634.393510,0.000000
106634.396011,0.000000
106634.398512,0.000000
106634.401013,0.023557
106634.403514,0.000903
106634.406016,0.026171
106634.408517,0.009012
106634.411018,0.000000
106634.413519,0.008242
106634.416020,0.000000
106634.418521,0.000000
106634.421022,0.003724
106634.423523,0.000207
106634.426024,0.027774
106634.428525,0.000000
106634.431026,0.005350
106634.433527,0.009987
106634.436028,0.004924
106634.438529,0.015785
106634.441030,0.000000
106634.443531,0.011954
106634.446032,0.008065
106634.448533,0.016746
106634.451034,0.000000
106634.453535,0.000000
106634.456036,0.000000
106634.458537,0.000000
106634.461038,0.000000
106634.463539,0.000000
106634.466040,0.000000
106634.468541,0.000112
106634.471042,0.000000
106634.473544,0.000000
106634.476045,0.000000
106634.478546,0.000000
106634.481047,0.005650
106634.483548,0.000000
106634.486049,0.000000
106634.488550,0.000000
106634.491051,0.014696
106634.493552,0.018332
106634.496053,0.000000
106634.498554,0.000000
106634.501055,0.000000
106634.503556,0.000000
106634.506057,0.000000
106634.508558,0.000000
106634.511059,0.015475
106634.513560,0.000000
106634.516061,0.000000
106634.518562,0.000000
106634.521063,0.000000
106634.523564,0.012391
106634.526065,0.003982
106634.528566,0.025982
106634.531067,0.000000
106634.533568,0.000000
106634.536069,0.013521
106634.538570,0.000000
106634.541072,0.000000
106634.543573,0.021230
106634.546074,0.002438
106634.548575,0.012987
106634.551076,0.000000
106634.553577,0.000000
106634.556078,0.000000
106634.558579,0.009629
106634.561080,0.000731
106634.563581,0.006722
106634.566082,0.000000
106634.568583,0.000000
106634.571084,0.000000
106634.573585,0.000000
106634.576086,0.000000
106634.578587,0.024269
106634.581088,0.000000
106634.583589,0.003112
106634.586090,0.000000
106634.588591,0.000000
106634.591092,0.022281
106634.593593,0.025602
106634.596094,0.005973
106634.598595,0.000000
106634.601096,0.000000
106634.603597,0.004500
106634.606098,0.000000
106634.608600,0.000000
106634.611101,0.026566
106634.613602,0.000000
106634.616103,0.000000
106634.618604,0.000000
106634.621105,0.017010
106634.623606,0.007369
106634.626107,0.000000
106634.628608,0.000000
106634.631109,0.000000
106634.633610,0.000000
106634.636111,0.000000
106634.638612,0.007381
106634.641113,0.000000
106634.643614,0.013986
106634.646115,0.009404
106634.648616,0.000000
106634.651117,0.005619
106634.653618,0.019089
106634.656119,0.000000
106634.658620,0.000000
106634.661121,0.000000
106634.663622,0.000000
106634.666123,0.011518
106634.668624,0.012655
106634.671125,0.005841
106634.673626,0.005156
106634.676128,0.000000
106634.678629,0.004748
106634.681130,0.000000
106634.683631,0.035601
106634.686132,0.019395
106634.688633,0.013739
106634.691134,0.005865
106634.693635,0.005877
106634.696136,0.000000
106634.698637,0.000000
106634.701138,0.000000
106634.703639,0.000838
106634.706140,0.000000
106634.708641,0.011654
106634.711142,0.000000
106634.713643,0.014746
106634.716144,0.000000
106634.718645,0.000000
106634.721146,0.012862
106634.723647,0.007249
106634.726148,0.000000
106634.728649,0.015284
106634.731150,0.001278
106634.733651,0.000000
106634.736152,0.000000
106634.738653,0.000000
106634.741154,0.000000
106634.743655,0.019286
106634.746157,0.000000
106634.748658,0.006610
106634.751159,0.002967
106634.753660,0.010137
106634.756161,0.024031
106634.758662,0.009705
106634.761163,0.025030
106634.763664,0.010087
106634.766165,0.001889
106634.768666,0.004617
106634.771167,0.000000
106634.773668,0.000000
106634.776169,0.000000
106634.778670,0.006292
106634.781171,0.000000
106634.783672,0.004796
106634.786173,0.000000
106634.788674,0.000000
106634.791175,0.000000
106634.793676,0.022568
106634.796177,0.000000
106634.798678,0.000000
106634.801179,0.001510
106634.803680,0.000000
106634.806181,0.000000
106634.808682,0.009721
106634.811183,0.000000
106634.813685,0.024181
106634.816186,0.000000
106634.818687,0.000000
106634.821188,0.000000
106634.823689,0.000000
106634.826190,0.000000
106634.828691,0.000000
106634.831192,0.011335
106634.833693,0.000000
106634.836194,0.000000
106634.838695,0.029877
106634.841196,0.000705
106634.843697,0.008810
106634.846198,0.010976
106634.848699,0.000000
106634.851200,0.000000
106634.853701,0.002861
106634.856202,0.000000
106634.858703,0.005337
106634.861204,0.000000
106634.863705,0.014786
106634.866206,0.000000
106634.868707,0.010320
106634.871208,0.008816
106634.873709,0.000000
106634.876210,0.010488
106634.878711,0.006017
106634.881213,0.009583
106634.883714,0.008669
106634.886215,0.000720
106634.888716,0.000000
106634.891217,0.000000
106634.893718,0.000000
106634.896219,0.012111
106634.898720,0.009081
106634.901221,0.014449
106634.903722,0.015890
106634.906223,0.000000
106634.908724,0.028187
106634.911225,0.000000
106634.913726,0.000000
106634.916227,0.004788
106634.918728,0.006948
106634.921229,0.000000
106634.923730,0.000000
106634.926231,0.000000
106634.928732,0.002033
106634.931233,0.011431
106634.933734,0.000000
106634.936235,0.008226
106634.938736,0.000000
106634.941237,0.012780
106634.943738,0.000000
106634.946239,0.000000
106634.948741,0.005750
106634.951242,0.006505
106634.953743,0.000000
106634.956244,0.000000
106634.958745,0.000000
106634.961246,0.001368
106634.963747,0.007036
106634.966248,0.000000
106634.968749,0.000000
106634.971250,0.003777
106634.973751,0.000000
106634.976252,0.002104
106634.978753,0.000000
106634.981254,0.000000
106634.983755,0.012256
106634.986256,0.000000
106634.988757,0.006988
106634.991258,0.000000
106634.993759,0.000000
106634.996260,0.006001
106634.998761,0.000000
106635.001262,0.000000
106635.003763,0.012158
106635.006264,0.000000
106635.008765,0.000000
106635.011266,0.000000
106635.013767,0.000000
106635.016269,0.006703
106635.018770,0.000000
106635.021271,0.016411
106635.023772,0.000000
106635.026273,0.013255
106635.028774,0.005166
106635.031275,0.000000
106635.033776,0.000000
106635.036277,0.000000
106635.038778,0.010788
106635.041279,0.003478
106635.043780,0.003206
106635.046281,0.000000
106635.048782,0.012206
106635.051283,0.000000
106635.053784,0.000000
106635.056285,0.000000
106635.058786,0.000000
106635.061287,0.019198
106635.063788,0.000000
106635.066289,0.000000
106635.068790,0.000000
106635.071291,0.009820
106635.073792,0.000000
106635.076293,0.000000
106635.078794,0.001432
106635.081295,0.000000
106635.083797,0.008036
106635.086298,0.011408
106635.088799,0.036170
106635.091300,0.000000
106635.093801,0.000000
106635.096302,0.008462
106635.098803,0.014173
106635.101304,0.000000
106635.103805,0.000000
106635.106306,0.004946
106635.108807,0.024626
106635.111308,0.000000
106635.113809,0.001251
106635.116310,0.000000
106635.118811,0.000000
106635.121312,0.000000
106635.123813,0.021079
106635.126314,0.000000
106635.128815,0.009859
106635.131316,0.000000
106635.133817,0.001297
106635.136318,0.029838
106635.138819,0.025755
106635.141320,0.028161
106635.143821,0.005711
106635.146322,0.000000
106635.148823,0.004093
106635.151325,0.006694
106635.153826,0.005592
106635.156327,0.000000
106635.158828,0.000000
106635.161329,0.000000
106635.163830,0.015374
106635.166331,0.016935
106635.168832,0.045725
106635.171333,0.006114
106635.173834,0.000000
106635.176335,0.000000
106635.178836,0.000000
106635.181337,0.021635
106635.183838,0.010528
106635.186339,0.000000
106635.188840,0.000000
106635.191341,0.000000
106635.193842,0.008510
106635.196343,0.000000
106635.198844,0.000000
106635.201345,0.000000
106635.203846,0.010871
106635.206347,0.017361
106635.208848,0.000000
106635.211349,0.000000
106635.213850,0.000000
106635.216351,0.000000
106635.218852,0.000000
106635.221354,0.000000
106635.223855,0.019658
106635.226356,0.000000
106635.228857,0.007241
106635.231358,0.004070
106635.233859,0.023756
106635.236360,0.000000
106635.238861,0.000000
106635.241362,0.000000
106635.243863,0.005107
106635.246364,0.000000
106635.248865,0.000000
106635.251366,0.000000
106635.253867,0.000000
106635.256368,0.000000
106635.258869,0.001225
106635.261370,0.000000
106635.263871,0.007894
106635.266372,0.002115
106635.268873,0.000000
106635.271374,0.000000
106635.273875,0.000000
106635.276376,0.010970
106635.278877,0.010645
106635.281378,0.014143
106635.283879,0.012036
106635.286380,0.015615
106635.288882,0.005836
106635.291383,0.025897
106635.293884,0.004218
106635.296385,0.028716
106635.298886,0.000000
106635.301387,0.000000
106635.303888,0.000000
106635.306389,0.000000
106635.308890,0.000000
106635.311391,0.007752
106635.313892,0.000000
106635.316393,0.000000
106635.318894,0.000000
106635.321395,0.017489
106635.323896,0.004556
106635.326397,0.000000
106635.328898,0.021698
106635.331399,0.006227
106635.333900,0.009180
106635.336401,0.013345
106635.338902,0.014087
106635.341403,0.000000
106635.343904,0.000000
106635.346405,0.034421
106635.348906,0.000000
106635.351407,0.005439
106635.353908,0.023434
106635.356410,0.000000
106635.358911,0.000000
106635.361412,0.013307
106635.363913,0.003058
106635.366414,0.007112
106635.368915,0.000000
106635.371416,0.000000
106635.373917,0.000000
106635.376418,0.017150
106635.378919,0.000000
106635.381420,0.006158
106635.383921,0.000000
106635.386422,0.029306
106635.388923,0.004580
106635.391424,0.004878
106635.393925,0.013305
106635.396426,0.000000
106635.398927,0.017146
106635.401428,0.000000
106635.403929,0.000000
106635.406430,0.000000
106635.408931,0.000000
106635.411432,0.000000
106635.413933,0.000000
106635.416434,0.000000
106635.418935,0.000000
106635.421436,0.000590
106635.423938,0.000000
106635.426439,0.000000
106635.428940,0.000000
106635.431441,0.000000
106635.433942,0.000000
106635.436443,0.001234
106635.438944,0.000000
106635.441445,0.000000
106635.443946,0.000000
106635.446447,0.000000
106635.448948,0.008008
106635.451449,0.010993
106635.453950,0.000000
106635.456451,0.000397
106635.458952,0.000000
106635.461453,0.015760
106635.463954,0.000000
106635.466455,0.000000
106635.468956,0.013879
106635.471457,0.000000
106635.473958,0.002250
106635.476459,0.000000
106635.478960,0.009545
106635.481461,0.011712
106635.483962,0.000000
106635.486463,0.000000
106635.488964,0.004144
106635.491466,0.027877
106635.493967,0.012697
106635.496468,0.000000
106635.498969,0.000000
106635.501470,0.000000
106635.503971,0.010300
106635.506472,0.013254
106635.508973,0.000000
106635.511474,0.000000
106635.513975,0.000674
106635.516476,0.026039
106635.518977,0.000936
106635.521478,0.000000
106635.523979,0.000000
106635.526480,0.000000
106635.528981,0.018156
106635.531482,0.007371
106635.533983,0.000000
106635.536484,0.000000
106635.538985,0.000000
106635.541486,0.004941
106635.543987,0.005058
106635.546488,0.004933
106635.548989,0.000000
106635.551490,0.002542
106635.553991,0.000000
106635.556492,0.000027
106635.558994,0.000000
106635.561495,0.015375
106635.563996,0.004847
106635.566497,0.000000
106635.568998,0.019827
106635.571499,0.000000
106635.574000,0.000000
106635.576501,0.015166
106635.579002,0.003623
106635.581503,0.000000
106635.584004,0.000000
106635.586505,0.007337
106635.589006,0.011687
106635.591507,0.000000
106635.594008,0.008120
106635.596509,0.003600
106635.599010,0.000000
106635.601511,0.000055
106635.604012,0.000000
106635.606513,0.017816
106635.609014,0.000000
106635.611515,0.021673
106635.614016,0.001888
106635.616517,0.000000
106635.619018,0.000000
106635.621519,0.000000
106635.624020,0.019156
106635.626522,0.017676
106635.629023,0.002389
106635.631524,0.000000
106635.634025,0.000000
106635.636526,0.002978
106635.639027,0.015618
106635.641528,0.008176
106635.644029,0.013908
106635.646530,0.009245
106635.649031,0.013486
106635.651532,0.000000
106635.654033,0.000000
106635.656534,0.000000
106635.659035,0.000000
106635.661536,0.000080
106635.664037,0.000000
106635.666538,0.000000
106635.669039,0.000000
106635.671540,0.000000
106635.674041,0.000000
106635.676542,0.009176
106635.679043,0.000000
106635.681544,0.011438
106635.684045,0.000000
106635.686546,0.003902
106635.689047,0.000000
106635.691548,0.006512
106635.694049,0.000000
106635.696551,0.006696
106635.699052,0.000000
106635.701553,0.007987
106635.704054,0.012164
106635.706555,0.001720
106635.709056,0.000000
106635.711557,0.000000
106635.714058,0.000000
106635.716559,0.002915
106635.719060,0.008948
106635.721561,0.022497
106635.724062,0.018792
106635.726563,0.000000
106635.729064,0.003047
106635.731565,0.000000
106635.734066,0.017495
106635.736567,0.000000
106635.739068,0.012612
106635.741569,0.000000
106635.744070,0.000000
106635.746571,0.000000
106635.749072,0.000000
106635.751573,0.000000
106635.754074,0.000000
106635.756575,0.020485
106635.759076,0.000000
106635.761577,0.000000
106635.764079,0.000000
106635.766580,0.016594
106635.769081,0.000000
106635.771582,0.000000
106635.774083,0.000000
106635.776584,0.000000
106635.779085,0.000000
106635.781586,0.000000
106635.784087,0.008848
106635.786588,0.000000
106635.789089,0.007775
106635.791590,0.004928
106635.794091,0.000000
106635.796592,0.000000
106635.799093,0.016717
106635.801594,0.000000
106635.804095,0.000000
106635.806596,0.039659
106635.809097,0.004681
106635.811598,0.000000
106635.814099,0.000000
106635.816600,0.005358
106635.819101,0.009838
106635.821602,0.000000
106635.824103,0.000000
106635.826604,0.000000
106635.829105,0.000000
106635.831607,0.001085
106635.834108,0.000000
106635.836609,0.000000
106635.839110,0.000000
106635.841611,0.000000
106635.844112,0.000000
106635.846613,0.000000
106635.849114,0.006669
106635.851615,0.000099
106635.854116,0.000000
106635.856617,0.013718
106635.859118,0.000000
106635.861619,0.000000
106635.864120,0.000000
106635.866621,0.000000
106635.869122,0.001045
106635.871623,0.000000
106635.874124,0.012828
106635.876625,0.024630
106635.879126,0.000000
106635.881627,0.004539
106635.884128,0.000000
106635.886629,0.000000
106635.889130,0.000000
106635.891631,0.000000
106635.894132,0.000000
106635.896633,0.000000
106635.899135,0.000000
106635.901636,0.000000
106635.904137,0.000000
106635.906638,0.011323
106635.909139,0.004745
106635.911640,0.004764
106635.914141,0.014030
106635.916642,0.000000
106635.919143,0.003875
106635.921644,0.015372
106635.924145,0.000000
106635.926646,0.000000
106635.929147,0.000000
106635.931648,0.013739
106635.934149,0.000000
106635.936650,0.000000
106635.939151,0.000000
106635.941652,0.000000
106635.944153,0.000000
106635.946654,0.000000
106635.949155,0.000000
106635.951656,0.000000
106635.954157,0.016037
106635.956658,0.000952
106635.959159,0.000000
106635.961660,0.000000
106635.964161,0.010248
106635.966663,0.000000
106635.969164,0.000000
106635.971665,0.001183
106635.974166,0.000000
106635.976667,0.006868
106635.979168,0.005213
106635.981669,0.000000
106635.984170,0.025638
106635.986671,0.000000
106635.989172,0.000000
106635.991673,0.005466
106635.994174,0.000000
106635.996675,0.014936
106635.999176,0.000820
106636.001677,0.000000
106636.004178,0.000000
106636.006679,0.007207
106636.009180,0.000000
106636.011681,0.000000
106636.014182,0.000479
106636.016683,0.000000
106636.019184,0.007315
106636.021685,0.009740
106636.024186,0.005278
106636.026687,0.004262
106636.029188,0.021710
106636.031689,0.000000
106636.034191,0.000000
106636.036692,0.000000
106636.039193,0.000000
106636.041694,0.005357
106636.044195,0.000000
106636.046696,0.000000
106636.049197,0.000000
106636.051698,0.000000
106636.054199,0.000000
106636.056700,0.000728
106636.059201,0.000000
106636.061702,0.013030
106636.064203,0.005006
106636.066704,0.016630
106636.069205,0.000000
106636.071706,0.004958
106636.074207,0.000000
106636.076708,0.000000
106636.079209,0.000000
106636.081710,0.002512
106636.084211,0.000000
106636.086712,0.000000
106636.089213,0.000000
106636.091714,0.000000
106636.094215,0.000000
106636.096716,0.022423
106636.099217,0.000437
106636.101719,0.022552
106636.104220,0.000000
106636.106721,0.000000
106636.109222,0.000030
106636.111723,0.020791
106636.114224,0.022451
106636.116725,0.000000
106636.119226,0.000000
106636.121727,0.000000
106636.124228,0.016021
106636.126729,0.000731
106636.129230,0.003351
106636.131731,0.015888
106636.134232,0.013571
106636.136733,0.014126
106636.139234,0.008935
106636.141735,0.019421
106636.144236,0.000000
106636.146737,0.032307
106636.149238,0.015231
106636.151739,0.000000
106636.154240,0.015939
106636.156741,0.000000
106636.159242,0.006820
106636.161743,0.008503
106636.164244,0.012384
106636.166745,0.000000
106636.169246,0.012689
106636.171748,0.000000
106636.174249,0.010499
106636.176750,0.000000
106636.179251,0.000000
106636.181752,0.000000
106636.184253,0.012182
106636.186754,0.000000
106636.189255,0.017431
106636.191756,0.000000
106636.194257,0.009999
106636.196758,0.000000
106636.199259,0.000000
106636.201760,0.000000
106636.204261,0.003017
106636.206762,0.000000
106636.209263,0.000000
106636.211764,0.000000
106636.214265,0.000000
106636.216766,0.014763
106636.219267,0.000000
106636.221768,0.000000
106636.224269,0.000000
106636.226770,0.000000
106636.229271,0.000000
106636.231772,0.014707
106636.234273,0.000000
106636.236774,0.001910
106636.239276,0.012816
106636.241777,0.000747
106636.244278,0.000000
106636.246779,0.000000
106636.249280,0.000000
106636.251781,0.000000
106636.254282,0.000000
106636.256783,0.000000
106636.259284,0.028902
106636.261785,0.005330
106636.264286,0.002266
106636.266787,0.024283
106636.269288,0.008444
106636.271789,0.010470
106636.274290,0.000000
106636.276791,0.000000
106636.279292,0.003758
106636.281793,0.026173
106636.284294,0.021732
106636.286795,0.009449
106636.289296,0.000000
106636.291797,0.000000
106636.294298,0.000000
106636.296799,0.003127
106636.299300,0.000000
106636.301801,0.014393
106636.304302,0.000000
106636.306804,0.000000
106636.309305,0.000000
106636.311806,0.014238
106636.314307,0.007794
106636.316808,0.000000
106636.319309,0.012269
106636.321810,0.000000
106636.324311,0.000000
106636.326812,0.000000
106636.329313,0.000000
106636.331814,0.000000
106636.334315,0.000000
106636.336816,0.000000
106636.339317,0.007741
106636.341818,0.000000
106636.344319,0.000000
106636.346820,0.000000
106636.349321,0.000000
106636.351822,0.000000
106636.354323,0.008561
106636.356824,0.000000
106636.359325,0.000000
106636.361826,0.013755
106636.364327,0.015394
106636.366828,0.000000
106636.369329,0.031790
106636.371830,0.000000
106636.374332,0.000000
106636.376833,0.000000
106636.379334,0.006221
106636.381835,0.040235
106636.384336,0.026483
106636.386837,0.012157
106636.389338,0.000000
106636.391839,0.000000
106636.394340,0.016030
106636.396841,0.010766
106636.399342,0.001191
106636.401843,0.002038
106636.404344,0.015164
106636.406845,0.018721
106636.409346,0.000000
106636.411847,0.003261
106636.414348,0.008305
106636.416849,0.000000
106636.419350,0.018371
106636.421851,0.000000
106636.424352,0.018770
106636.426853,0.000000
106636.429354,0.003726
106636.431855,0.003408
106636.434356,0.023881
106636.436857,0.010643
106636.439358,0.000000
106636.441860,0.000000
106636.444361,0.000000
106636.446862,0.000266
106636.449363,0.000000
106636.451864,0.000000
106636.454365,0.019650
106636.456866,0.019012
106636.459367,0.000000
106636.461868,0.000000
106636.464369,0.000000
106636.466870,0.000000
106636.469371,0.000000
106636.471872,0.005045
106636.474373,0.000000
106636.476874,0.000000
106636.479375,0.016806
106636.481876,0.000000
106636.484377,0.000000
106636.486878,0.014601
106636.489379,0.005902
106636.491880,0.000000
106636.494381,0.000000
106636.496882,0.008182
106636.499383,0.000000
106636.501884,0.000000
106636.504385,0.000000
106636.506886,0.016411
106636.509388,0.022301
106636.511889,0.003044
106636.514390,0.000000
106636.516891,0.013436
106636.519392,0.008455
106636.521893,0.000000
106636.524394,0.016534
106636.526895,0.000000
106636.529396,0.000000
106636.531897,0.000000
106636.534398,0.015575
106636.536899,0.001476
106636.539400,0.000000
106636.541901,0.000000
106636.544402,0.017183
106636.546903,0.003933
106636.549404,0.000000
106636.551905,0.000000
106636.554406,0.015511
106636.556907,0.014574
106636.559408,0.000000
106636.561909,0.013501
106636.564410,0.007418
106636.566911,0.022881
106636.569412,0.000000
106636.571913,0.016306
106636.574414,0.006736
106636.576916,0.000000
106636.579417,0.014659
106636.581918,0.011626
106636.584419,0.000000
106636.586920,0.004158
106636.589421,0.030275
106636.591922,0.000000
106636.594423,0.010430
106636.596924,0.000000
106636.599425,0.000000
106636.601926,0.011643
106636.604427,0.003687
106636.606928,0.000000
106636.609429,0.024454
106636.611930,0.000000
106636.614431,0.000000
106636.616932,0.007064
106636.619433,0.000000
106636.621934,0.007314
106636.624435,0.015436
106636.626936,0.000000
106636.629437,0.000000
106636.631938,0.000000
106636.634439,0.000000
106636.636940,0.014451
106636.639441,0.003800
106636.641942,0.000000
106636.644443,0.000000
106636.646945,0.015930
106636.649446,0.000000
106636.651947,0.008119
106636.654448,0.000000
106636.656949,0.000000
106636.659450,0.018221
106636.661951,0.015492
106636.664452,0.010974
106636.666953,0.004522
106636.669454,0.000000
106636.671955,0.012481
106636.674456,0.031672
106636.676957,0.001668
106636.679458,0.001949
106636.681959,0.000000
106636.684460,0.000000
106636.686961,0.000000
106636.689462,0.021282
106636.691963,0.019301
106636.694464,0.000000
106636.696965,0.006178
106636.699466,0.000000
106636.701967,0.001598
106636.704468,0.000000
106636.706969,0.000785
106636.709470,0.000000
106636.711971,0.000000
106636.714473,0.014312
106636.716974,0.028209
106636.719475,0.000000
106636.721976,0.020377
106636.724477,0.000000
106636.726978,0.000000
106636.729479,0.000000
106636.731980,0.000000
106636.734481,0.010280
106636.736982,0.016068
106636.739483,0.000000
106636.741984,0.006579
106636.744485,0.017667
106636.746986,0.015624
106636.749487,0.003720
106636.751988,0.000000
106636.754489,0.000000
106636.756990,0.000000
106636.759491,0.000000
106636.761992,0.000000
106636.764493,0.009739
106636.766994,0.003280
106636.769495,0.002629
106636.771996,0.000000
106636.774497,0.000399
106636.776998,0.000000
106636.779499,0.031117
106636.782001,0.000000
106636.784502,0.000000
106636.787003,0.005503
106636.789504,0.000000
106636.792005,0.027697
106636.794506,0.027991
106636.797007,0.000000
106636.799508,0.000000
106636.802009,0.030836
106636.804510,0.020041
106636.807011,0.000000
106636.809512,0.006197
106636.812013,0.000000
106636.814514,0.031553
106636.817015,0.001047
106636.819516,0.008411
106636.822017,0.000000
106636.824518,0.000000
106636.827019,0.006479
106636.829520,0.027525
106636.832021,0.000000
106636.834522,0.000000
106636.837023,0.004383
106636.839524,0.023516
106636.842025,0.000000
106636.844526,0.000000
106636.847027,0.012024
106636.849529,0.013565
106636.852030,0.000000
106636.854531,0.015752
106636.857032,0.007595
106636.859533,0.000233
106636.862034,0.012962
106636.864535,0.010982
106636.867036,0.000000
106636.869537,0.021308
106636.872038,0.004961
106636.874539,0.019759
106636.877040,0.000744
106636.879541,0.003557
106636.882042,0.005729
106636.884543,0.007855
106636.887044,0.021950
106636.889545,0.006700
106636.892046,0.000000
106636.894547,0.014500
106636.897048,0.006182
106636.899549,0.042452
106636.902050,0.004186
106636.904551,0.017777
106636.907052,0.012670
106636.909553,0.000000
106636.912054,0.000000
106636.914555,0.000000
106636.917057,0.000000
106636.919558,0.000000
106636.922059,0.000000
106636.924560,0.000000
106636.927061,0.003470
106636.929562,0.027569
106636.932063,0.000000
106636.934564,0.000000
106636.937065,0.000000
106636.939566,0.000000
106636.942067,0.000000
106636.944568,0.000000
106636.947069,0.000000
106636.949570,0.004573
106636.952071,0.006114
106636.954572,0.000000
106636.957073,0.000000
106636.959574,0.000000
106636.962075,0.000741
106636.964576,0.000000
106636.967077,0.022224
106636.969578,0.000000
106636.972079,0.000000
106636.974580,0.012470
106636.977081,0.000000
106636.979582,0.009652
106636.982083,0.024665
106636.984585,0.011966
106636.987086,0.000000
106636.989587,0.000000
106636.992088,0.000000
106636.994589,0.006364
106636.997090,0.017324
106636.999591,0.000000
106637.002092,0.000000
106637.004593,0.000000
106637.007094,0.000000
106637.009595,0.021483
106637.012096,0.000000
106637.014597,0.002198
106637.017098,0.013092
106637.019599,0.022854
106637.022100,0.000000
106637.024601,0.018086
106637.027102,0.026253
106637.029603,0.000000
106637.032104,0.000000
106637.034605,0.031414
106637.037106,0.016103
106637.039607,0.000179
106637.042108,0.009336
106637.044609,0.000000
106637.047110,0.015935
106637.049611,0.000000
106637.052113,0.015378
106637.054614,0.000000
106637.057115,0.000000
106637.059616,0.000000
106637.062117,0.000000
106637.064618,0.010214
106637.067119,0.000000
106637.069620,0.000000
106637.072121,0.000000
106637.074622,0.011599
106637.077123,0.013394
106637.079624,0.002009
106637.082125,0.014125
106637.084626,0.009877
106637.087127,0.000000
106637.089628,0.013064
106637.092129,0.000000
106637.094630,0.006988
106637.097131,0.000000
106637.099632,0.002051
106637.102133,0.017503
106637.104634,0.003062
106637.107135,0.000000
106637.109636,0.003247
106637.112137,0.009527
106637.114638,0.030652
106637.117139,0.009371
106637.119640,0.000000
106637.122142,0.000000
106637.124643,0.000000
106637.127144,0.000000
106637.129645,0.000000
106637.132146,0.000000
106637.134647,0.000000
106637.137148,0.001394
106637.139649,0.000000
106637.142150,0.000000
106637.144651,0.000000
106637.147152,0.000000
106637.149653,0.000000
106637.152154,0.010143
106637.154655,0.003661
106637.157156,0.000000
106637.159657,0.020838
106637.162158,0.000141
106637.164659,0.005546
106637.167160,0.009874
106637.169661,0.000000
106637.172162,0.000000
106637.174663,0.000595
106637.177164,0.000000
106637.179665,0.025643
106637.182166,0.002309
106637.184667,0.000000
106637.187168,0.029956
106637.189670,0.000000
106637.192171,0.022065
106637.194672,0.011682
106637.197173,0.016044
106637.199674,0.000000
106637.202175,0.000802
106637.204676,0.000000
106637.207177,0.014311
106637.209678,0.005627
106637.212179,0.000000
106637.214680,0.000000
106637.217181,0.000000
106637.219682,0.000000
106637.222183,0.020709
106637.224684,0.011609
106637.227185,0.011579
106637.229686,0.003360
106637.232187,0.000000
106637.234688,0.009999
106637.237189,0.000000
106637.239690,0.002500
106637.242191,0.000000
106637.244692,0.000000
106637.247193,0.000000
106637.249694,0.000000
106637.252195,0.000000
106637.254696,0.011351
106637.257198,0.000000
106637.259699,0.000000
106637.262200,0.000000
106637.264701,0.000000
106637.267202,0.004123
106637.269703,0.009059
106637.272204,0.000000
106637.274705,0.013401
106637.277206,0.000000
106637.279707,0.005724
106637.282208,0.000000
106637.284709,0.000000
106637.287210,0.000000
106637.289711,0.000000
106637.292212,0.006304
106637.294713,0.005214
106637.297214,0.000000
106637.299715,0.009082
106637.302216,0.024228
106637.304717,0.000000
106637.307218,0.001362
106637.309719,0.000000
106637.312220,0.000000
106637.314721,0.017931
106637.317222,0.018079
106637.319723,0.000000
106637.322224,0.007042
106637.324726,0.013221
106637.327227,0.000000
106637.329728,0.000000
106637.332229,0.009901
106637.334730,0.012875
106637.337231,0.010762
106637.339732,0.000000
106637.342233,0.021877
106637.344734,0.004083
106637.347235,0.000000
106637.349736,0.000000
106637.352237,0.000000
106637.354738,0.003229
106637.357239,0.000000
106637.359740,0.028635
106637.362241,0.005803
106637.364742,0.000000
106637.367243,0.000000
106637.369744,0.003376
106637.372245,0.014205
106637.374746,0.026770
106637.377247,0.000000
106637.379748,0.024734
106637.382249,0.000000
106637.384750,0.000000
106637.387251,0.000000
106637.389752,0.011377
106637.392254,0.000000
106637.394755,0.005771
106637.397256,0.000000
106637.399757,0.025248
106637.402258,0.000000
106637.404759,0.005429
106637.407260,0.000000
106637.409761,0.000000
106637.412262,0.000000
106637.414763,0.012216
106637.417264,0.009467
106637.419765,0.015590
106637.422266,0.000000
106637.424767,0.007280
106637.427268,0.000000
106637.429769,0.000000
106637.432270,0.000000
106637.434771,0.000000
106637.437272,0.009495
106637.439773,0.016127
106637.442274,0.007484
106637.444775,0.009096
106637.447276,0.026185
106637.449777,0.010012
106637.452278,0.000000
106637.454779,0.008347
106637.457280,0.024528
106637.459782,0.000000
106637.462283,0.000000
106637.464784,0.020829
106637.467285,0.000000
106637.469786,0.010978
106637.472287,0.018516
106637.474788,0.000000
106637.477289,0.000000
106637.479790,0.017304
106637.482291,0.000000
106637.484792,0.000000
106637.487293,0.000000
106637.489794,0.011411
106637.492295,0.018335
106637.494796,0.000730
106637.497297,0.006949
106637.499798,0.000000
106637.502299,0.012973
106637.504800,0.020471
106637.507301,0.011034
106637.509802,0.000000
106637.512303,0.006235
106637.514804,0.013681
106637.517305,0.000398
106637.519806,0.011498
106637.522307,0.005319
106637.524808,0.020387
106637.527310,0.010056
106637.529811,0.000000
106637.532312,0.020173
106637.534813,0.006608
106637.537314,0.000000
106637.539815,0.000000
106637.542316,0.003323
106637.544817,0.026355
106637.547318,0.000000
106637.549819,0.000000
106637.552320,0.011022
106637.554821,0.003392
106637.557322,0.009658
106637.559823,0.000000
106637.562324,0.000000
106637.564825,0.000000
106637.567326,0.022407
106637.569827,0.000000
106637.572328,0.000000
106637.574829,0.000000
106637.577330,0.000000
106637.579831,0.015946
106637.582332,0.000000
106637.584833,0.014237
106637.587334,0.000000
106637.589835,0.000000
106637.592336,0.000000
106637.594837,0.000000
106637.597339,0.000000
106637.599840,0.000000
106637.602341,0.000000
106637.604842,0.000000
106637.607343,0.000000
106637.609844,0.025922
106637.612345,0.006578
106637.614846,0.002276
106637.617347,0.000000
106637.619848,0.009561
106637.622349,0.007639
106637.624850,0.000000
106637.627351,0.000000
106637.629852,0.000000
106637.632353,0.025738
106637.634854,0.000000
106637.637355,0.008504
106637.639856,0.002902
106637.642357,0.013108
106637.644858,0.000000
106637.647359,0.000000
106637.649860,0.000000
106637.652361,0.000000
106637.654862,0.000000
106637.657363,0.000000
106637.659864,0.000000
106637.662365,0.000000
106637.664867,0.000000
106637.667368,0.001716
106637.669869,0.012273
106637.672370,0.000000
106637.674871,0.000000
106637.677372,0.000000
106637.679873,0.002331
106637.682374,0.000000
106637.684875,0.000000
106637.687376,0.004733
106637.689877,0.020729
106637.692378,0.000000
106637.694879,0.000000
106637.697380,0.000000
106637.699881,0.000000
106637.702382,0.000000
106637.704883,0.018810
106637.707384,0.000000
106637.709885,0.000000
106637.712386,0.000000
106637.714887,0.015599
106637.717388,0.000000
106637.719889,0.000000
106637.722390,0.000000
106637.724891,0.000000
106637.727392,0.012809
106637.729893,0.011602
106637.732395,0.000000
106637.734896,0.000000
106637.737397,0.030205
106637.739898,0.014302
106637.742399,0.000000
106637.744900,0.000000
106637.747401,0.000000
106637.749902,0.000000
106637.752403,0.000000
106637.754904,0.000000
106637.757405,0.000000
106637.759906,0.001002
106637.762407,0.000000
106637.764908,0.000000
106637.767409,0.000000
106637.769910,0.000000
106637.772411,0.000000
106637.774912,0.008727
106637.777413,0.000000
106637.779914,0.000000
106637.782415,0.000000
106637.784916,0.000000
106637.787417,0.002098
106637.789918,0.000000
106637.792419,0.004487
106637.794920,0.000000
106637.797421,0.015576
106637.799923,0.011706
106637.802424,0.019000
106637.804925,0.000000
106637.807426,0.018481
106637.809927,0.001351
106637.812428,0.009914
106637.814929,0.009686
106637.817430,0.006594
106637.819931,0.000000
106637.822432,0.013718
106637.824933,0.005051
106637.827434,0.000000
106637.829935,0.000000
106637.832436,0.000000
106637.834937,0.000000
106637.837438,0.012257
106637.839939,0.000000
106637.842440,0.000000
106637.844941,0.028414
106637.847442,0.000000
106637.849943,0.009446
106637.852444,0.016157
106637.854945,0.011120
106637.857446,0.002148
106637.859947,0.000000
106637.862448,0.007722
106637.864949,0.000000
106637.867451,0.009981
106637.869952,0.000000
106637.872453,0.000000
106637.874954,0.027029
106637.877455,0.000000
106637.879956,0.000276
106637.882457,0.006184
106637.884958,0.007107
106637.887459,0.004207
106637.889960,0.000000
106637.892461,0.002328
106637.894962,0.003488
106637.897463,0.016374
106637.899964,0.010618
106637.902465,0.017320
106637.904966,0.000000
106637.907467,0.000000
106637.909968,0.004713
106637.912469,0.016272
106637.914970,0.000000
106637.917471,0.000000
106637.919972,0.000000
106637.922473,0.005214
106637.924974,0.000000
106637.927475,0.000000
106637.929976,0.013002
106637.932477,0.000000
106637.934979,0.000013
106637.937480,0.012925
106637.939981,0.031467
106637.942482,0.000000
106637.944983,0.000000
106637.947484,0.000000
106637.949985,0.006849
106637.952486,0.000000
106637.954987,0.000000
106637.957488,0.000000
106637.959989,0.022355
106637.962490,0.017134
106637.964991,0.000000
106637.967492,0.022764
106637.969993,0.000000
106637.972494,0.002302
106637.974995,0.000000
106637.977496,0.000000
106637.979997,0.000000
106637.982498,0.024066
106637.984999,0.000000
106637.987500,0.003240
106637.990001,0.000000
106637.992502,0.000000
106637.995003,0.000000
106637.997504,0.007490
106638.000005,0.000000
106638.002507,0.013998
106638.005008,0.001784
106638.007509,0.000093
106638.010010,0.007686
106638.012511,0.001441
106638.015012,0.013560
106638.017513,0.007975
106638.020014,0.013085
106638.022515,0.010291
106638.025016,0.019538
106638.027517,0.011906
106638.030018,0.025102
106638.032519,0.000000
106638.035020,0.011990
106638.037521,0.000000
106638.040022,0.013603
106638.042523,0.000811
106638.045024,0.013456
106638.047525,0.024124
106638.050026,0.011507
106638.052527,0.000000
106638.055028,0.000000
106638.057529,0.007699
106638.060030,0.000000
106638.062531,0.009532
106638.065032,0.000000
106638.067533,0.000000
106638.070034,0.000000
106638.072536,0.007195
106638.075037,0.001755
106638.077538,0.000000
106638.080039,0.025862
106638.082540,0.000000
106638.085041,0.000000
106638.087542,0.013391
106638.090043,0.000000
106638.092544,0.000000
106638.095045,0.000000
106638.097546,0.000000
106638.097546,0.023972
106664.413335,0.006672
106690.729125,0.003740
106717.044914,0.000000
106743.360704,0.024827
106769.676493,0.012107
106795.992283,0.014206
106822.308072,0.003995
106848.623862,0.014363
106874.939651,0.005648
106901.255441,0.000000
106927.571230,0.005306
106953.887020,0.030122
106980.202809,0.002928
107006.518599,0.018244
107032.834388,0.017112
107059.150177,0.008085
107085.465967,0.023797
107111.781756,0.000000
107138.097546,0.000000
