wavenumber_cm-1,intensity
81756.683711,0.000000
81782.999500,0.000000
81809.315290,0.000000
81835.631079,0.000000
81861.946869,0.009888
81888.262658,0.004880
81914.578448,0.021842
81940.894237,0.000000
81967.210027,0.006999
81993.525816,0.011386
82019.841606,0.033651
82046.157395,0.002079
82072.473184,0.000000
82098.788974,0.012179
82125.104763,0.026798
82151.420553,0.000000
82177.736342,0.012081
82204.052132,0.017648
82230.367921,0.014608
82256.683711,0.001803
82256.683711,0.000000
82256.686213,0.000000
82256.688714,0.006587
82256.691216,0.013045
82256.693718,0.004797
82256.696220,0.000000
82256.698722,0.007977
82256.701223,0.012354
82256.703725,0.005452
82256.706227,0.000000
82256.708729,0.000000
82256.711231,0.013614
82256.713732,0.000000
82256.716234,0.000000
82256.718736,0.021661
82256.721238,0.007346
82256.723740,0.008715
82256.726241,0.000000
82256.728743,0.010593
82256.731245,0.003953
82256.733747,0.000000
82256.736249,0.020457
82256.738750,0.002279
82256.741252,0.000000
82256.743754,0.000000
82256.746256,0.000000
82256.748757,0.008522
82256.751259,0.003761
82256.753761,0.000000
82256.756263,0.018363
82256.758765,0.000000
82256.761266,0.000000
82256.763768,0.000000
82256.766270,0.000000
82256.768772,0.000969
82256.771274,0.006176
82256.773775,0.000000
82256.776277,0.000000
82256.778779,0.024216
82256.781281,0.034639
82256.783783,0.002058
82256.786284,0.000000
82256.788786,0.021192
82256.791288,0.000000
82256.793790,0.000000
82256.796292,0.000000
82256.798793,0.000000
82256.801295,0.000000
82256.803797,0.000000
82256.806299,0.000182
82256.808801,0.000390
82256.811302,0.000000
82256.813804,0.000000
82256.816306,0.000000
82256.818808,0.011632
82256.821310,0.000000
82256.823811,0.011845
82256.826313,0.008414
82256.828815,0.008209
82256.831317,0.019934
82256.833819,0.000000
82256.836320,0.000000
82256.838822,0.025327
82256.841324,0.000000
82256.843826,0.000000
82256.846328,0.000000
82256.848829,0.001938
82256.851331,0.000000
82256.853833,0.019160
82256.856335,0.000000
82256.858837,0.004719
82256.861338,0.000000
82256.863840,0.000000
82256.866342,0.000000
82256.868844,0.000000
82256.871346,0.015594
82256.873847,0.000000
82256.876349,0.000000
82256.878851,0.000000
82256.881353,0.017180
82256.883854,0.021031
82256.886356,0.017017
82256.888858,0.007073
82256.891360,0.004163
82256.893862,0.000000
82256.896363,0.000000
82256.898865,0.000000
82256.901367,0.000000
82256.903869,0.015182
82256.906371,0.000000
82256.908872,0.017177
82256.911374,0.012665
82256.913876,0.007996
82256.916378,0.008803
82256.918880,0.000000
82256.921381,0.026685
82256.923883,0.000619
82256.926385,0.004337
82256.928887,0.000000
82256.931389,0.000000
82256.933890,0.006855
82256.936392,0.003124
82256.938894,0.000000
82256.941396,0.000000
82256.943898,0.000000
82256.946399,0.017180
82256.948901,0.000000
82256.951403,0.000000
82256.953905,0.020831
82256.956407,0.000000
82256.958908,0.000000
82256.961410,0.000000
82256.963912,0.023241
82256.966414,0.028631
82256.968916,0.010795
82256.971417,0.011252
82256.973919,0.000000
82256.976421,0.027970
82256.978923,0.003845
82256.981425,0.012253
82256.983926,0.000000
82256.986428,0.000000
82256.988930,0.023887
82256.991432,0.007752
82256.993934,0.020846
82256.996435,0.003667
82256.998937,0.000000
82257.001439,0.000000
82257.003941,0.001479
82257.006443,0.000000
82257.008944,0.000000
82257.011446,0.017256
82257.013948,0.000000
82257.016450,0.001985
82257.018951,0.004253
82257.021453,0.000000
82257.023955,0.020838
82257.026457,0.000000
82257.028959,0.003758
82257.031460,0.003535
82257.033962,0.000000
82257.036464,0.000000
82257.038966,0.012508
82257.041468,0.010679
82257.043969,0.000000
82257.046471,0.010162
82257.048973,0.005385
82257.051475,0.000000
82257.053977,0.000000
82257.056478,0.016349
82257.058980,0.004444
82257.061482,0.000000
82257.063984,0.000000
82257.066486,0.000000
82257.068987,0.000000
82257.071489,0.000000
82257.073991,0.000000
82257.076493,0.016374
82257.078995,0.013941
82257.081496,0.000000
82257.083998,0.001958
82257.086500,0.000000
82257.089002,0.000000
82257.091504,0.000000
82257.094005,0.000000
82257.096507,0.028769
82257.099009,0.000000
82257.101511,0.000000
82257.104013,0.000000
82257.106514,0.014992
82257.109016,0.000000
82257.111518,0.000000
82257.114020,0.020781
82257.116522,0.003504
82257.119023,0.002757
82257.121525,0.030624
82257.124027,0.003538
82257.126529,0.000000
82257.129031,0.000000
82257.131532,0.000000
82257.134034,0.018039
82257.136536,0.008253
82257.139038,0.016150
82257.141540,0.017422
82257.144041,0.000000
82257.146543,0.000000
82257.149045,0.000000
82257.151547,0.000000
82257.154048,0.002369
82257.156550,0.016260
82257.159052,0.000000
82257.161554,0.002154
82257.164056,0.000000
82257.166557,0.011530
82257.169059,0.000000
82257.171561,0.000000
82257.174063,0.006763
82257.176565,0.014188
82257.179066,0.006411
82257.181568,0.000000
82257.184070,0.000000
82257.186572,0.007103
82257.189074,0.002032
82257.191575,0.000000
82257.194077,0.026176
82257.196579,0.000000
82257.199081,0.025495
82257.201583,0.000457
82257.204084,0.000000
82257.206586,0.000000
82257.209088,0.013781
82257.211590,0.000000
82257.214092,0.000000
82257.216593,0.000000
82257.219095,0.000000
82257.221597,0.007064
82257.224099,0.011108
82257.226601,0.000000
82257.229102,0.000000
82257.231604,0.010868
82257.234106,0.000000
82257.236608,0.000000
82257.239110,0.000000
82257.241611,0.005056
82257.244113,0.004440
82257.246615,0.000000
82257.249117,0.000073
82257.251619,0.021934
82257.254120,0.000000
82257.256622,0.000000
82257.259124,0.006536
82257.261626,0.000000
82257.264128,0.000000
82257.266629,0.009366
82257.269131,0.012054
82257.271633,0.000000
82257.274135,0.000000
82257.276637,0.033287
82257.279138,0.008380
82257.281640,0.009711
82257.284142,0.016846
82257.286644,0.000245
82257.289145,0.011443
82257.291647,0.010314
82257.294149,0.007742
82257.296651,0.000000
82257.299153,0.002471
82257.301654,0.000000
82257.304156,0.000184
82257.306658,0.000000
82257.309160,0.000000
82257.311662,0.000000
82257.314163,0.000000
82257.316665,0.000000
82257.319167,0.000000
82257.321669,0.005778
82257.324171,0.013634
82257.326672,0.000000
82257.329174,0.019176
82257.331676,0.013481
82257.334178,0.007240
82257.336680,0.002207
82257.339181,0.004584
82257.341683,0.017050
82257.344185,0.017574
82257.346687,0.019174
82257.349189,0.000594
82257.351690,0.007971
82257.354192,0.019298
82257.356694,0.000000
82257.359196,0.000000
82257.361698,0.000230
82257.364199,0.012921
82257.366701,0.013145
82257.369203,0.000000
82257.371705,0.000000
82257.374207,0.003536
82257.376708,0.000000
82257.379210,0.000000
82257.381712,0.000000
82257.384214,0.004688
82257.386716,0.019549
82257.389217,0.000559
82257.391719,0.003036
82257.394221,0.016990
82257.396723,0.000000
82257.399225,0.007471
82257.401726,0.000000
82257.404228,0.008130
82257.406730,0.000000
82257.409232,0.000000
82257.411734,0.002018
82257.414235,0.023688
82257.416737,0.012365
82257.419239,0.000000
82257.421741,0.000000
82257.424242,0.000000
82257.426744,0.018903
82257.429246,0.000000
82257.431748,0.000000
82257.434250,0.018977
82257.436751,0.000000
82257.439253,0.021434
82257.441755,0.000000
82257.444257,0.000000
82257.446759,0.000000
82257.449260,0.000000
82257.451762,0.006332
82257.454264,0.000000
82257.456766,0.000000
82257.459268,0.000000
82257.461769,0.000000
82257.464271,0.002935
82257.466773,0.000000
82257.469275,0.000000
82257.471777,0.002623
82257.474278,0.000000
82257.476780,0.003597
82257.479282,0.009771
82257.481784,0.000000
82257.484286,0.000000
82257.486787,0.000000
82257.489289,0.003552
82257.491791,0.000000
82257.494293,0.000000
82257.496795,0.004535
82257.499296,0.016844
82257.501798,0.000000
82257.504300,0.000000
82257.506802,0.002370
82257.509304,0.000000
82257.511805,0.000000
82257.514307,0.017558
82257.516809,0.000893
82257.519311,0.000000
82257.521813,0.000000
82257.524314,0.002328
82257.526816,0.012387
82257.529318,0.000000
82257.531820,0.006459
82257.534322,0.019108
82257.536823,0.027116
82257.539325,0.004757
82257.541827,0.007279
82257.544329,0.000000
82257.546830,0.030159
82257.549332,0.000000
82257.551834,0.000000
82257.554336,0.000000
82257.556838,0.021712
82257.559339,0.031715
82257.561841,0.001801
82257.564343,0.014336
82257.566845,0.000621
82257.569347,0.000000
82257.571848,0.021211
82257.574350,0.000000
82257.576852,0.022055
82257.579354,0.018651
82257.581856,0.008819
82257.584357,0.026270
82257.586859,0.032064
82257.589361,0.000000
82257.591863,0.000000
82257.594365,0.000000
82257.596866,0.032241
82257.599368,0.000000
82257.601870,0.016303
82257.604372,0.000000
82257.606874,0.022094
82257.609375,0.000000
82257.611877,0.000000
82257.614379,0.000000
82257.616881,0.000000
82257.619383,0.008565
82257.621884,0.000000
82257.624386,0.009016
82257.626888,0.000000
82257.629390,0.000000
82257.631892,0.000000
82257.634393,0.029372
82257.636895,0.003234
82257.639397,0.000000
82257.641899,0.000000
82257.644401,0.001391
82257.646902,0.026506
82257.649404,0.014775
82257.651906,0.000000
82257.654408,0.034735
82257.656910,0.000000
82257.659411,0.017901
82257.661913,0.000000
82257.664415,0.000000
82257.666917,0.000000
82257.669419,0.000000
82257.671920,0.030336
82257.674422,0.003081
82257.676924,0.000000
82257.679426,0.006501
82257.681927,0.002719
82257.684429,0.008919
82257.686931,0.017373
82257.689433,0.000000
82257.691935,0.000000
82257.694436,0.011889
82257.696938,0.011524
82257.699440,0.001447
82257.701942,0.031277
82257.704444,0.000000
82257.706945,0.000000
82257.709447,0.006005
82257.711949,0.000000
82257.714451,0.007117
82257.716953,0.000000
82257.719454,0.000000
82257.721956,0.027158
82257.724458,0.000000
82257.726960,0.000000
82257.729462,0.016815
82257.731963,0.000000
82257.734465,0.000000
82257.736967,0.008281
82257.739469,0.013479
82257.741971,0.017530
82257.744472,0.000000
82257.746974,0.008561
82257.749476,0.000000
82257.751978,0.000000
82257.754480,0.017282
82257.756981,0.000000
82257.759483,0.003996
82257.761985,0.002235
82257.764487,0.000000
82257.766989,0.013876
82257.769490,0.008047
82257.771992,0.000000
82257.774494,0.003985
82257.776996,0.000000
82257.779498,0.015757
82257.781999,0.000000
82257.784501,0.000000
82257.787003,0.005200
82257.789505,0.000780
82257.792007,0.010958
82257.794508,0.000000
82257.797010,0.023727
82257.799512,0.007543
82257.802014,0.019530
82257.804516,0.012557
82257.807017,0.000000
82257.809519,0.000000
82257.812021,0.000000
82257.814523,0.022831
82257.817024,0.019899
82257.819526,0.000000
82257.822028,0.000000
82257.824530,0.000000
82257.827032,0.000000
82257.829533,0.000000
82257.832035,0.007591
82257.834537,0.012585
82257.837039,0.014224
82257.839541,0.006402
82257.842042,0.000000
82257.844544,0.000000
82257.847046,0.033094
82257.849548,0.005375
82257.852050,0.005283
82257.854551,0.005163
82257.857053,0.005966
82257.859555,0.000000
82257.862057,0.000000
82257.864559,0.000000
82257.867060,0.018406
82257.869562,0.000685
82257.872064,0.000000
82257.874566,0.006177
82257.877068,0.000000
82257.879569,0.000000
82257.882071,0.000000
82257.884573,0.007792
82257.887075,0.018080
82257.889577,0.006936
82257.892078,0.009078
82257.894580,0.006794
82257.897082,0.001455
82257.899584,0.010010
82257.902086,0.000000
82257.904587,0.001596
82257.907089,0.000000
82257.909591,0.016703
82257.912093,0.000000
82257.914595,0.000445
82257.917096,0.000000
82257.919598,0.014605
82257.922100,0.009010
82257.924602,0.008000
82257.927104,0.000000
82257.929605,0.000000
82257.932107,0.003212
82257.934609,0.000000
82257.937111,0.006246
82257.939613,0.000000
82257.942114,0.000000
82257.944616,0.025807
82257.947118,0.006312
82257.949620,0.002396
82257.952121,0.028514
82257.954623,0.000000
82257.957125,0.000000
82257.959627,0.000000
82257.962129,0.012329
82257.964630,0.012577
82257.967132,0.000000
82257.969634,0.014334
82257.972136,0.000000
82257.974638,0.017403
82257.977139,0.000000
82257.979641,0.000000
82257.982143,0.000000
82257.984645,0.015168
82257.987147,0.000000
82257.989648,0.000000
82257.992150,0.007279
82257.994652,0.007832
82257.997154,0.012739
82257.999656,0.003032
82258.002157,0.000000
82258.004659,0.000000
82258.007161,0.000369
82258.009663,0.003585
82258.012165,0.000000
82258.014666,0.000276
82258.017168,0.000000
82258.019670,0.009585
82258.022172,0.002601
82258.024674,0.014390
82258.027175,0.000002
82258.029677,0.000000
82258.032179,0.000000
82258.034681,0.000000
82258.037183,0.010670
82258.039684,0.000000
82258.042186,0.000591
82258.044688,0.007378
82258.047190,0.000000
82258.049692,0.001072
82258.052193,0.000000
82258.054695,0.000000
82258.057197,0.000000
82258.059699,0.000000
82258.062201,0.009819
82258.064702,0.000000
82258.067204,0.000000
82258.069706,0.025393
82258.072208,0.013799
82258.074710,0.000000
82258.077211,0.000000
82258.079713,0.003483
82258.082215,0.004650
82258.084717,0.000000
82258.087218,0.016641
82258.089720,0.011853
82258.092222,0.006922
82258.094724,0.019487
82258.097226,0.006496
82258.099727,0.006443
82258.102229,0.022373
82258.104731,0.015817
82258.107233,0.000000
82258.109735,0.009095
82258.112236,0.000000
82258.114738,0.007241
82258.117240,0.006846
82258.119742,0.000000
82258.122244,0.000000
82258.124745,0.003810
82258.127247,0.000000
82258.129749,0.004520
82258.132251,0.011575
82258.134753,0.000000
82258.137254,0.003226
82258.139756,0.019870
82258.142258,0.006797
82258.144760,0.002884
82258.147262,0.000000
82258.149763,0.009638
82258.152265,0.004742
82258.154767,0.018439
82258.157269,0.000673
82258.159771,0.000000
82258.162272,0.000000
82258.164774,0.010567
82258.167276,0.000000
82258.169778,0.006273
82258.172280,0.001641
82258.174781,0.000000
82258.177283,0.000000
82258.179785,0.000000
82258.182287,0.000000
82258.184789,0.000000
82258.187290,0.000000
82258.189792,0.000000
82258.192294,0.000000
82258.194796,0.013245
82258.197298,0.000000
82258.199799,0.014704
82258.202301,0.022088
82258.204803,0.012280
82258.207305,0.007677
82258.209807,0.004694
82258.212308,0.012429
82258.214810,0.001284
82258.217312,0.014142
82258.219814,0.008820
82258.222315,0.000000
82258.224817,0.012867
82258.227319,0.001314
82258.229821,0.000000
82258.232323,0.000000
82258.234824,0.002385
82258.237326,0.014312
82258.239828,0.012768
82258.242330,0.005076
82258.244832,0.008613
82258.247333,0.018266
82258.249835,0.000000
82258.252337,0.000000
82258.254839,0.018688
82258.257341,0.000000
82258.259842,0.000000
82258.262344,0.000000
82258.264846,0.008205
82258.267348,0.000000
82258.269850,0.000000
82258.272351,0.008449
82258.274853,0.010369
82258.277355,0.000000
82258.279857,0.000000
82258.282359,0.000000
82258.284860,0.000000
82258.287362,0.003824
82258.289864,0.000000
82258.292366,0.000000
82258.294868,0.000000
82258.297369,0.016273
82258.299871,0.007326
82258.302373,0.011389
82258.304875,0.018535
82258.307377,0.000000
82258.309878,0.000000
82258.312380,0.000000
82258.314882,0.045106
82258.317384,0.000000
82258.319886,0.014919
82258.322387,0.000000
82258.324889,0.014311
82258.327391,0.026681
82258.329893,0.000000
82258.332395,0.000000
82258.334896,0.000000
82258.337398,0.000000
82258.339900,0.000000
82258.342402,0.011792
82258.344904,0.000000
82258.347405,0.000000
82258.349907,0.007578
82258.352409,0.008676
82258.354911,0.000000
82258.357412,0.001276
82258.359914,0.034988
82258.362416,0.000000
82258.364918,0.000000
82258.367420,0.027890
82258.369921,0.015859
82258.372423,0.000000
82258.374925,0.002961
82258.377427,0.000000
82258.379929,0.000000
82258.382430,0.000000
82258.384932,0.000000
82258.387434,0.001619
82258.389936,0.000000
82258.392438,0.000000
82258.394939,0.000000
82258.397441,0.024635
82258.399943,0.001181
82258.402445,0.000000
82258.404947,0.010831
82258.407448,0.000000
82258.409950,0.026831
82258.412452,0.000000
82258.414954,0.010061
82258.417456,0.000000
82258.419957,0.007226
82258.422459,0.003951
82258.424961,0.000000
82258.427463,0.000000
82258.429965,0.000000
82258.432466,0.004055
82258.434968,0.009034
82258.437470,0.000000
82258.439972,0.004126
82258.442474,0.000000
82258.444975,0.001415
82258.447477,0.000000
82258.449979,0.000258
82258.452481,0.038752
82258.454983,0.004476
82258.457484,0.009269
82258.459986,0.006291
82258.462488,0.000000
82258.464990,0.018586
82258.467492,0.000000
82258.469993,0.015154
82258.472495,0.000000
82258.474997,0.000000
82258.477499,0.005248
82258.480001,0.000000
82258.482502,0.007693
82258.485004,0.000000
82258.487506,0.000000
82258.490008,0.000000
82258.492509,0.040564
82258.495011,0.000000
82258.497513,0.000141
82258.500015,0.016421
82258.502517,0.014886
82258.505018,0.012228
82258.507520,0.000000
82258.510022,0.019406
82258.512524,0.013119
82258.515026,0.003049
82258.517527,0.003455
82258.520029,0.000000
82258.522531,0.000000
82258.525033,0.017769
82258.527535,0.018847
82258.530036,0.000000
82258.532538,0.000000
82258.535040,0.000000
82258.537542,0.000000
82258.540044,0.000923
82258.542545,0.013600
82258.545047,0.000000
82258.547549,0.000000
82258.550051,0.017762
82258.552553,0.000000
82258.555054,0.000000
82258.557556,0.000000
82258.560058,0.000000
82258.562560,0.022334
82258.565062,0.013283
82258.567563,0.016482
82258.570065,0.011777
82258.572567,0.013591
82258.575069,0.000000
82258.577571,0.000000
82258.580072,0.000000
82258.582574,0.000000
82258.585076,0.009826
82258.587578,0.001933
82258.590080,0.018837
82258.592581,0.000000
82258.595083,0.007185
82258.597585,0.000000
82258.600087,0.001353
82258.602589,0.010634
82258.605090,0.000000
82258.607592,0.007916
82258.610094,0.000000
82258.612596,0.000000
82258.615098,0.008001
82258.617599,0.025049
82258.620101,0.000000
82258.622603,0.017555
82258.625105,0.000624
82258.627606,0.000000
82258.630108,0.000000
82258.632610,0.000227
82258.635112,0.000000
82258.637614,0.000000
82258.640115,0.000000
82258.642617,0.000000
82258.645119,0.002784
82258.647621,0.000000
82258.650123,0.000000
82258.652624,0.002900
82258.655126,0.014938
82258.657628,0.005661
82258.660130,0.000000
82258.662632,0.013330
82258.665133,0.000000
82258.667635,0.000000
82258.670137,0.000000
82258.672639,0.000000
82258.675141,0.000000
82258.677642,0.000000
82258.680144,0.027465
82258.682646,0.000000
82258.685148,0.022782
82258.687650,0.000547
82258.690151,0.008113
82258.692653,0.000000
82258.695155,0.002987
82258.697657,0.009343
82258.700159,0.009545
82258.702660,0.011128
82258.705162,0.000000
82258.707664,0.000000
82258.710166,0.000000
82258.712668,0.007517
82258.715169,0.015581
82258.717671,0.023615
82258.720173,0.007726
82258.722675,0.008517
82258.725177,0.056233
82258.727678,0.250143
82258.730180,0.459150
82258.732682,0.701846
82258.735184,0.724707
82258.737686,0.528895
82258.740187,0.273133
82258.742689,0.101111
82258.745191,0.000000
82258.747693,0.004837
82258.750195,0.000000
82258.752696,0.010571
82258.755198,0.000000
82258.757700,0.000000
82258.760202,0.000000
82258.762703,0.000000
82258.765205,0.017102
82258.767707,0.002824
82258.770209,0.004947
82258.772711,0.016966
82258.775212,0.000000
82258.777714,0.010833
82258.780216,0.009822
82258.782718,0.000000
82258.785220,0.021157
82258.787721,0.000000
82258.790223,0.013176
82258.792725,0.000000
82258.795227,0.008636
82258.797729,0.026743
82258.800230,0.000000
82258.802732,0.000000
82258.805234,0.008768
82258.807736,0.000000
82258.810238,0.026116
82258.812739,0.002760
82258.815241,0.000000
82258.817743,0.000000
82258.820245,0.000000
82258.822747,0.000000
82258.825248,0.000000
82258.827750,0.000000
82258.830252,0.000000
82258.832754,0.030146
82258.835256,0.000000
82258.837757,0.002106
82258.840259,0.008510
82258.842761,0.009050
82258.845263,0.000000
82258.847765,0.000000
82258.850266,0.006486
82258.852768,0.003828
82258.855270,0.000000
82258.857772,0.000000
82258.860274,0.000000
82258.862775,0.000000
82258.865277,0.000000
82258.867779,0.000477
82258.870281,0.005153
82258.872783,0.025573
82258.875284,0.000000
82258.877786,0.011126
82258.880288,0.004395
82258.882790,0.018615
82258.885292,0.008276
82258.887793,0.000000
82258.890295,0.000000
82258.892797,0.004471
82258.895299,0.000000
82258.897800,0.000000
82258.900302,0.000000
82258.902804,0.002312
82258.905306,0.021655
82258.907808,0.000000
82258.910309,0.008478
82258.912811,0.000000
82258.915313,0.000000
82258.917815,0.010554
82258.920317,0.000000
82258.922818,0.000311
82258.925320,0.000000
82258.927822,0.012827
82258.930324,0.000000
82258.932826,0.005614
82258.935327,0.000000
82258.937829,0.000000
82258.940331,0.000000
82258.942833,0.030049
82258.945335,0.007908
82258.947836,0.000000
82258.950338,0.000000
82258.952840,0.000000
82258.955342,0.010297
82258.957844,0.000000
82258.960345,0.000000
82258.962847,0.025432
82258.965349,0.000000
82258.967851,0.001155
82258.970353,0.031646
82258.972854,0.009080
82258.975356,0.001809
82258.977858,0.007277
82258.980360,0.000000
82258.982862,0.018667
82258.985363,0.000000
82258.987865,0.000000
82258.990367,0.000000
82258.992869,0.000000
82258.995371,0.000000
82258.997872,0.000000
82259.000374,0.017199
82259.002876,0.009987
82259.005378,0.003781
82259.007880,0.000000
82259.010381,0.000000
82259.012883,0.000000
82259.015385,0.001625
82259.017887,0.011414
82259.020389,0.000000
82259.022890,0.000000
82259.025392,0.006672
82259.027894,0.000000
82259.030396,0.024213
82259.032897,0.017706
82259.035399,0.013782
82259.037901,0.010883
82259.040403,0.000000
82259.042905,0.009523
82259.045406,0.005405
82259.047908,0.008710
82259.050410,0.007075
82259.052912,0.006503
82259.055414,0.038793
82259.057915,0.000000
82259.060417,0.013449
82259.062919,0.000000
82259.065421,0.011356
82259.067923,0.013492
82259.070424,0.005234
82259.072926,0.023976
82259.075428,0.000000
82259.077930,0.000000
82259.080432,0.003050
82259.082933,0.012651
82259.085435,0.002577
82259.087937,0.018468
82259.090439,0.000000
82259.092941,0.000000
82259.095442,0.004426
82259.097944,0.000000
82259.100446,0.007797
82259.102948,0.000000
82259.105450,0.000000
82259.107951,0.000000
82259.110453,0.000414
82259.112955,0.000000
82259.115457,0.000000
82259.117959,0.000000
82259.120460,0.012304
82259.122962,0.002787
82259.125464,0.032414
82259.127966,0.002308
82259.130468,0.000000
82259.132969,0.038359
82259.135471,0.005941
82259.137973,0.014221
82259.140475,0.008504
82259.142977,0.008948
82259.145478,0.007694
82259.147980,0.000000
82259.150482,0.005279
82259.152984,0.000000
82259.155486,0.000000
82259.157987,0.000000
82259.160489,0.005134
82259.162991,0.004799
82259.165493,0.006911
82259.167994,0.004126
82259.170496,0.000000
82259.172998,0.000000
82259.175500,0.013220
82259.178002,0.015338
82259.180503,0.000000
82259.183005,0.000000
82259.185507,0.000000
82259.188009,0.015012
82259.190511,0.017450
82259.193012,0.000000
82259.195514,0.004414
82259.198016,0.026348
82259.200518,0.005965
82259.203020,0.020417
82259.205521,0.014345
82259.208023,0.000000
82259.210525,0.000000
82259.213027,0.000499
82259.215529,0.001496
82259.218030,0.013161
82259.220532,0.005870
82259.223034,0.000000
82259.225536,0.000000
82259.228038,0.000000
82259.230539,0.002519
82259.233041,0.003454
82259.235543,0.004068
82259.238045,0.000000
82259.240547,0.009683
82259.243048,0.010288
82259.245550,0.000000
82259.248052,0.000000
82259.250554,0.000000
82259.253056,0.025736
82259.255557,0.024414
82259.258059,0.008092
82259.260561,0.000000
82259.263063,0.012738
82259.265565,0.000000
82259.268066,0.000000
82259.270568,0.000000
82259.273070,0.001471
82259.275572,0.000000
82259.278074,0.001385
82259.280575,0.000000
82259.283077,0.002439
82259.285579,0.000000
82259.288081,0.015626
82259.290583,0.007496
82259.293084,0.000000
82259.295586,0.008082
82259.298088,0.000000
82259.300590,0.001040
82259.303091,0.011415
82259.305593,0.000000
82259.308095,0.000000
82259.310597,0.000000
82259.313099,0.000000
82259.315600,0.020929
82259.318102,0.000000
82259.320604,0.000000
82259.323106,0.000000
82259.325608,0.021692
82259.328109,0.000000
82259.330611,0.000000
82259.333113,0.000000
82259.335615,0.009138
82259.338117,0.004989
82259.340618,0.038032
82259.343120,0.006520
82259.345622,0.000000
82259.348124,0.000000
82259.350626,0.000000
82259.353127,0.000000
82259.355629,0.000573
82259.358131,0.011253
82259.360633,0.000000
82259.363135,0.000000
82259.365636,0.021774
82259.368138,0.000000
82259.370640,0.000000
82259.373142,0.000000
82259.375644,0.000000
82259.378145,0.005547
82259.380647,0.000000
82259.383149,0.000000
82259.385651,0.016560
82259.388153,0.000000
82259.390654,0.011133
82259.393156,0.021707
82259.395658,0.000000
82259.398160,0.010586
82259.400662,0.000000
82259.403163,0.013273
82259.405665,0.000000
82259.408167,0.000000
82259.410669,0.000000
82259.413171,0.000000
82259.415672,0.000000
82259.418174,0.000000
82259.420676,0.015592
82259.423178,0.023919
82259.425679,0.107502
82259.428181,0.332988
82259.430683,0.665701
82259.433185,0.944128
82259.435687,0.934376
82259.438188,0.677746
82259.440690,0.329869
82259.443192,0.133215
82259.445694,0.008985
82259.448196,0.000000
82259.450697,0.026693
82259.453199,0.000000
82259.455701,0.000000
82259.458203,0.000000
82259.460705,0.000000
82259.463206,0.022224
82259.465708,0.002457
82259.468210,0.001920
82259.470712,0.000000
82259.473214,0.005153
82259.475715,0.016624
82259.478217,0.016510
82259.480719,0.009599
82259.483221,0.000000
82259.485723,0.004497
82259.488224,0.009589
82259.490726,0.000000
82259.493228,0.000000
82259.495730,0.012757
82259.498232,0.012583
82259.500733,0.000000
82259.503235,0.011419
82259.505737,0.001369
82259.508239,0.011218
82259.510741,0.000000
82259.513242,0.009267
82259.515744,0.012120
82259.518246,0.000000
82259.520748,0.000255
82259.523250,0.000000
82259.525751,0.023723
82259.528253,0.000000
82259.530755,0.000000
82259.533257,0.000000
82259.535759,0.001821
82259.538260,0.010820
82259.540762,0.000000
82259.543264,0.026538
82259.545766,0.004434
82259.548268,0.006700
82259.550769,0.000000
82259.553271,0.000277
82259.555773,0.000000
82259.558275,0.014619
82259.560776,0.000000
82259.563278,0.011017
82259.565780,0.000000
82259.568282,0.002810
82259.570784,0.000000
82259.573285,0.017473
82259.575787,0.000000
82259.578289,0.000000
82259.580791,0.000000
82259.583293,0.000000
82259.585794,0.010377
82259.588296,0.000000
82259.590798,0.020021
82259.593300,0.000000
82259.595802,0.002433
82259.598303,0.000000
82259.600805,0.006046
82259.603307,0.000000
82259.605809,0.000000
82259.608311,0.017070
82259.610812,0.000000
82259.613314,0.008424
82259.615816,0.000000
82259.618318,0.001619
82259.620820,0.000000
82259.623321,0.000000
82259.625823,0.000000
82259.628325,0.026064
82259.630827,0.001448
82259.633329,0.023766
82259.635830,0.003165
82259.638332,0.000000
82259.640834,0.022110
82259.643336,0.006277
82259.645838,0.000000
82259.648339,0.006759
82259.650841,0.000000
82259.653343,0.000000
82259.655845,0.013444
82259.658347,0.015727
82259.660848,0.026399
82259.663350,0.006063
82259.665852,0.000000
82259.668354,0.011993
82259.670856,0.012206
82259.673357,0.023531
82259.675859,0.000000
82259.678361,0.000000
82259.680863,0.000000
82259.683365,0.007720
82259.685866,0.000000
82259.688368,0.011147
82259.690870,0.008443
82259.693372,0.008403
82259.695873,0.001985
82259.698375,0.022018
82259.700877,0.012525
82259.703379,0.000000
82259.705881,0.000000
82259.708382,0.000000
82259.710884,0.007918
82259.713386,0.000000
82259.715888,0.015561
82259.718390,0.019002
82259.720891,0.000000
82259.723393,0.000000
82259.725895,0.000239
82259.728397,0.012697
82259.730899,0.023115
82259.733400,0.000000
82259.735902,0.000000
82259.738404,0.000000
82259.740906,0.000000
82259.743408,0.000000
82259.745909,0.006144
82259.748411,0.000000
82259.750913,0.000000
82259.753415,0.041281
82259.755917,0.003823
82259.758418,0.001604
82259.760920,0.000000
82259.763422,0.003745
82259.765924,0.000000
82259.768426,0.000000
82259.770927,0.000000
82259.773429,0.011418
82259.775931,0.027922
82259.778433,0.005274
82259.780935,0.015844
82259.783436,0.000000
82259.785938,0.000000
82259.788440,0.015670
82259.790942,0.023883
82259.793444,0.018688
82259.795945,0.000000
82259.798447,0.000000
82259.800949,0.003986
82259.803451,0.000000
82259.805953,0.005571
82259.808454,0.011786
82259.810956,0.014404
82259.813458,0.024214
82259.815960,0.000000
82259.818462,0.000000
82259.820963,0.005145
82259.823465,0.027057
82259.825967,0.000000
82259.828469,0.009865
82259.830970,0.009993
82259.833472,0.002750
82259.835974,0.000099
82259.838476,0.000000
82259.840978,0.000000
82259.843479,0.000000
82259.845981,0.000000
82259.848483,0.015762
82259.850985,0.000000
82259.853487,0.000000
82259.855988,0.000000
82259.858490,0.009434
82259.860992,0.019510
82259.863494,0.015274
82259.865996,0.008706
82259.868497,0.000000
82259.870999,0.000000
82259.873501,0.027969
82259.876003,0.016115
82259.878505,0.000000
82259.881006,0.000000
82259.883508,0.005215
82259.886010,0.000000
82259.888512,0.000000
82259.891014,0.001419
82259.893515,0.000000
82259.896017,0.000000
82259.898519,0.000000
82259.901021,0.000000
82259.903523,0.000000
82259.906024,0.000000
82259.908526,0.000000
82259.911028,0.000000
82259.913530,0.004468
82259.916032,0.000000
82259.918533,0.000000
82259.921035,0.013202
82259.923537,0.000000
82259.926039,0.010290
82259.928541,0.016600
82259.931042,0.000000
82259.933544,0.000000
82259.936046,0.000000
82259.938548,0.000000
82259.941050,0.000000
82259.943551,0.000000
82259.946053,0.027647
82259.948555,0.004108
82259.951057,0.000000
82259.953559,0.021047
82259.956060,0.000000
82259.958562,0.000000
82259.961064,0.000000
82259.963566,0.025869
82259.966067,0.004774
82259.968569,0.009471
82259.971071,0.004323
82259.973573,0.008241
82259.976075,0.001121
82259.978576,0.003891
82259.981078,0.001546
82259.983580,0.000000
82259.986082,0.000000
82259.988584,0.003930
82259.991085,0.001588
82259.993587,0.000000
82259.996089,0.000000
82259.998591,0.015553
82260.001093,0.000000
82260.003594,0.008399
82260.006096,0.000000
82260.008598,0.000000
82260.011100,0.000000
82260.013602,0.000000
82260.016103,0.000000
82260.018605,0.018585
82260.021107,0.002579
82260.023609,0.026557
82260.026111,0.005809
82260.028612,0.000000
82260.031114,0.015168
82260.033616,0.000000
82260.036118,0.003311
82260.038620,0.000000
82260.041121,0.030776
82260.043623,0.020677
82260.046125,0.000000
82260.048627,0.000000
82260.051129,0.003513
82260.053630,0.012401
82260.056132,0.000419
82260.058634,0.000000
82260.061136,0.000000
82260.063638,0.000000
82260.066139,0.017731
82260.068641,0.006145
82260.071143,0.000000
82260.073645,0.009313
82260.076147,0.000000
82260.078648,0.012789
82260.081150,0.036296
82260.083652,0.000000
82260.086154,0.011514
82260.088656,0.000000
82260.091157,0.000000
82260.093659,0.000425
82260.096161,0.000000
82260.098663,0.035377
82260.101164,0.000000
82260.103666,0.008429
82260.106168,0.000000
82260.108670,0.006205
82260.111172,0.016404
82260.113673,0.000000
82260.116175,0.000000
82260.118677,0.000039
82260.121179,0.004874
82260.123681,0.035874
82260.126182,0.128010
82260.128684,0.267160
82260.131186,0.517594
82260.133688,0.711168
82260.136190,0.709583
82260.138691,0.491835
82260.141193,0.227344
82260.143695,0.091793
82260.146197,0.026211
82260.148699,0.003964
82260.151200,0.000000
82260.153702,0.000000
82260.156204,0.000000
82260.158706,0.003387
82260.161208,0.000378
82260.163709,0.002707
82260.166211,0.007244
82260.168713,0.005542
82260.171215,0.000000
82260.173717,0.000699
82260.176218,0.000000
82260.178720,0.000000
82260.181222,0.000725
82260.183724,0.000000
82260.186226,0.012354
82260.188727,0.000000
82260.191229,0.003107
82260.193731,0.001674
82260.196233,0.010719
82260.198735,0.012938
82260.201236,0.009968
82260.203738,0.000000
82260.206240,0.017152
82260.208742,0.021937
82260.211244,0.000000
82260.213745,0.003399
82260.216247,0.000000
82260.218749,0.000000
82260.221251,0.000000
82260.223753,0.000000
82260.226254,0.000000
82260.228756,0.000000
82260.231258,0.000000
82260.233760,0.000000
82260.236261,0.000000
82260.238763,0.007807
82260.241265,0.009791
82260.243767,0.034190
82260.246269,0.016168
82260.248770,0.003492
82260.251272,0.000000
82260.253774,0.004219
82260.256276,0.004691
82260.258778,0.000000
82260.261279,0.011257
82260.263781,0.000000
82260.266283,0.000000
82260.268785,0.007984
82260.271287,0.000000
82260.273788,0.000000
82260.276290,0.000000
82260.278792,0.000000
82260.281294,0.016861
82260.283796,0.000000
82260.286297,0.004570
82260.288799,0.005941
82260.291301,0.000000
82260.293803,0.001050
82260.296305,0.000000
82260.298806,0.019980
82260.301308,0.000000
82260.303810,0.000000
82260.306312,0.000000
82260.308814,0.000000
82260.311315,0.022855
82260.313817,0.007796
82260.316319,0.002015
82260.318821,0.000000
82260.321323,0.013036
82260.323824,0.000000
82260.326326,0.011399
82260.328828,0.000000
82260.331330,0.000000
82260.333832,0.010891
82260.336333,0.012407
82260.338835,0.008582
82260.341337,0.000000
82260.343839,0.000000
82260.346341,0.002254
82260.348842,0.000000
82260.351344,0.019691
82260.353846,0.000000
82260.356348,0.000000
82260.358850,0.000000
82260.361351,0.000000
82260.363853,0.000000
82260.366355,0.008981
82260.368857,0.000435
82260.371358,0.022595
82260.373860,0.022194
82260.376362,0.006220
82260.378864,0.004499
82260.381366,0.000947
82260.383867,0.000000
82260.386369,0.000000
82260.388871,0.001446
82260.391373,0.008848
82260.393875,0.004161
82260.396376,0.000000
82260.398878,0.013464
82260.401380,0.021293
82260.403882,0.013472
82260.406384,0.014214
82260.408885,0.000000
82260.411387,0.015454
82260.413889,0.002094
82260.416391,0.007348
82260.418893,0.005249
82260.421394,0.000000
82260.423896,0.000000
82260.426398,0.000000
82260.428900,0.014173
82260.431402,0.000000
82260.433903,0.012831
82260.436405,0.010587
82260.438907,0.000000
82260.441409,0.019948
82260.443911,0.000000
82260.446412,0.021682
82260.448914,0.006235
82260.451416,0.000000
82260.453918,0.000000
82260.456420,0.000000
82260.458921,0.000000
82260.461423,0.000000
82260.463925,0.000000
82260.466427,0.000000
82260.468929,0.008417
82260.471430,0.018762
82260.473932,0.000000
82260.476434,0.024594
82260.478936,0.000000
82260.481438,0.000000
82260.483939,0.010884
82260.486441,0.000000
82260.488943,0.000000
82260.491445,0.000000
82260.493947,0.000000
82260.496448,0.010399
82260.498950,0.000000
82260.501452,0.000000
82260.503954,0.007915
82260.506455,0.000000
82260.508957,0.000000
82260.511459,0.017130
82260.513961,0.000000
82260.516463,0.000000
82260.518964,0.008946
82260.521466,0.000000
82260.523968,0.000000
82260.526470,0.000000
82260.528972,0.003328
82260.531473,0.000000
82260.533975,0.021202
82260.536477,0.000000
82260.538979,0.006390
82260.541481,0.009223
82260.543982,0.000000
82260.546484,0.000000
82260.548986,0.014610
82260.551488,0.000000
82260.553990,0.000000
82260.556491,0.012745
82260.558993,0.000499
82260.561495,0.000000
82260.563997,0.025093
82260.566499,0.000000
82260.569000,0.000000
82260.571502,0.003674
82260.574004,0.008978
82260.576506,0.028168
82260.579008,0.000000
82260.581509,0.011863
82260.584011,0.010672
82260.586513,0.000000
82260.589015,0.011308
82260.591517,0.013419
82260.594018,0.000000
82260.596520,0.025132
82260.599022,0.000000
82260.601524,0.000000
82260.604026,0.000000
82260.606527,0.027648
82260.609029,0.000000
82260.611531,0.000000
82260.614033,0.020569
82260.616535,0.000000
82260.619036,0.000000
82260.621538,0.000000
82260.624040,0.019689
82260.626542,0.001018
82260.629044,0.027730
82260.631545,0.010599
82260.634047,0.000000
82260.636549,0.000734
82260.639051,0.000000
82260.641552,0.000000
82260.644054,0.064334
82260.646556,0.014631
82260.649058,0.012368
82260.651560,0.000000
82260.654061,0.022544
82260.656563,0.015791
82260.659065,0.027026
82260.661567,0.026329
82260.664069,0.000000
82260.666570,0.000000
82260.669072,0.000000
82260.671574,0.000000
82260.674076,0.004646
82260.676578,0.000000
82260.679079,0.029769
82260.681581,0.027357
82260.684083,0.000000
82260.686585,0.028085
82260.689087,0.021374
82260.691588,0.000000
82260.694090,0.000000
82260.696592,0.000000
82260.699094,0.000000
82260.701596,0.002966
82260.704097,0.001282
82260.706599,0.000905
82260.709101,0.007522
82260.711603,0.000000
82260.714105,0.005908
82260.716606,0.000000
82260.719108,0.002872
82260.721610,0.013751
82260.724112,0.000000
82260.726614,0.000000
82260.729115,0.000000
82260.731617,0.000000
82260.734119,0.012924
82260.736621,0.000000
82260.739123,0.000000
82260.741624,0.000000
82260.744126,0.015685
82260.746628,0.000000
82260.749130,0.006608
82260.751632,0.028377
82260.754133,0.000000
82260.756635,0.015973
82260.759137,0.024006
82260.761639,0.014754
82260.764141,0.000000
82260.766642,0.009223
82260.769144,0.000000
82260.771646,0.000000
82260.774148,0.000000
82260.776649,0.032182
82260.779151,0.000000
82260.781653,0.000000
82260.784155,0.000000
82260.786657,0.008041
82260.789158,0.002048
82260.791660,0.015609
82260.794162,0.009641
82260.796664,0.000000
82260.799166,0.000000
82260.801667,0.019610
82260.804169,0.000000
82260.806671,0.017058
82260.809173,0.000000
82260.811675,0.000000
82260.814176,0.000000
82260.816678,0.000000
82260.819180,0.000000
82260.821682,0.002886
82260.824184,0.007348
82260.826685,0.000000
82260.829187,0.000000
82260.831689,0.000000
82260.834191,0.000000
82260.836693,0.001906
82260.839194,0.000000
82260.841696,0.019852
82260.844198,0.017064
82260.846700,0.016975
82260.849202,0.000000
82260.851703,0.000000
82260.854205,0.001178
82260.856707,0.000000
82260.859209,0.000000
82260.861711,0.000000
82260.864212,0.000000
82260.866714,0.000000
82260.869216,0.009887
82260.871718,0.009553
82260.874220,0.015811
82260.876721,0.000000
82260.879223,0.005760
82260.881725,0.000000
82260.884227,0.000000
82260.886729,0.000000
82260.889230,0.015350
82260.891732,0.000000
82260.894234,0.022485
82260.896736,0.007884
82260.899238,0.000000
82260.901739,0.016662
82260.904241,0.006397
82260.906743,0.000000
82260.909245,0.026698
82260.911746,0.003727
82260.914248,0.000270
82260.916750,0.000000
82260.919252,0.016942
82260.921754,0.007430
82260.924255,0.009038
82260.926757,0.000000
82260.929259,0.011980
82260.931761,0.013097
82260.934263,0.000000
82260.936764,0.000000
82260.939266,0.008350
82260.941768,0.000000
82260.944270,0.002183
82260.946772,0.000000
82260.949273,0.017504
82260.951775,0.000000
82260.954277,0.015904
82260.956779,0.000000
82260.959281,0.014363
82260.961782,0.029593
82260.964284,0.000000
82260.966786,0.004195
82260.969288,0.039481
82260.971790,0.000956
82260.974291,0.000887
82260.976793,0.011325
82260.979295,0.000590
82260.981797,0.000000
82260.984299,0.016263
82260.986800,0.000000
82260.989302,0.000000
82260.991804,0.017342
82260.994306,0.000000
82260.996808,0.000000
82260.999309,0.012629
82261.001811,0.000000
82261.004313,0.000000
82261.006815,0.003943
82261.009317,0.000000
82261.011818,0.000000
82261.014320,0.009149
82261.016822,0.006672
82261.019324,0.000000
82261.021826,0.000000
82261.024327,0.006756
82261.026829,0.017097
82261.029331,0.000000
82261.031833,0.009403
82261.034335,0.008118
82261.036836,0.012630
82261.039338,0.000565
82261.041840,0.000000
82261.044342,0.000000
82261.046843,0.004924
82261.049345,0.026119
82261.051847,0.000000
82261.054349,0.011559
82261.056851,0.000000
82261.059352,0.001587
82261.061854,0.021766
82261.064356,0.010978
82261.066858,0.000000
82261.069360,0.000000
82261.071861,0.018043
82261.074363,0.002038
82261.076865,0.000000
82261.079367,0.000000
82261.081869,0.010104
82261.084370,0.014283
82261.086872,0.000256
82261.089374,0.035553
82261.091876,0.011837
82261.094378,0.000000
82261.096879,0.000000
82261.099381,0.000000
82261.101883,0.004818
82261.104385,0.000000
82261.106887,0.024040
82261.109388,0.021061
82261.111890,0.009093
82261.114392,0.000000
82261.116894,0.000000
82261.119396,0.018035
82261.121897,0.000000
82261.124399,0.016117
82261.126901,0.006817
82261.129403,0.000743
82261.131905,0.000000
82261.134406,0.000000
82261.136908,0.002724
82261.139410,0.014831
82261.141912,0.000000
82261.144414,0.000000
82261.146915,0.000644
82261.149417,0.009518
82261.151919,0.000000
82261.154421,0.000000
82261.156923,0.009680
82261.159424,0.000000
82261.161926,0.018456
82261.164428,0.000000
82261.166930,0.000000
82261.169431,0.000000
82261.171933,0.005445
82261.174435,0.000000
82261.176937,0.000288
82261.179439,0.010630
82261.181940,0.000000
82261.184442,0.000000
82261.186944,0.000000
82261.189446,0.020322
82261.191948,0.024203
82261.194449,0.000000
82261.196951,0.015671
82261.199453,0.003593
82261.201955,0.013271
82261.204457,0.000000
82261.206958,0.000000
82261.209460,0.008395
82261.211962,0.000000
82261.214464,0.000000
82261.216966,0.000000
82261.219467,0.008631
82261.221969,0.002003
82261.224471,0.011239
82261.226973,0.009610
82261.229475,0.000000
82261.231976,0.000000
82261.234478,0.000000
82261.236980,0.000000
82261.239482,0.000000
82261.241984,0.005609
82261.244485,0.015442
82261.246987,0.000000
82261.249489,0.018403
82261.251991,0.001631
82261.254493,0.003463
82261.256994,0.000000
82261.259496,0.000000
82261.261998,0.002070
82261.264500,0.011343
82261.267002,0.000000
82261.269503,0.023988
82261.272005,0.010556
82261.274507,0.000000
82261.277009,0.000443
82261.279511,0.035577
82261.282012,0.000000
82261.284514,0.007588
82261.287016,0.000000
82261.289518,0.010153
82261.292020,0.018202
82261.294521,0.000000
82261.297023,0.016071
82261.299525,0.031903
82261.302027,0.000952
82261.304528,0.011273
82261.307030,0.000000
82261.309532,0.000277
82261.312034,0.000000
82261.314536,0.011447
82261.317037,0.017303
82261.319539,0.000000
82261.322041,0.022028
82261.324543,0.021976
82261.327045,0.012163
82261.329546,0.000000
82261.332048,0.000000
82261.334550,0.000000
82261.337052,0.013633
82261.339554,0.000000
82261.342055,0.009722
82261.344557,0.000000
82261.347059,0.011829
82261.349561,0.000247
82261.352063,0.019155
82261.354564,0.016395
82261.357066,0.020612
82261.359568,0.020982
82261.362070,0.002063
82261.364572,0.000000
82261.367073,0.000000
82261.369575,0.000000
82261.372077,0.000000
82261.374579,0.000989
82261.377081,0.000000
82261.379582,0.000000
82261.382084,0.007077
82261.384586,0.000000
82261.387088,0.000000
82261.389590,0.000000
82261.392091,0.000000
82261.394593,0.000000
82261.397095,0.019287
82261.399597,0.000000
82261.402099,0.025437
82261.404600,0.020563
82261.407102,0.000000
82261.409604,0.000000
82261.412106,0.000000
82261.414608,0.016565
82261.417109,0.000000
82261.419611,0.013043
82261.422113,0.017357
82261.424615,0.000000
82261.427117,0.000000
82261.429618,0.010236
82261.432120,0.002181
82261.434622,0.000000
82261.437124,0.000000
82261.439625,0.000000
82261.442127,0.000000
82261.444629,0.010997
82261.447131,0.000000
82261.449633,0.000000
82261.452134,0.000000
82261.454636,0.000000
82261.457138,0.024257
82261.459640,0.000000
82261.462142,0.000000
82261.464643,0.007296
82261.467145,0.000000
82261.469647,0.000000
82261.472149,0.007318
82261.474651,0.000000
82261.477152,0.000000
82261.479654,0.024791
82261.482156,0.008323
82261.484658,0.000000
82261.487160,0.000000
82261.489661,0.007266
82261.492163,0.013980
82261.494665,0.000000
82261.497167,0.005259
82261.499669,0.000000
82261.502170,0.000000
82261.504672,0.002308
82261.507174,0.000000
82261.509676,0.010565
82261.512178,0.006996
82261.514679,0.000000
82261.517181,0.000000
82261.519683,0.000000
82261.522185,0.026265
82261.524687,0.000000
82261.527188,0.000000
82261.529690,0.000000
82261.532192,0.000000
82261.534694,0.002560
82261.537196,0.020120
82261.539697,0.006549
82261.542199,0.000000
82261.544701,0.039545
82261.547203,0.001129
82261.549705,0.000000
82261.552206,0.020282
82261.554708,0.000000
82261.557210,0.023885
82261.559712,0.000000
82261.562214,0.020540
82261.564715,0.002888
82261.567217,0.018544
82261.569719,0.027315
82261.572221,0.000000
82261.574722,0.018324
82261.577224,0.000000
82261.579726,0.000000
82261.582228,0.000000
82261.584730,0.007234
82261.587231,0.000474
82261.589733,0.000000
82261.592235,0.002100
82261.594737,0.008493
82261.597239,0.009598
82261.599740,0.015716
82261.602242,0.026141
82261.604744,0.000000
82261.607246,0.000000
82261.609748,0.008812
82261.612249,0.000000
82261.614751,0.000000
82261.617253,0.014354
82261.619755,0.000000
82261.622257,0.000000
82261.624758,0.000000
82261.627260,0.000700
82261.629762,0.016401
82261.632264,0.016209
82261.634766,0.001593
82261.637267,0.028854
82261.639769,0.000000
82261.642271,0.000000
82261.644773,0.000000
82261.647275,0.000000
82261.649776,0.012238
82261.652278,0.022463
82261.654780,0.000000
82261.657282,0.006639
82261.659784,0.015036
82261.662285,0.000161
82261.664787,0.000000
82261.667289,0.003552
82261.669791,0.010937
82261.672293,0.000000
82261.674794,0.000000
82261.677296,0.000000
82261.679798,0.000000
82261.682300,0.014751
82261.684802,0.000000
82261.687303,0.022948
82261.689805,0.012314
82261.692307,0.000000
82261.694809,0.000000
82261.697311,0.008132
82261.699812,0.013887
82261.702314,0.004635
82261.704816,0.015880
82261.707318,0.000000
82261.709819,0.000000
82261.712321,0.000000
82261.714823,0.002947
82261.717325,0.000000
82261.719827,0.000000
82261.722328,0.006426
82261.724830,0.000000
82261.727332,0.000000
82261.729834,0.000000
82261.732336,0.021841
82261.734837,0.018123
82261.737339,0.000000
82261.739841,0.000000
82261.742343,0.012209
82261.744845,0.008646
82261.747346,0.000000
82261.749848,0.000000
82261.752350,0.000000
82261.754852,0.000000
82261.757354,0.003979
82261.759855,0.024471
82261.762357,0.000000
82261.764859,0.000000
82261.767361,0.000000
82261.769863,0.014819
82261.772364,0.000000
82261.774866,0.020879
82261.777368,0.000000
82261.779870,0.000000
82261.782372,0.000000
82261.784873,0.010148
82261.787375,0.000000
82261.789877,0.002452
82261.792379,0.000000
82261.794881,0.000000
82261.797382,0.000000
82261.799884,0.000000
82261.802386,0.000000
82261.804888,0.000000
82261.807390,0.039190
82261.809891,0.000000
82261.812393,0.002606
82261.814895,0.000000
82261.817397,0.000000
82261.819899,0.001405
82261.822400,0.002504
82261.824902,0.018119
82261.827404,0.005739
82261.829906,0.000000
82261.832408,0.000000
82261.834909,0.021531
82261.837411,0.013341
82261.839913,0.000000
82261.842415,0.000545
82261.844916,0.002069
82261.847418,0.000000
82261.849920,0.011086
82261.852422,0.011946
82261.854924,0.000000
82261.857425,0.000000
82261.859927,0.021530
82261.862429,0.013399
82261.864931,0.001039
82261.867433,0.000000
82261.869934,0.004941
82261.872436,0.010027
82261.874938,0.000000
82261.877440,0.003618
82261.879942,0.000000
82261.882443,0.000000
82261.884945,0.000000
82261.887447,0.000000
82261.889949,0.019993
82261.892451,0.000000
82261.894952,0.013869
82261.897454,0.000000
82261.899956,0.010898
82261.902458,0.000024
82261.904960,0.005056
82261.907461,0.000103
82261.909963,0.009216
82261.912465,0.000000
82261.914967,0.000000
82261.917469,0.005991
82261.919970,0.000000
82261.922472,0.000000
82261.924974,0.000000
82261.927476,0.000000
82261.929978,0.000000
82261.932479,0.003901
82261.934981,0.014497
82261.937483,0.000000
82261.939985,0.000000
82261.942487,0.000000
82261.944988,0.000000
82261.947490,0.002035
82261.949992,0.013425
82261.952494,0.014602
82261.954996,0.000000
82261.957497,0.000000
82261.959999,0.000310
82261.962501,0.011911
82261.965003,0.002224
82261.967505,0.004155
82261.970006,0.016400
82261.972508,0.000000
82261.975010,0.000000
82261.977512,0.023478
82261.980013,0.000000
82261.982515,0.000000
82261.985017,0.000000
82261.987519,0.000000
82261.990021,0.005130
82261.992522,0.000000
82261.995024,0.003893
82261.997526,0.000000
82262.000028,0.000000
82262.002530,0.004404
82262.005031,0.002132
82262.007533,0.007437
82262.010035,0.000000
82262.012537,0.000000
82262.015039,0.005766
82262.017540,0.021818
82262.020042,0.000160
82262.022544,0.006098
82262.025046,0.000000
82262.027548,0.000000
82262.030049,0.013895
82262.032551,0.013048
82262.035053,0.010209
82262.037555,0.000000
82262.040057,0.008576
82262.042558,0.012837
82262.045060,0.023271
82262.047562,0.014198
82262.050064,0.000917
82262.052566,0.000000
82262.055067,0.002236
82262.057569,0.003685
82262.060071,0.010184
82262.062573,0.019446
82262.065075,0.000000
82262.067576,0.030177
82262.070078,0.000000
82262.072580,0.006023
82262.075082,0.000000
82262.077584,0.000000
82262.080085,0.000000
82262.082587,0.000000
82262.085089,0.000000
82262.087591,0.000499
82262.090093,0.016066
82262.092594,0.000000
82262.095096,0.013048
82262.097598,0.001409
82262.100100,0.014778
82262.102602,0.000000
82262.105103,0.000000
82262.107605,0.000000
82262.110107,0.000000
82262.112609,0.006863
82262.115110,0.021213
82262.117612,0.000000
82262.120114,0.009036
82262.122616,0.000000
82262.125118,0.002590
82262.127619,0.009603
82262.130121,0.000000
82262.132623,0.000000
82262.135125,0.010283
82262.137627,0.000000
82262.140128,0.019181
82262.142630,0.005080
82262.145132,0.010294
82262.147634,0.000000
82262.150136,0.000000
82262.152637,0.007671
82262.155139,0.000000
82262.157641,0.000461
82262.160143,0.015621
82262.162645,0.010946
82262.165146,0.027595
82262.167648,0.002210
82262.170150,0.000000
82262.172652,0.000000
82262.175154,0.005970
82262.177655,0.014591
82262.180157,0.000000
82262.182659,0.000123
82262.185161,0.023118
82262.185161,0.000000
83063.638792,0.013372
83865.092423,0.007083
84666.546054,0.013729
85467.999685,0.000000
86269.453317,0.000000
87070.906948,0.000291
87872.360579,0.000000
88673.814210,0.000000
89475.267841,0.003632
90276.721472,0.025633
91078.175104,0.005784
91879.628735,0.008980
92681.082366,0.016726
93482.535997,0.000000
94283.989628,0.000000
95085.443259,0.034837
95886.896891,0.000000
96688.350522,0.016035
97489.804153,0.013842
97489.804153,0.000000
97489.806655,0.004459
97489.809157,0.002108
97489.811658,0.004739
97489.814160,0.000000
97489.816662,0.000000
97489.819164,0.000000
97489.821666,0.000000
97489.824167,0.017020
97489.826669,0.026102
97489.829171,0.020060
97489.831673,0.012355
97489.834175,0.000000
97489.836676,0.000000
97489.839178,0.003015
97489.841680,0.000000
97489.844182,0.008290
97489.846684,0.010348
97489.849185,0.007703
97489.851687,0.014724
97489.854189,0.000000
97489.856691,0.013398
97489.859192,0.000000
97489.861694,0.000000
97489.864196,0.007643
97489.866698,0.017464
97489.869200,0.007009
97489.871701,0.000299
97489.874203,0.004455
97489.876705,0.001960
97489.879207,0.000000
97489.881709,0.000000
97489.884210,0.000000
97489.886712,0.001147
97489.889214,0.000163
97489.891716,0.009711
97489.894218,0.000000
97489.896719,0.008086
97489.899221,0.000000
97489.901723,0.026189
97489.904225,0.001159
97489.906727,0.033620
97489.909228,0.005056
97489.911730,0.000000
97489.914232,0.000000
97489.916734,0.000000
97489.919236,0.000000
97489.921737,0.000000
97489.924239,0.005671
97489.926741,0.000000
97489.929243,0.002685
97489.931745,0.018413
97489.934246,0.000000
97489.936748,0.029863
97489.939250,0.000000
97489.941752,0.000000
97489.944254,0.000000
97489.946755,0.013451
97489.949257,0.000000
97489.951759,0.000000
97489.954261,0.000000
97489.956763,0.022283
97489.959264,0.003244
97489.961766,0.000000
97489.964268,0.000000
97489.966770,0.024029
97489.969272,0.000000
97489.971773,0.000000
97489.974275,0.021220
97489.976777,0.014523
97489.979279,0.018300
97489.981781,0.000000
97489.984282,0.000000
97489.986784,0.001913
97489.989286,0.004813
97489.991788,0.005237
97489.994289,0.021231
97489.996791,0.000000
97489.999293,0.012348
97490.001795,0.000000
97490.004297,0.012291
97490.006798,0.000000
97490.009300,0.000000
97490.011802,0.000000
97490.014304,0.000000
97490.016806,0.000581
97490.019307,0.000000
97490.021809,0.011294
97490.024311,0.009193
97490.026813,0.024247
97490.029315,0.005262
97490.031816,0.007479
97490.034318,0.020110
97490.036820,0.000000
97490.039322,0.000000
97490.041824,0.002874
97490.044325,0.000000
97490.046827,0.035246
97490.049329,0.020906
97490.051831,0.031082
97490.054333,0.000897
97490.056834,0.007908
97490.059336,0.000000
97490.061838,0.012682
97490.064340,0.000000
97490.066842,0.000000
97490.069343,0.000000
97490.071845,0.000000
97490.074347,0.021228
97490.076849,0.026079
97490.079351,0.000000
97490.081852,0.018553
97490.084354,0.013665
97490.086856,0.000000
97490.089358,0.000000
97490.091860,0.000000
97490.094361,0.010744
97490.096863,0.000000
97490.099365,0.000000
97490.101867,0.000000
97490.104369,0.006799
97490.106870,0.000000
97490.109372,0.000000
97490.111874,0.000000
97490.114376,0.029244
97490.116878,0.000000
97490.119379,0.000000
97490.121881,0.008380
97490.124383,0.000000
97490.126885,0.000000
97490.129386,0.032051
97490.131888,0.000000
97490.134390,0.000000
97490.136892,0.002296
97490.139394,0.024850
97490.141895,0.000000
97490.144397,0.003964
97490.146899,0.029980
97490.149401,0.001849
97490.151903,0.000000
97490.154404,0.000000
97490.156906,0.002971
97490.159408,0.019115
97490.161910,0.000000
97490.164412,0.011873
97490.166913,0.000000
97490.169415,0.000000
97490.171917,0.000000
97490.174419,0.020655
97490.176921,0.000989
97490.179422,0.004163
97490.181924,0.003994
97490.184426,0.015932
97490.186928,0.000000
97490.189430,0.009886
97490.191931,0.000000
97490.194433,0.028486
97490.196935,0.000000
97490.199437,0.000000
97490.201939,0.007895
97490.204440,0.001146
97490.206942,0.004695
97490.209444,0.003265
97490.211946,0.000000
97490.214448,0.023173
97490.216949,0.012834
97490.219451,0.019519
97490.221953,0.000000
97490.224455,0.005983
97490.226957,0.002835
97490.229458,0.016202
97490.231960,0.016665
97490.234462,0.002773
97490.236964,0.000000
97490.239466,0.025562
97490.241967,0.007986
97490.244469,0.000000
97490.246971,0.005839
97490.249473,0.000000
97490.251975,0.015158
97490.254476,0.000000
97490.256978,0.000000
97490.259480,0.003511
97490.261982,0.014921
97490.264483,0.001530
97490.266985,0.009120
97490.269487,0.000000
97490.271989,0.000000
97490.274491,0.001228
97490.276992,0.000000
97490.279494,0.000000
97490.281996,0.000000
97490.284498,0.003516
97490.287000,0.000000
97490.289501,0.000000
97490.292003,0.000000
97490.294505,0.000000
97490.297007,0.000000
97490.299509,0.000000
97490.302010,0.000074
97490.304512,0.005650
97490.307014,0.000000
97490.309516,0.000000
97490.312018,0.000000
97490.314519,0.037307
97490.317021,0.000000
97490.319523,0.000000
97490.322025,0.007426
97490.324527,0.005183
97490.327028,0.007481
97490.329530,0.000000
97490.332032,0.003426
97490.334534,0.000881
97490.337036,0.000000
97490.339537,0.003525
97490.342039,0.015158
97490.344541,0.000000
97490.347043,0.000000
97490.349545,0.015342
97490.352046,0.013808
97490.354548,0.022750
97490.357050,0.000000
97490.359552,0.013000
97490.362054,0.008641
97490.364555,0.000000
97490.367057,0.003614
97490.369559,0.015097
97490.372061,0.000000
97490.374563,0.006357
97490.377064,0.012515
97490.379566,0.000000
97490.382068,0.000000
97490.384570,0.004323
97490.387072,0.000000
97490.389573,0.000000
97490.392075,0.000000
97490.394577,0.011514
97490.397079,0.009246
97490.399580,0.000000
97490.402082,0.009367
97490.404584,0.000000
97490.407086,0.000000
97490.409588,0.000000
97490.412089,0.016129
97490.414591,0.009422
97490.417093,0.000000
97490.419595,0.000000
97490.422097,0.000000
97490.424598,0.001562
97490.427100,0.000000
97490.429602,0.000000
97490.432104,0.000000
97490.434606,0.000000
97490.437107,0.000000
97490.439609,0.005896
97490.442111,0.000137
97490.444613,0.000000
97490.447115,0.000000
97490.449616,0.022649
97490.452118,0.000000
97490.454620,0.003614
97490.457122,0.000000
97490.459624,0.000521
97490.462125,0.006573
97490.464627,0.000000
97490.467129,0.000000
97490.469631,0.017103
97490.472133,0.025301
97490.474634,0.000000
97490.477136,0.000599
97490.479638,0.031762
97490.482140,0.016301
97490.484642,0.000000
97490.487143,0.000000
97490.489645,0.013739
97490.492147,0.000000
97490.494649,0.015623
97490.497151,0.004802
97490.499652,0.007436
97490.502154,0.000000
97490.504656,0.000000
97490.507158,0.020999
97490.509660,0.000000
97490.512161,0.000000
97490.514663,0.000000
97490.517165,0.002772
97490.519667,0.000000
97490.522169,0.000000
97490.524670,0.000000
97490.527172,0.012141
97490.529674,0.000000
97490.532176,0.000000
97490.534677,0.000000
97490.537179,0.000000
97490.539681,0.019556
97490.542183,0.000233
97490.544685,0.007200
97490.547186,0.007706
97490.549688,0.000807
97490.552190,0.000000
97490.554692,0.015003
97490.557194,0.002097
97490.559695,0.020095
97490.562197,0.008917
97490.564699,0.000000
97490.567201,0.000000
97490.569703,0.000000
97490.572204,0.017488
97490.574706,0.000000
97490.577208,0.000000
97490.579710,0.004593
97490.582212,0.000000
97490.584713,0.004231
97490.587215,0.027144
97490.589717,0.013115
97490.592219,0.000388
97490.594721,0.000000
97490.597222,0.000000
97490.599724,0.010213
97490.602226,0.000000
97490.604728,0.030751
97490.607230,0.000207
97490.609731,0.000702
97490.612233,0.000000
97490.614735,0.007135
97490.617237,0.000000
97490.619739,0.031095
97490.622240,0.018921
97490.624742,0.014138
97490.627244,0.000000
97490.629746,0.002950
97490.632248,0.017366
97490.634749,0.008519
97490.637251,0.000000
97490.639753,0.000000
97490.642255,0.000000
97490.644757,0.000000
97490.647258,0.021958
97490.649760,0.000000
97490.652262,0.009421
97490.654764,0.000000
97490.657266,0.000000
97490.659767,0.000000
97490.662269,0.000000
97490.664771,0.021699
97490.667273,0.003804
97490.669774,0.000000
97490.672276,0.014609
97490.674778,0.017685
97490.677280,0.001494
97490.679782,0.029225
97490.682283,0.011800
97490.684785,0.009805
97490.687287,0.000000
97490.689789,0.009011
97490.692291,0.003114
97490.694792,0.007466
97490.697294,0.000000
97490.699796,0.001840
97490.702298,0.000000
97490.704800,0.000000
97490.707301,0.014339
97490.709803,0.000000
97490.712305,0.001540
97490.714807,0.004783
97490.717309,0.004690
97490.719810,0.000000
97490.722312,0.003895
97490.724814,0.006765
97490.727316,0.010556
97490.729818,0.024898
97490.732319,0.003364
97490.734821,0.000920
97490.737323,0.000000
97490.739825,0.006262
97490.742327,0.009586
97490.744828,0.000000
97490.747330,0.007822
97490.749832,0.000000
97490.752334,0.009638
97490.754836,0.013108
97490.757337,0.012907
97490.759839,0.001693
97490.762341,0.000000
97490.764843,0.000000
97490.767345,0.008548
97490.769846,0.035173
97490.772348,0.000000
97490.774850,0.006547
97490.777352,0.000000
97490.779854,0.000000
97490.782355,0.000000
97490.784857,0.000000
97490.787359,0.019440
97490.789861,0.000000
97490.792362,0.000000
97490.794864,0.000000
97490.797366,0.000000
97490.799868,0.019771
97490.802370,0.002888
97490.804871,0.000000
97490.807373,0.000000
97490.809875,0.000000
97490.812377,0.000000
97490.814879,0.002483
97490.817380,0.027226
97490.819882,0.000000
97490.822384,0.000000
97490.824886,0.000000
97490.827388,0.013595
97490.829889,0.005096
97490.832391,0.008479
97490.834893,0.004957
97490.837395,0.000000
97490.839897,0.017398
97490.842398,0.011469
97490.844900,0.013150
97490.847402,0.018156
97490.849904,0.005999
97490.852406,0.021272
97490.854907,0.005424
97490.857409,0.000000
97490.859911,0.000000
97490.862413,0.000000
97490.864915,0.000000
97490.867416,0.023439
97490.869918,0.004256
97490.872420,0.001361
97490.874922,0.005577
97490.877424,0.042800
97490.879925,0.000000
97490.882427,0.000000
97490.884929,0.000000
97490.887431,0.000000
97490.889933,0.003526
97490.892434,0.000000
97490.894936,0.000000
97490.897438,0.002045
97490.899940,0.000000
97490.902442,0.004455
97490.904943,0.016004
97490.907445,0.009724
97490.909947,0.012654
97490.912449,0.015597
97490.914951,0.004062
97490.917452,0.000000
97490.919954,0.000000
97490.922456,0.000000
97490.924958,0.000000
97490.927459,0.010509
97490.929961,0.004981
97490.932463,0.010008
97490.934965,0.000000
97490.937467,0.020564
97490.939968,0.000000
97490.942470,0.000000
97490.944972,0.000000
97490.947474,0.035675
97490.949976,0.000000
97490.952477,0.000000
97490.954979,0.000000
97490.957481,0.000000
97490.959983,0.000000
97490.962485,0.002057
97490.964986,0.015449
97490.967488,0.004514
97490.969990,0.000000
97490.972492,0.000000
97490.974994,0.000000
97490.977495,0.000760
97490.979997,0.019109
97490.982499,0.000000
97490.985001,0.000000
97490.987503,0.025533
97490.990004,0.012585
97490.992506,0.008246
97490.995008,0.028125
97490.997510,0.007035
97491.000012,0.000000
97491.002513,0.011960
97491.005015,0.000000
97491.007517,0.006492
97491.010019,0.000000
97491.012521,0.000000
97491.015022,0.000000
97491.017524,0.000000
97491.020026,0.000000
97491.022528,0.014831
97491.025030,0.000000
97491.027531,0.007830
97491.030033,0.000000
97491.032535,0.000000
97491.035037,0.004651
97491.037539,0.000000
97491.040040,0.000000
97491.042542,0.007065
97491.045044,0.016131
97491.047546,0.000000
97491.050048,0.000000
97491.052549,0.002236
97491.055051,0.000797
97491.057553,0.003489
97491.060055,0.000000
97491.062556,0.000000
97491.065058,0.000000
97491.067560,0.002167
97491.070062,0.002670
97491.072564,0.009138
97491.075065,0.003700
97491.077567,0.000000
97491.080069,0.020784
97491.082571,0.018269
97491.085073,0.000000
97491.087574,0.004779
97491.090076,0.000000
97491.092578,0.001995
97491.095080,0.015129
97491.097582,0.030595
97491.100083,0.010791
97491.102585,0.004236
97491.105087,0.000000
97491.107589,0.002616
97491.110091,0.019531
97491.112592,0.000000
97491.115094,0.000000
97491.117596,0.000000
97491.120098,0.007369
97491.122600,0.003552
97491.125101,0.000000
97491.127603,0.014737
97491.130105,0.000000
97491.132607,0.000000
97491.135109,0.000000
97491.137610,0.000000
97491.140112,0.003388
97491.142614,0.016539
97491.145116,0.000000
97491.147618,0.007017
97491.150119,0.002473
97491.152621,0.002209
97491.155123,0.012522
97491.157625,0.000708
97491.160127,0.006898
97491.162628,0.010282
97491.165130,0.000000
97491.167632,0.004297
97491.170134,0.000000
97491.172636,0.000000
97491.175137,0.000000
97491.177639,0.006766
97491.180141,0.001173
97491.182643,0.005667
97491.185145,0.000000
97491.187646,0.000000
97491.190148,0.000451
97491.192650,0.000913
97491.195152,0.003484
97491.197653,0.000000
97491.200155,0.000000
97491.202657,0.008971
97491.205159,0.000000
97491.207661,0.002460
97491.210162,0.000000
97491.212664,0.000000
97491.215166,0.000000
97491.217668,0.000000
97491.220170,0.006804
97491.222671,0.000000
97491.225173,0.002355
97491.227675,0.005896
97491.230177,0.000000
97491.232679,0.000000
97491.235180,0.034846
97491.237682,0.000000
97491.240184,0.008954
97491.242686,0.027857
97491.245188,0.011346
97491.247689,0.000000
97491.250191,0.000000
97491.252693,0.000000
97491.255195,0.012664
97491.257697,0.008133
97491.260198,0.000000
97491.262700,0.000000
97491.265202,0.000000
97491.267704,0.014169
97491.270206,0.001729
97491.272707,0.003088
97491.275209,0.000000
97491.277711,0.000000
97491.280213,0.013826
97491.282715,0.000604
97491.285216,0.013031
97491.287718,0.000000
97491.290220,0.000000
97491.292722,0.010245
97491.295224,0.010519
97491.297725,0.011456
97491.300227,0.000000
97491.302729,0.008827
97491.305231,0.015930
97491.307733,0.000000
97491.310234,0.000000
97491.312736,0.019286
97491.315238,0.000000
97491.317740,0.009041
97491.320242,0.000000
97491.322743,0.000000
97491.325245,0.016210
97491.327747,0.000000
97491.330249,0.000000
97491.332750,0.007574
97491.335252,0.007570
97491.337754,0.000000
97491.340256,0.002123
97491.342758,0.000000
97491.345259,0.010154
97491.347761,0.003587
97491.350263,0.000000
97491.352765,0.000299
97491.355267,0.007085
97491.357768,0.000000
97491.360270,0.000000
97491.362772,0.031546
97491.365274,0.017247
97491.367776,0.000000
97491.370277,0.000000
97491.372779,0.000000
97491.375281,0.015496
97491.377783,0.000000
97491.380285,0.000000
97491.382786,0.000000
97491.385288,0.000000
97491.387790,0.000000
97491.390292,0.001145
97491.392794,0.000000
97491.395295,0.000000
97491.397797,0.008900
97491.400299,0.006531
97491.402801,0.007920
97491.405303,0.000000
97491.407804,0.000000
97491.410306,0.000000
97491.412808,0.007198
97491.415310,0.000000
97491.417812,0.005661
97491.420313,0.004440
97491.422815,0.000893
97491.425317,0.000000
97491.427819,0.000000
97491.430321,0.000000
97491.432822,0.025702
97491.435324,0.000185
97491.437826,0.000000
97491.440328,0.000243
97491.442830,0.005096
97491.445331,0.009463
97491.447833,0.000000
97491.450335,0.006103
97491.452837,0.024082
97491.455339,0.014453
97491.457840,0.033614
97491.460342,0.000000
97491.462844,0.024075
97491.465346,0.000000
97491.467847,0.005078
97491.470349,0.010521
97491.472851,0.000000
97491.475353,0.001263
97491.477855,0.013077
97491.480356,0.000000
97491.482858,0.023978
97491.485360,0.000000
97491.487862,0.027860
97491.490364,0.014382
97491.492865,0.000000
97491.495367,0.000000
97491.497869,0.000000
97491.500371,0.000000
97491.502873,0.000000
97491.505374,0.018029
97491.507876,0.028276
97491.510378,0.002864
97491.512880,0.000000
97491.515382,0.000000
97491.517883,0.000000
97491.520385,0.000000
97491.522887,0.000000
97491.525389,0.030121
97491.527891,0.004346
97491.530392,0.000000
97491.532894,0.011729
97491.535396,0.000000
97491.537898,0.000000
97491.540400,0.000000
97491.542901,0.023764
97491.545403,0.000000
97491.547905,0.000000
97491.550407,0.017380
97491.552909,0.000000
97491.555410,0.000000
97491.557912,0.000000
97491.560414,0.007483
97491.562916,0.005803
97491.565418,0.025831
97491.567919,0.000000
97491.570421,0.000671
97491.572923,0.000000
97491.575425,0.000000
97491.577927,0.012719
97491.580428,0.006654
97491.582930,0.004075
97491.585432,0.006130
97491.587934,0.000000
97491.590436,0.000000
97491.592937,0.000541
97491.595439,0.016679
97491.597941,0.023097
97491.600443,0.011425
97491.602944,0.000419
97491.605446,0.003875
97491.607948,0.000167
97491.610450,0.000000
97491.612952,0.000354
97491.615453,0.000000
97491.617955,0.000000
97491.620457,0.023500
97491.622959,0.011819
97491.625461,0.000000
97491.627962,0.000000
97491.630464,0.000000
97491.632966,0.000000
97491.635468,0.014954
97491.637970,0.009379
97491.640471,0.035680
97491.642973,0.017128
97491.645475,0.002930
97491.647977,0.009726
97491.650479,0.000000
97491.652980,0.000000
97491.655482,0.018755
97491.657984,0.014492
97491.660486,0.000000
97491.662988,0.003935
97491.665489,0.017824
97491.667991,0.012156
97491.670493,0.000000
97491.672995,0.003499
97491.675497,0.000000
97491.677998,0.015986
97491.680500,0.014809
97491.683002,0.018939
97491.685504,0.000000
97491.688006,0.000000
97491.690507,0.016002
97491.693009,0.000000
97491.695511,0.000000
97491.698013,0.007650
97491.700515,0.000000
97491.703016,0.025707
97491.705518,0.004254
97491.708020,0.002302
97491.710522,0.000000
97491.713024,0.022849
97491.715525,0.005150
97491.718027,0.000000
97491.720529,0.000000
97491.723031,0.000000
97491.725533,0.000000
97491.728034,0.014778
97491.730536,0.000000
97491.733038,0.000000
97491.735540,0.008763
97491.738041,0.004914
97491.740543,0.000000
97491.743045,0.009483
97491.745547,0.000000
97491.748049,0.000000
97491.750550,0.009363
97491.753052,0.006649
97491.755554,0.000000
97491.758056,0.017200
97491.760558,0.001245
97491.763059,0.010672
97491.765561,0.021963
97491.768063,0.016051
97491.770565,0.016089
97491.773067,0.002767
97491.775568,0.011403
97491.778070,0.003068
97491.780572,0.000000
97491.783074,0.004348
97491.785576,0.003682
97491.788077,0.008384
97491.790579,0.000000
97491.793081,0.000000
97491.795583,0.009429
97491.798085,0.000000
97491.800586,0.020953
97491.803088,0.000000
97491.805590,0.003527
97491.808092,0.008023
97491.810594,0.008484
97491.813095,0.000000
97491.815597,0.011836
97491.818099,0.004354
97491.820601,0.000000
97491.823103,0.000000
97491.825604,0.000000
97491.828106,0.000000
97491.830608,0.024737
97491.833110,0.021348
97491.835612,0.006522
97491.838113,0.000000
97491.840615,0.000512
97491.843117,0.030415
97491.845619,0.105856
97491.848121,0.226989
97491.850622,0.468898
97491.853124,0.728967
97491.855626,0.702260
97491.858128,0.515407
97491.860630,0.269073
97491.863131,0.076714
97491.865633,0.041448
97491.868135,0.016935
97491.870637,0.000000
97491.873138,0.018433
97491.875640,0.020820
97491.878142,0.000000
97491.880644,0.000000
97491.883146,0.032455
97491.885647,0.010358
97491.888149,0.003682
97491.890651,0.019585
97491.893153,0.004337
97491.895655,0.000000
97491.898156,0.001151
97491.900658,0.014918
97491.903160,0.000000
97491.905662,0.000000
97491.908164,0.019865
97491.910665,0.000000
97491.913167,0.022207
97491.915669,0.020320
97491.918171,0.000000
97491.920673,0.000000
97491.923174,0.000000
97491.925676,0.038272
97491.928178,0.026923
97491.930680,0.001801
97491.933182,0.000000
97491.935683,0.001681
97491.938185,0.003502
97491.940687,0.000000
97491.943189,0.001150
97491.945691,0.018994
97491.948192,0.000000
97491.950694,0.011872
97491.953196,0.019746
97491.955698,0.000000
97491.958200,0.024334
97491.960701,0.000000
97491.963203,0.006335
97491.965705,0.000000
97491.968207,0.000000
97491.970709,0.000000
97491.973210,0.010034
97491.975712,0.012192
97491.978214,0.000000
97491.980716,0.000000
97491.983218,0.005791
97491.985719,0.006061
97491.988221,0.000000
97491.990723,0.026819
97491.993225,0.000000
97491.995727,0.000000
97491.998228,0.000000
97492.000730,0.010204
97492.003232,0.000000
97492.005734,0.000000
97492.008235,0.013660
97492.010737,0.006644
97492.013239,0.005416
97492.015741,0.011224
97492.018243,0.000000
97492.020744,0.000000
97492.023246,0.011631
97492.025748,0.000000
97492.028250,0.000000
97492.030752,0.000000
97492.033253,0.013370
97492.035755,0.003671
97492.038257,0.012313
97492.040759,0.000000
97492.043261,0.004532
97492.045762,0.009392
97492.048264,0.000000
97492.050766,0.012382
97492.053268,0.000000
97492.055770,0.044114
97492.058271,0.000000
97492.060773,0.019665
97492.063275,0.000000
97492.065777,0.000000
97492.068279,0.000000
97492.070780,0.003985
97492.073282,0.014901
97492.075784,0.024733
97492.078286,0.020423
97492.080788,0.000000
97492.083289,0.016233
97492.085791,0.005620
97492.088293,0.000000
97492.090795,0.000000
97492.093297,0.000000
97492.095798,0.000533
97492.098300,0.000000
97492.100802,0.000000
97492.103304,0.006882
97492.105806,0.009031
97492.108307,0.000000
97492.110809,0.019644
97492.113311,0.000000
97492.115813,0.000000
97492.118315,0.009487
97492.120816,0.000000
97492.123318,0.001218
97492.125820,0.000000
97492.128322,0.000240
97492.130824,0.000000
97492.133325,0.000000
97492.135827,0.000000
97492.138329,0.000000
97492.140831,0.000000
97492.143332,0.000000
97492.145834,0.009541
97492.148336,0.003194
97492.150838,0.000000
97492.153340,0.001196
97492.155841,0.004571
97492.158343,0.000000
97492.160845,0.000000
97492.163347,0.002733
97492.165849,0.010982
97492.168350,0.000000
97492.170852,0.000000
97492.173354,0.021664
97492.175856,0.020348
97492.178358,0.012222
97492.180859,0.007710
97492.183361,0.023766
97492.185863,0.027546
97492.188365,0.000000
97492.190867,0.000000
97492.193368,0.000000
97492.195870,0.044478
97492.198372,0.000000
97492.200874,0.000000
97492.203376,0.000000
97492.205877,0.001792
97492.208379,0.000000
97492.210881,0.000000
97492.213383,0.000000
97492.215885,0.008871
97492.218386,0.017557
97492.220888,0.000000
97492.223390,0.000000
97492.225892,0.000000
97492.228394,0.002598
97492.230895,0.000000
97492.233397,0.011033
97492.235899,0.017710
97492.238401,0.000000
97492.240903,0.000000
97492.243404,0.012950
97492.245906,0.000000
97492.248408,0.000000
97492.250910,0.003251
97492.253412,0.007129
97492.255913,0.000000
97492.258415,0.000000
97492.260917,0.000000
97492.263419,0.000000
97492.265921,0.009961
97492.268422,0.000000
97492.270924,0.000000
97492.273426,0.000000
97492.275928,0.000000
97492.278429,0.012499
97492.280931,0.000000
97492.283433,0.002707
97492.285935,0.000000
97492.288437,0.000000
97492.290938,0.010860
97492.293440,0.037161
97492.295942,0.000000
97492.298444,0.000000
97492.300946,0.005922
97492.303447,0.000000
97492.305949,0.012202
97492.308451,0.000000
97492.310953,0.002210
97492.313455,0.000000
97492.315956,0.017515
97492.318458,0.000000
97492.320960,0.000000
97492.323462,0.013583
97492.325964,0.000000
97492.328465,0.000987
97492.330967,0.000000
97492.333469,0.000000
97492.335971,0.005489
97492.338473,0.000000
97492.340974,0.000000
97492.343476,0.007082
97492.345978,0.000000
97492.348480,0.011819
97492.350982,0.003098
97492.353483,0.006258
97492.355985,0.017824
97492.358487,0.004594
97492.360989,0.022103
97492.363491,0.013089
97492.365992,0.000000
97492.368494,0.018574
97492.370996,0.003790
97492.373498,0.000000
97492.376000,0.003998
97492.378501,0.015977
97492.381003,0.006536
97492.383505,0.026175
97492.386007,0.015606
97492.388509,0.007514
97492.391010,0.000000
97492.393512,0.000000
97492.396014,0.001029
97492.398516,0.010006
97492.401018,0.009154
97492.403519,0.002435
97492.406021,0.001729
97492.408523,0.010348
97492.411025,0.000000
97492.413526,0.024353
97492.416028,0.000000
97492.418530,0.020904
97492.421032,0.000000
97492.423534,0.014400
97492.426035,0.005226
97492.428537,0.004970
97492.431039,0.007961
97492.433541,0.011621
97492.436043,0.000000
97492.438544,0.014863
97492.441046,0.000000
97492.443548,0.000000
97492.446050,0.012007
97492.448552,0.014292
97492.451053,0.006618
97492.453555,0.000000
97492.456057,0.012880
97492.458559,0.000000
97492.461061,0.025156
97492.463562,0.000000
97492.466064,0.000000
97492.468566,0.000000
97492.471068,0.000627
97492.473570,0.002008
97492.476071,0.028290
97492.478573,0.000000
97492.481075,0.000567
97492.483577,0.000000
97492.486079,0.000000
97492.488580,0.024187
97492.491082,0.000000
97492.493584,0.008432
97492.496086,0.005643
97492.498588,0.000000
97492.501089,0.007461
97492.503591,0.000000
97492.506093,0.023790
97492.508595,0.027647
97492.511097,0.000677
97492.513598,0.034803
97492.516100,0.000000
97492.518602,0.005751
97492.521104,0.020566
97492.523606,0.000000
97492.526107,0.000000
97492.528609,0.000000
97492.531111,0.029600
97492.533613,0.000000
97492.536115,0.000000
97492.538616,0.000000
97492.541118,0.018871
97492.543620,0.018549
97492.546122,0.112280
97492.548623,0.342339
97492.551125,0.661465
97492.553627,0.954979
97492.556129,0.977684
97492.558631,0.682899
97492.561132,0.339912
97492.563634,0.122422
97492.566136,0.024185
97492.568638,0.033921
97492.571140,0.000000
97492.573641,0.003087
97492.576143,0.001656
97492.578645,0.014489
97492.581147,0.015845
97492.583649,0.000000
97492.586150,0.004175
97492.588652,0.004719
97492.591154,0.000000
97492.593656,0.000000
97492.596158,0.000000
97492.598659,0.000000
97492.601161,0.000000
97492.603663,0.010766
97492.606165,0.000030
97492.608667,0.000000
97492.611168,0.000000
97492.613670,0.000000
97492.616172,0.000000
97492.618674,0.000000
97492.621176,0.000908
97492.623677,0.003475
97492.626179,0.000000
97492.628681,0.003229
97492.631183,0.000000
97492.633685,0.000000
97492.636186,0.010312
97492.638688,0.028929
97492.641190,0.000738
97492.643692,0.000000
97492.646194,0.002710
97492.648695,0.013487
97492.651197,0.008919
97492.653699,0.039400
97492.656201,0.000000
97492.658703,0.003623
97492.661204,0.022247
97492.663706,0.021346
97492.666208,0.000000
97492.668710,0.000000
97492.671211,0.021322
97492.673713,0.041519
97492.676215,0.010109
97492.678717,0.000000
97492.681219,0.000000
97492.683720,0.031868
97492.686222,0.010467
97492.688724,0.000000
97492.691226,0.000000
97492.693728,0.004455
97492.696229,0.007811
97492.698731,0.000000
97492.701233,0.000000
97492.703735,0.000000
97492.706237,0.014934
97492.708738,0.000000
97492.711240,0.006698
97492.713742,0.020428
97492.716244,0.003158
97492.718746,0.000000
97492.721247,0.002785
97492.723749,0.000908
97492.726251,0.017899
97492.728753,0.004465
97492.731255,0.000000
97492.733756,0.015050
97492.736258,0.017674
97492.738760,0.000000
97492.741262,0.022016
97492.743764,0.005238
97492.746265,0.004069
97492.748767,0.014458
97492.751269,0.000000
97492.753771,0.013705
97492.756273,0.000000
97492.758774,0.000000
97492.761276,0.000000
97492.763778,0.008144
97492.766280,0.000000
97492.768782,0.023126
97492.771283,0.017082
97492.773785,0.019152
97492.776287,0.001792
97492.778789,0.003704
97492.781291,0.000000
97492.783792,0.014303
97492.786294,0.005456
97492.788796,0.008148
97492.791298,0.024249
97492.793800,0.000000
97492.796301,0.000000
97492.798803,0.004692
97492.801305,0.000000
97492.803807,0.000000
97492.806308,0.007080
97492.808810,0.000000
97492.811312,0.018801
97492.813814,0.000000
97492.816316,0.016127
97492.818817,0.009497
97492.821319,0.000000
97492.823821,0.000000
97492.826323,0.000000
97492.828825,0.000000
97492.831326,0.015041
97492.833828,0.000000
97492.836330,0.016704
97492.838832,0.000000
97492.841334,0.010156
97492.843835,0.000000
97492.846337,0.000000
97492.848839,0.000000
97492.851341,0.000000
97492.853843,0.000000
97492.856344,0.000000
97492.858846,0.001529
97492.861348,0.018218
97492.863850,0.013455
97492.866352,0.017522
97492.868853,0.010347
97492.871355,0.004777
97492.873857,0.000000
97492.876359,0.002153
97492.878861,0.008572
97492.881362,0.020933
97492.883864,0.009857
97492.886366,0.017816
97492.888868,0.000000
97492.891370,0.000000
97492.893871,0.006167
97492.896373,0.016675
97492.898875,0.000000
97492.901377,0.000000
97492.903879,0.009870
97492.906380,0.000000
97492.908882,0.023087
97492.911384,0.000000
97492.913886,0.000000
97492.916388,0.000145
97492.918889,0.024395
97492.921391,0.008423
97492.923893,0.010788
97492.926395,0.000594
97492.928897,0.000000
97492.931398,0.000000
97492.933900,0.000000
97492.936402,0.002819
97492.938904,0.018852
97492.941405,0.004943
97492.943907,0.008957
97492.946409,0.022747
97492.948911,0.004722
97492.951413,0.000000
97492.953914,0.000000
97492.956416,0.029045
97492.958918,0.007563
97492.961420,0.000000
97492.963922,0.000000
97492.966423,0.017998
97492.968925,0.000000
97492.971427,0.026627
97492.973929,0.000000
97492.976431,0.020433
97492.978932,0.006993
97492.981434,0.001703
97492.983936,0.000000
97492.986438,0.027157
97492.988940,0.010156
97492.991441,0.000000
97492.993943,0.000000
97492.996445,0.002547
97492.998947,0.000000
97493.001449,0.000000
97493.003950,0.000000
97493.006452,0.000000
97493.008954,0.000133
97493.011456,0.010427
97493.013958,0.021439
97493.016459,0.013055
97493.018961,0.000000
97493.021463,0.005299
97493.023965,0.000906
97493.026467,0.000000
97493.028968,0.005720
97493.031470,0.026668
97493.033972,0.000466
97493.036474,0.000000
97493.038976,0.000435
97493.041477,0.000000
97493.043979,0.012404
97493.046481,0.007539
97493.048983,0.000000
97493.051485,0.000000
97493.053986,0.000000
97493.056488,0.000119
97493.058990,0.000000
97493.061492,0.000000
97493.063994,0.016355
97493.066495,0.000000
97493.068997,0.002399
97493.071499,0.004098
97493.074001,0.004625
97493.076502,0.000000
97493.079004,0.000000
97493.081506,0.000000
97493.084008,0.005684
97493.086510,0.000000
97493.089011,0.000000
97493.091513,0.030555
97493.094015,0.000000
97493.096517,0.000000
97493.099019,0.027241
97493.101520,0.000000
97493.104022,0.000000
97493.106524,0.016787
97493.109026,0.000793
97493.111528,0.000000
97493.114029,0.002763
97493.116531,0.000000
97493.119033,0.000000
97493.121535,0.000000
97493.124037,0.000000
97493.126538,0.000154
97493.129040,0.005090
97493.131542,0.012253
97493.134044,0.016201
97493.136546,0.000000
97493.139047,0.007173
97493.141549,0.007074
97493.144051,0.004709
97493.146553,0.000000
97493.149055,0.000000
97493.151556,0.007210
97493.154058,0.000000
97493.156560,0.000000
97493.159062,0.000000
97493.161564,0.000000
97493.164065,0.000000
97493.166567,0.015752
97493.169069,0.009883
97493.171571,0.000000
97493.174073,0.010476
97493.176574,0.012749
97493.179076,0.000000
97493.181578,0.000000
97493.184080,0.000000
97493.186582,0.000000
97493.189083,0.000000
97493.191585,0.005272
97493.194087,0.004019
97493.196589,0.006392
97493.199091,0.004006
97493.201592,0.010483
97493.204094,0.000000
97493.206596,0.002898
97493.209098,0.000000
97493.211599,0.000000
97493.214101,0.019221
97493.216603,0.000000
97493.219105,0.012593
97493.221607,0.000000
97493.224108,0.000000
97493.226610,0.003757
97493.229112,0.000000
97493.231614,0.000000
97493.234116,0.000000
97493.236617,0.000000
97493.239119,0.000000
97493.241621,0.027624
97493.244123,0.051285
97493.246625,0.070085
97493.249126,0.280437
97493.251628,0.542226
97493.254130,0.735728
97493.256632,0.697286
97493.259134,0.481444
97493.261635,0.224434
97493.264137,0.074572
97493.266639,0.002148
97493.269141,0.001694
97493.271643,0.000000
97493.274144,0.000000
97493.276646,0.000000
97493.279148,0.002971
97493.281650,0.000000
97493.284152,0.004174
97493.286653,0.015535
97493.289155,0.022829
97493.291657,0.000000
97493.294159,0.000000
97493.296661,0.000000
97493.299162,0.006612
97493.301664,0.000000
97493.304166,0.000000
97493.306668,0.001872
97493.309170,0.001219
97493.311671,0.005424
97493.314173,0.006373
97493.316675,0.004863
97493.319177,0.002782
97493.321679,0.000801
97493.324180,0.009548
97493.326682,0.000000
97493.329184,0.022182
97493.331686,0.000000
97493.334188,0.000000
97493.336689,0.000000
97493.339191,0.009661
97493.341693,0.000000
97493.344195,0.000000
97493.346696,0.011381
97493.349198,0.014284
97493.351700,0.000000
97493.354202,0.000000
97493.356704,0.000000
97493.359205,0.000000
97493.361707,0.000000
97493.364209,0.000000
97493.366711,0.006239
97493.369213,0.001890
97493.371714,0.007061
97493.374216,0.003074
97493.376718,0.010117
97493.379220,0.012614
97493.381722,0.000000
97493.384223,0.000000
97493.386725,0.000000
97493.389227,0.000000
97493.391729,0.000000
97493.394231,0.013100
97493.396732,0.028438
97493.399234,0.002674
97493.401736,0.001211
97493.404238,0.012201
97493.406740,0.000000
97493.409241,0.000409
97493.411743,0.014062
97493.414245,0.000000
97493.416747,0.000000
97493.419249,0.000000
97493.421750,0.000000
97493.424252,0.000000
97493.426754,0.030107
97493.429256,0.000000
97493.431758,0.000000
97493.434259,0.000000
97493.436761,0.013040
97493.439263,0.000250
97493.441765,0.006975
97493.444267,0.000000
97493.446768,0.021368
97493.449270,0.008068
97493.451772,0.015048
97493.454274,0.005245
97493.456776,0.011848
97493.459277,0.000000
97493.461779,0.000000
97493.464281,0.019340
97493.466783,0.022403
97493.469285,0.000000
97493.471786,0.003587
97493.474288,0.000000
97493.476790,0.000000
97493.479292,0.004091
97493.481793,0.016388
97493.484295,0.006487
97493.486797,0.000000
97493.489299,0.007395
97493.491801,0.000000
97493.494302,0.005919
97493.496804,0.020058
97493.499306,0.000000
97493.501808,0.011451
97493.504310,0.000000
97493.506811,0.017643
97493.509313,0.000000
97493.511815,0.000000
97493.514317,0.009986
97493.516819,0.005231
97493.519320,0.000000
97493.521822,0.000000
97493.524324,0.000000
97493.526826,0.000000
97493.529328,0.000000
97493.531829,0.001661
97493.534331,0.000000
97493.536833,0.006126
97493.539335,0.021403
97493.541837,0.000000
97493.544338,0.001869
97493.546840,0.028986
97493.549342,0.000000
97493.551844,0.017110
97493.554346,0.015381
97493.556847,0.012271
97493.559349,0.018554
97493.561851,0.004030
97493.564353,0.000000
97493.566855,0.015722
97493.569356,0.016271
97493.571858,0.015876
97493.574360,0.000639
97493.576862,0.000000
97493.579364,0.002749
97493.581865,0.013533
97493.584367,0.014713
97493.586869,0.000000
97493.589371,0.004530
97493.591873,0.000000
97493.594374,0.014147
97493.596876,0.000000
97493.599378,0.011279
97493.601880,0.000000
97493.604382,0.014814
97493.606883,0.004623
97493.609385,0.000000
97493.611887,0.009930
97493.614389,0.000000
97493.616890,0.010766
97493.619392,0.000000
97493.621894,0.000000
97493.624396,0.000000
97493.626898,0.000000
97493.629399,0.019652
97493.631901,0.012943
97493.634403,0.023324
97493.636905,0.023751
97493.639407,0.000000
97493.641908,0.000000
97493.644410,0.000000
97493.646912,0.000000
97493.649414,0.000000
97493.651916,0.000000
97493.654417,0.000000
97493.656919,0.000000
97493.659421,0.030389
97493.661923,0.000000
97493.664425,0.002798
97493.666926,0.013022
97493.669428,0.004026
97493.671930,0.004201
97493.674432,0.000000
97493.676934,0.000000
97493.679435,0.000000
97493.681937,0.012152
97493.684439,0.000000
97493.686941,0.013948
97493.689443,0.000000
97493.691944,0.013826
97493.694446,0.000000
97493.696948,0.000000
97493.699450,0.008321
97493.701952,0.013340
97493.704453,0.000000
97493.706955,0.010350
97493.709457,0.000000
97493.711959,0.000000
97493.714461,0.018563
97493.716962,0.000000
97493.719464,0.000000
97493.721966,0.000000
97493.724468,0.000000
97493.726970,0.000000
97493.729471,0.000000
97493.731973,0.002570
97493.734475,0.000000
97493.736977,0.019530
97493.739479,0.006098
97493.741980,0.006574
97493.744482,0.016735
97493.746984,0.000000
97493.749486,0.000000
97493.751987,0.017336
97493.754489,0.001951
97493.756991,0.002002
97493.759493,0.000000
97493.761995,0.000000
97493.764496,0.012162
97493.766998,0.014143
97493.769500,0.011258
97493.772002,0.011389
97493.774504,0.008173
97493.777005,0.001889
97493.779507,0.000000
97493.782009,0.017384
97493.784511,0.000000
97493.787013,0.005314
97493.789514,0.000000
97493.792016,0.000000
97493.794518,0.000000
97493.797020,0.000000
97493.799522,0.011460
97493.802023,0.000000
97493.804525,0.001425
97493.807027,0.001903
97493.809529,0.000000
97493.812031,0.000000
97493.814532,0.003673
97493.817034,0.006158
97493.819536,0.000000
97493.822038,0.009722
97493.824540,0.000000
97493.827041,0.000196
97493.829543,0.003615
97493.832045,0.013315
97493.834547,0.000000
97493.837049,0.000000
97493.839550,0.000000
97493.842052,0.000000
97493.844554,0.020485
97493.847056,0.008226
97493.849558,0.000000
97493.852059,0.000000
97493.854561,0.005354
97493.857063,0.000000
97493.859565,0.000000
97493.862067,0.019318
97493.864568,0.000000
97493.867070,0.013712
97493.869572,0.018030
97493.872074,0.000000
97493.874576,0.000000
97493.877077,0.000000
97493.879579,0.000000
97493.882081,0.001738
97493.884583,0.000000
97493.887084,0.005179
97493.889586,0.020065
97493.892088,0.011742
97493.894590,0.007027
97493.897092,0.000000
97493.899593,0.006368
97493.902095,0.024742
97493.904597,0.000000
97493.907099,0.009902
97493.909601,0.000000
97493.912102,0.000000
97493.914604,0.011507
97493.917106,0.024557
97493.919608,0.011135
97493.922110,0.000000
97493.924611,0.000000
97493.927113,0.002077
97493.929615,0.012541
97493.932117,0.000000
97493.934619,0.000000
97493.937120,0.040533
97493.939622,0.015493
97493.942124,0.016519
97493.944626,0.000000
97493.947128,0.000000
97493.949629,0.001073
97493.952131,0.000000
97493.954633,0.022987
97493.957135,0.020257
97493.959637,0.000000
97493.962138,0.025623
97493.964640,0.000000
97493.967142,0.037192
97493.969644,0.002078
97493.972146,0.008276
97493.974647,0.020107
97493.977149,0.018351
97493.979651,0.007336
97493.982153,0.000000
97493.984655,0.007385
97493.987156,0.000000
97493.989658,0.002185
97493.992160,0.000000
97493.994662,0.000000
97493.997164,0.000724
97493.999665,0.018130
97494.002167,0.013297
97494.004669,0.000000
97494.007171,0.025092
97494.009673,0.000000
97494.012174,0.000000
97494.014676,0.000000
97494.017178,0.000000
97494.019680,0.011729
97494.022181,0.000000
97494.024683,0.006621
97494.027185,0.023646
97494.029687,0.000000
97494.032189,0.006873
97494.034690,0.007741
97494.037192,0.000000
97494.039694,0.019451
97494.042196,0.000000
97494.044698,0.000000
97494.047199,0.030329
97494.049701,0.007509
97494.052203,0.013290
97494.054705,0.019461
97494.057207,0.000000
97494.059708,0.017951
97494.062210,0.000000
97494.064712,0.000000
97494.067214,0.000000
97494.069716,0.000000
97494.072217,0.011809
97494.074719,0.003838
97494.077221,0.000000
97494.079723,0.009688
97494.082225,0.000000
97494.084726,0.000000
97494.087228,0.000699
97494.089730,0.006657
97494.092232,0.005599
97494.094734,0.000000
97494.097235,0.012167
97494.099737,0.000000
97494.102239,0.000000
97494.104741,0.000000
97494.107243,0.014122
97494.109744,0.000178
97494.112246,0.003029
97494.114748,0.015021
97494.117250,0.000000
97494.119752,0.000000
97494.122253,0.001002
97494.124755,0.004423
97494.127257,0.000000
97494.129759,0.021168
97494.132261,0.000000
97494.134762,0.016088
97494.137264,0.011363
97494.139766,0.006561
97494.142268,0.000000
97494.144770,0.018441
97494.147271,0.000000
97494.149773,0.000000
97494.152275,0.000000
97494.154777,0.005852
97494.157278,0.009184
97494.159780,0.012824
97494.162282,0.011718
97494.164784,0.003633
97494.167286,0.005974
97494.169787,0.000000
97494.172289,0.000000
97494.174791,0.012862
97494.177293,0.012025
97494.179795,0.010396
97494.182296,0.000000
97494.184798,0.013078
97494.187300,0.000000
97494.189802,0.015474
97494.192304,0.000000
97494.194805,0.024190
97494.197307,0.000000
97494.199809,0.025328
97494.202311,0.000000
97494.204813,0.000000
97494.207314,0.002799
97494.209816,0.000000
97494.212318,0.000000
97494.214820,0.000000
97494.217322,0.000000
97494.219823,0.006993
97494.222325,0.000000
97494.224827,0.000000
97494.227329,0.000000
97494.229831,0.000000
97494.232332,0.018839
97494.234834,0.000000
97494.237336,0.000000
97494.239838,0.002785
97494.242340,0.000000
97494.244841,0.032003
97494.247343,0.000000
97494.249845,0.004815
97494.252347,0.013555
97494.254849,0.013280
97494.257350,0.003351
97494.259852,0.000000
97494.262354,0.029071
97494.264856,0.000000
97494.267358,0.000000
97494.269859,0.000000
97494.272361,0.000000
97494.274863,0.011801
97494.277365,0.000000
97494.279867,0.000000
97494.282368,0.000000
97494.284870,0.032173
97494.287372,0.000000
97494.289874,0.000000
97494.292375,0.000000
97494.294877,0.000000
97494.297379,0.000000
97494.299881,0.000000
97494.302383,0.000000
97494.304884,0.005130
97494.307386,0.000000
97494.309888,0.000000
97494.312390,0.000000
97494.314892,0.014597
97494.317393,0.025212
97494.319895,0.000000
97494.322397,0.019975
97494.324899,0.000000
97494.327401,0.000000
97494.329902,0.025077
97494.332404,0.007480
97494.334906,0.000064
97494.337408,0.009870
97494.339910,0.003939
97494.342411,0.000000
97494.344913,0.000000
97494.347415,0.000000
97494.349917,0.008952
97494.352419,0.000000
97494.354920,0.012960
97494.357422,0.005510
97494.359924,0.000000
97494.362426,0.000000
97494.364928,0.000000
97494.367429,0.000000
97494.369931,0.004831
97494.372433,0.000000
97494.374935,0.000000
97494.377437,0.015125
97494.379938,0.002129
97494.382440,0.000000
97494.384942,0.000253
97494.387444,0.019806
97494.389946,0.004220
97494.392447,0.008517
97494.394949,0.000000
97494.397451,0.014743
97494.399953,0.033295
97494.402455,0.000000
97494.404956,0.000000
97494.407458,0.002521
97494.409960,0.012575
97494.412462,0.000000
97494.414963,0.000000
97494.417465,0.000000
97494.419967,0.008590
97494.422469,0.000000
97494.424971,0.008722
97494.427472,0.016729
97494.429974,0.003450
97494.432476,0.000000
97494.434978,0.011912
97494.437480,0.000000
97494.439981,0.000000
97494.442483,0.000000
97494.444985,0.000000
97494.447487,0.000000
97494.449989,0.026291
97494.452490,0.031197
97494.454992,0.000000
97494.457494,0.001317
97494.459996,0.000000
97494.462498,0.015907
97494.464999,0.018753
97494.467501,0.000000
97494.470003,0.006837
97494.472505,0.000000
97494.475007,0.025254
97494.477508,0.006323
97494.480010,0.000000
97494.482512,0.000000
97494.485014,0.000000
97494.487516,0.007542
97494.490017,0.014965
97494.492519,0.000000
97494.495021,0.026410
97494.497523,0.023063
97494.500025,0.000000
97494.502526,0.001046
97494.505028,0.024573
97494.507530,0.017709
97494.510032,0.000000
97494.512534,0.011696
97494.515035,0.043049
97494.517537,0.001510
97494.520039,0.000000
97494.522541,0.002476
97494.525043,0.003541
97494.527544,0.000000
97494.530046,0.006343
97494.532548,0.000000
97494.535050,0.000000
97494.537552,0.010891
97494.540053,0.000000
97494.542555,0.012972
97494.545057,0.000000
97494.547559,0.000000
97494.550060,0.000000
97494.552562,0.004120
97494.555064,0.019035
97494.557566,0.000828
97494.560068,0.000000
97494.562569,0.008325
97494.565071,0.000000
97494.567573,0.002002
97494.570075,0.000000
97494.572577,0.001186
97494.575078,0.000000
97494.577580,0.000000
97494.580082,0.002371
97494.582584,0.002277
97494.585086,0.016883
97494.587587,0.000000
97494.590089,0.000000
97494.592591,0.000000
97494.595093,0.012493
97494.597595,0.010829
97494.600096,0.007295
97494.602598,0.000000
97494.605100,0.012718
97494.607602,0.000000
97494.610104,0.000000
97494.612605,0.000000
97494.615107,0.000000
97494.617609,0.009697
97494.620111,0.000000
97494.622613,0.018999
97494.625114,0.001883
97494.627616,0.000000
97494.630118,0.001450
97494.632620,0.015692
97494.635122,0.008610
97494.637623,0.015786
97494.640125,0.000000
97494.642627,0.000000
97494.645129,0.000000
97494.647631,0.024670
97494.650132,0.009183
97494.652634,0.040892
97494.655136,0.000000
97494.657638,0.000000
97494.660140,0.000000
97494.662641,0.019798
97494.665143,0.000000
97494.667645,0.001787
97494.670147,0.001389
97494.672649,0.000567
97494.675150,0.000000
97494.677652,0.000000
97494.680154,0.000000
97494.682656,0.000000
97494.685157,0.013552
97494.687659,0.025288
97494.690161,0.000000
97494.692663,0.000000
97494.695165,0.000000
97494.697666,0.002687
97494.700168,0.000000
97494.702670,0.003444
97494.705172,0.015852
97494.707674,0.000000
97494.710175,0.007064
97494.712677,0.000000
97494.715179,0.006613
97494.717681,0.000000
97494.720183,0.017182
97494.722684,0.013118
97494.725186,0.008163
97494.727688,0.011393
97494.730190,0.000000
97494.732692,0.000000
97494.735193,0.010807
97494.737695,0.000000
97494.740197,0.020764
97494.742699,0.000000
97494.745201,0.007209
97494.747702,0.030152
97494.750204,0.000000
97494.752706,0.000988
97494.755208,0.015141
97494.757710,0.013663
97494.760211,0.000000
97494.762713,0.000000
97494.765215,0.000000
97494.767717,0.020796
97494.770219,0.000000
97494.772720,0.001122
97494.775222,0.000000
97494.777724,0.010134
97494.780226,0.002234
97494.782728,0.000000
97494.785229,0.000000
97494.787731,0.000000
97494.790233,0.000000
97494.792735,0.011404
97494.795237,0.019013
97494.797738,0.009847
97494.800240,0.007966
97494.802742,0.000000
97494.805244,0.011130
97494.807746,0.004112
97494.810247,0.025918
97494.812749,0.000000
97494.815251,0.019290
97494.817753,0.012555
97494.820254,0.010563
97494.822756,0.000000
97494.825258,0.013346
97494.827760,0.000000
97494.830262,0.000000
97494.832763,0.000000
97494.835265,0.000000
97494.837767,0.000482
97494.840269,0.000000
97494.842771,0.000000
97494.845272,0.006989
97494.847774,0.012520
97494.850276,0.002733
97494.852778,0.016530
97494.855280,0.000000
97494.857781,0.000000
97494.860283,0.000000
97494.862785,0.000000
97494.865287,0.026639
97494.867789,0.016249
97494.870290,0.000000
97494.872792,0.002237
97494.875294,0.000000
97494.877796,0.000000
97494.880298,0.000000
97494.882799,0.005476
97494.885301,0.011752
97494.887803,0.005780
97494.890305,0.000000
97494.892807,0.000000
97494.895308,0.013456
97494.897810,0.006657
97494.900312,0.001044
97494.902814,0.000000
97494.905316,0.004959
97494.907817,0.000000
97494.910319,0.011800
97494.912821,0.000000
97494.915323,0.000000
97494.917825,0.008777
97494.920326,0.000000
97494.922828,0.000000
97494.925330,0.000906
97494.927832,0.000000
97494.930334,0.000000
97494.932835,0.010867
97494.935337,0.000000
97494.937839,0.018464
97494.940341,0.000000
97494.942843,0.000000
97494.945344,0.005739
97494.947846,0.000000
97494.950348,0.014819
97494.952850,0.007335
97494.955351,0.000000
97494.957853,0.000000
97494.960355,0.005544
97494.962857,0.000000
97494.965359,0.000000
97494.967860,0.004000
97494.970362,0.031760
97494.972864,0.000000
97494.975366,0.022539
97494.977868,0.000000
97494.980369,0.003096
97494.982871,0.011081
97494.985373,0.000000
97494.987875,0.000000
97494.990377,0.010429
97494.992878,0.027167
97494.995380,0.004317
97494.997882,0.000000
97495.000384,0.000000
97495.002886,0.036191
97495.005387,0.001938
97495.007889,0.000000
97495.010391,0.000000
97495.012893,0.000000
97495.015395,0.005222
97495.017896,0.009403
97495.020398,0.000000
97495.022900,0.000000
97495.025402,0.000000
97495.027904,0.001909
97495.030405,0.006916
97495.032907,0.000000
97495.035409,0.024280
97495.037911,0.000000
97495.040413,0.004072
97495.042914,0.012185
97495.045416,0.000000
97495.047918,0.000000
97495.050420,0.000000
97495.052922,0.019496
97495.055423,0.000000
97495.057925,0.007718
97495.060427,0.009662
97495.062929,0.000000
97495.065431,0.000000
97495.067932,0.019167
97495.070434,0.000000
97495.072936,0.030564
97495.075438,0.000000
97495.077940,0.000000
97495.080441,0.001900
97495.082943,0.031719
97495.085445,0.000000
97495.087947,0.000000
97495.090448,0.006841
97495.092950,0.000483
97495.095452,0.005486
97495.097954,0.000000
97495.100456,0.000000
97495.102957,0.000000
97495.105459,0.000000
97495.107961,0.000000
97495.110463,0.000000
97495.112965,0.000000
97495.115466,0.004603
97495.117968,0.000000
97495.120470,0.000000
97495.122972,0.033285
97495.125474,0.000000
97495.127975,0.018464
97495.130477,0.000785
97495.132979,0.000000
97495.135481,0.000000
97495.137983,0.002006
97495.140484,0.020875
97495.142986,0.000000
97495.145488,0.000000
97495.147990,0.014512
97495.150492,0.004896
97495.152993,0.000000
97495.155495,0.001420
97495.157997,0.021720
97495.160499,0.000000
97495.163001,0.000000
97495.165502,0.005576
97495.168004,0.000000
97495.170506,0.000000
97495.173008,0.000000
97495.175510,0.014006
97495.178011,0.000000
97495.180513,0.000000
97495.183015,0.000000
97495.185517,0.000000
97495.188019,0.001437
97495.190520,0.000000
97495.193022,0.000000
97495.195524,0.000000
97495.198026,0.006359
97495.200528,0.000602
97495.203029,0.000000
97495.205531,0.027827
97495.208033,0.010500
97495.210535,0.012244
97495.213037,0.000000
97495.215538,0.003162
97495.218040,0.000000
97495.220542,0.011168
97495.223044,0.000000
97495.225545,0.003194
97495.228047,0.002307
97495.230549,0.000000
97495.233051,0.042202
97495.235553,0.000000
97495.238054,0.000000
97495.240556,0.009969
97495.243058,0.000000
97495.245560,0.000000
97495.248062,0.000000
97495.250563,0.007060
97495.253065,0.007243
97495.255567,0.000000
97495.258069,0.010267
97495.260571,0.000000
97495.263072,0.000000
97495.265574,0.000000
97495.268076,0.000000
97495.270578,0.000000
97495.273080,0.000000
97495.275581,0.009968
97495.278083,0.018415
97495.280585,0.000000
97495.283087,0.010531
97495.285589,0.009143
97495.288090,0.017503
97495.290592,0.000000
97495.293094,0.000000
97495.295596,0.001008
97495.298098,0.000000
97495.300599,0.000000
97495.303101,0.000000
97495.305603,0.000000
97495.305603,0.002033
97775.626346,0.010100
98055.947090,0.000000
98336.267834,0.005683
98616.588577,0.000213
98896.909321,0.013437
99177.230064,0.000000
99457.550808,0.000000
99737.871551,0.000000
100018.192295,0.000000
100298.513038,0.000000
100578.833782,0.000000
100859.154525,0.011142
101139.475269,0.000000
101419.796012,0.000000
101700.116756,0.014584
101980.437499,0.000000
102260.758243,0.011903
102541.078986,0.000000
102821.399730,0.000000
102821.399730,0.000000
102821.402232,0.018855
102821.404733,0.000000
102821.407235,0.010732
102821.409737,0.000000
102821.412239,0.018922
102821.414741,0.031696
102821.417242,0.000000
102821.419744,0.000000
102821.422246,0.011105
102821.424748,0.007369
102821.427250,0.011159
102821.429751,0.000000
102821.432253,0.028547
102821.434755,0.001696
102821.437257,0.000000
102821.439759,0.000000
102821.442260,0.000000
102821.444762,0.022851
102821.447264,0.000000
102821.449766,0.007074
102821.452268,0.000000
102821.454769,0.000000
102821.457271,0.000000
102821.459773,0.008592
102821.462275,0.018660
102821.464777,0.000000
102821.467278,0.000000
102821.469780,0.011538
102821.472282,0.000000
102821.474784,0.017516
102821.477286,0.000000
102821.479787,0.000000
102821.482289,0.003569
102821.484791,0.000000
102821.487293,0.000000
102821.489795,0.005084
102821.492296,0.000000
102821.494798,0.023590
102821.497300,0.000627
102821.499802,0.000000
102821.502304,0.000000
102821.504805,0.014243
102821.507307,0.008633
102821.509809,0.019919
102821.512311,0.000000
102821.514813,0.004260
102821.517314,0.006127
102821.519816,0.009986
102821.522318,0.016191
102821.524820,0.000000
102821.527322,0.000000
102821.529823,0.000000
102821.532325,0.000000
102821.534827,0.010032
102821.537329,0.000000
102821.539830,0.015934
102821.542332,0.000000
102821.544834,0.000000
102821.547336,0.017867
102821.549838,0.004711
102821.552339,0.004877
102821.554841,0.000000
102821.557343,0.000000
102821.559845,0.013519
102821.562347,0.000000
102821.564848,0.000000
102821.567350,0.013845
102821.569852,0.000000
102821.572354,0.003867
102821.574856,0.000616
102821.577357,0.000000
102821.579859,0.000000
102821.582361,0.000000
102821.584863,0.000000
102821.587365,0.006933
102821.589866,0.000000
102821.592368,0.013914
102821.594870,0.000000
102821.597372,0.000000
102821.599874,0.000000
102821.602375,0.000000
102821.604877,0.014494
102821.607379,0.000000
102821.609881,0.000000
102821.612383,0.020274
102821.614884,0.007300
102821.617386,0.023882
102821.619888,0.018084
102821.622390,0.000000
102821.624892,0.014219
102821.627393,0.021908
102821.629895,0.022016
102821.632397,0.014192
102821.634899,0.013897
102821.637401,0.000000
102821.639902,0.000000
102821.642404,0.000000
102821.644906,0.000000
102821.647408,0.019287
102821.649910,0.000000
102821.652411,0.018548
102821.654913,0.000000
102821.657415,0.015550
102821.659917,0.000000
102821.662419,0.000000
102821.664920,0.023371
102821.667422,0.015904
102821.669924,0.003042
102821.672426,0.000487
102821.674927,0.006313
102821.677429,0.002795
102821.679931,0.000000
102821.682433,0.000000
102821.684935,0.028162
102821.687436,0.038381
102821.689938,0.022445
102821.692440,0.006869
102821.694942,0.000000
102821.697444,0.000000
102821.699945,0.000000
102821.702447,0.000000
102821.704949,0.030898
102821.707451,0.025944
102821.709953,0.010719
102821.712454,0.000000
102821.714956,0.012827
102821.717458,0.000000
102821.719960,0.000000
102821.722462,0.004124
102821.724963,0.000000
102821.727465,0.000000
102821.729967,0.000000
102821.732469,0.000000
102821.734971,0.000000
102821.737472,0.000000
102821.739974,0.000000
102821.742476,0.021836
102821.744978,0.000000
102821.747480,0.000000
102821.749981,0.000000
102821.752483,0.000000
102821.754985,0.020956
102821.757487,0.003870
102821.759989,0.008136
102821.762490,0.003943
102821.764992,0.003325
102821.767494,0.004449
102821.769996,0.000000
102821.772498,0.000000
102821.774999,0.016694
102821.777501,0.056624
102821.780003,0.000000
102821.782505,0.006077
102821.785007,0.000000
102821.787508,0.029411
102821.790010,0.000000
102821.792512,0.008976
102821.795014,0.000000
102821.797516,0.000000
102821.800017,0.000000
102821.802519,0.015364
102821.805021,0.000000
102821.807523,0.009528
102821.810024,0.000270
102821.812526,0.003918
102821.815028,0.013765
102821.817530,0.000000
102821.820032,0.011643
102821.822533,0.000000
102821.825035,0.015740
102821.827537,0.004805
102821.830039,0.000000
102821.832541,0.000000
102821.835042,0.011825
102821.837544,0.018111
102821.840046,0.000000
102821.842548,0.000000
102821.845050,0.009971
102821.847551,0.000000
102821.850053,0.000000
102821.852555,0.000000
102821.855057,0.000000
102821.857559,0.000000
102821.860060,0.000000
102821.862562,0.000000
102821.865064,0.009228
102821.867566,0.000000
102821.870068,0.000000
102821.872569,0.027961
102821.875071,0.000000
102821.877573,0.004920
102821.880075,0.000000
102821.882577,0.031074
102821.885078,0.000000
102821.887580,0.000000
102821.890082,0.018917
102821.892584,0.000000
102821.895086,0.000688
102821.897587,0.000000
102821.900089,0.000000
102821.902591,0.005322
102821.905093,0.007942
102821.907595,0.000000
102821.910096,0.000000
102821.912598,0.000000
102821.915100,0.000000
102821.917602,0.000000
102821.920104,0.004268
102821.922605,0.013481
102821.925107,0.012511
102821.927609,0.000000
102821.930111,0.000000
102821.932612,0.000000
102821.935114,0.002065
102821.937616,0.000000
102821.940118,0.008502
102821.942620,0.000000
102821.945121,0.000000
102821.947623,0.000000
102821.950125,0.000083
102821.952627,0.001294
102821.955129,0.000000
102821.957630,0.000000
102821.960132,0.000808
102821.962634,0.000000
102821.965136,0.000000
102821.967638,0.000000
102821.970139,0.000000
102821.972641,0.000000
102821.975143,0.000000
102821.977645,0.000199
102821.980147,0.000000
102821.982648,0.001015
102821.985150,0.000000
102821.987652,0.002408
102821.990154,0.012614
102821.992656,0.012054
102821.995157,0.018503
102821.997659,0.012038
102822.000161,0.003426
102822.002663,0.000000
102822.005165,0.000000
102822.007666,0.000000
102822.010168,0.000065
102822.012670,0.010017
102822.015172,0.000000
102822.017674,0.000000
102822.020175,0.000000
102822.022677,0.003007
102822.025179,0.000000
102822.027681,0.000000
102822.030183,0.000000
102822.032684,0.007229
102822.035186,0.000000
102822.037688,0.000000
102822.040190,0.003755
102822.042692,0.000000
102822.045193,0.016180
102822.047695,0.000000
102822.050197,0.000000
102822.052699,0.000000
102822.055201,0.000000
102822.057702,0.000000
102822.060204,0.010719
102822.062706,0.011009
102822.065208,0.011263
102822.067709,0.000415
102822.070211,0.000000
102822.072713,0.000000
102822.075215,0.021978
102822.077717,0.020621
102822.080218,0.001760
102822.082720,0.000000
102822.085222,0.019658
102822.087724,0.000000
102822.090226,0.003287
102822.092727,0.019418
102822.095229,0.000000
102822.097731,0.011910
102822.100233,0.007477
102822.102735,0.000000
102822.105236,0.000000
102822.107738,0.000000
102822.110240,0.004157
102822.112742,0.000000
102822.115244,0.001878
102822.117745,0.007771
102822.120247,0.014151
102822.122749,0.000000
102822.125251,0.018905
102822.127753,0.024351
102822.130254,0.005891
102822.132756,0.000000
102822.135258,0.000000
102822.137760,0.000000
102822.140262,0.003885
102822.142763,0.000316
102822.145265,0.004038
102822.147767,0.000000
102822.150269,0.003808
102822.152771,0.000000
102822.155272,0.000000
102822.157774,0.000000
102822.160276,0.027538
102822.162778,0.021026
102822.165280,0.007976
102822.167781,0.019036
102822.170283,0.011468
102822.172785,0.002604
102822.175287,0.000000
102822.177789,0.000000
102822.180290,0.000000
102822.182792,0.000000
102822.185294,0.000000
102822.187796,0.007077
102822.190298,0.004661
102822.192799,0.000000
102822.195301,0.000000
102822.197803,0.016679
102822.200305,0.000000
102822.202806,0.002453
102822.205308,0.000000
102822.207810,0.007273
102822.210312,0.000000
102822.212814,0.001294
102822.215315,0.002423
102822.217817,0.003306
102822.220319,0.001136
102822.222821,0.004950
102822.225323,0.031481
102822.227824,0.036788
102822.230326,0.000000
102822.232828,0.000000
102822.235330,0.008553
102822.237832,0.002675
102822.240333,0.015240
102822.242835,0.004092
102822.245337,0.000842
102822.247839,0.016215
102822.250341,0.018224
102822.252842,0.000000
102822.255344,0.000000
102822.257846,0.000000
102822.260348,0.001414
102822.262850,0.000000
102822.265351,0.006237
102822.267853,0.014307
102822.270355,0.024744
102822.272857,0.008315
102822.275359,0.000000
102822.277860,0.000000
102822.280362,0.000000
102822.282864,0.007392
102822.285366,0.005575
102822.287868,0.029450
102822.290369,0.000000
102822.292871,0.005526
102822.295373,0.033821
102822.297875,0.000000
102822.300377,0.002085
102822.302878,0.000000
102822.305380,0.001179
102822.307882,0.000000
102822.310384,0.015035
102822.312886,0.002116
102822.315387,0.000000
102822.317889,0.012073
102822.320391,0.002581
102822.322893,0.013685
102822.325395,0.000000
102822.327896,0.005297
102822.330398,0.011108
102822.332900,0.000000
102822.335402,0.000000
102822.337903,0.000000
102822.340405,0.017640
102822.342907,0.016172
102822.345409,0.000000
102822.347911,0.000000
102822.350412,0.000000
102822.352914,0.000000
102822.355416,0.006412
102822.357918,0.000000
102822.360420,0.000000
102822.362921,0.015861
102822.365423,0.002017
102822.367925,0.006254
102822.370427,0.000000
102822.372929,0.000000
102822.375430,0.000000
102822.377932,0.000000
102822.380434,0.008278
102822.382936,0.000000
102822.385438,0.022878
102822.387939,0.002450
102822.390441,0.019538
102822.392943,0.000000
102822.395445,0.007237
102822.397947,0.001224
102822.400448,0.011745
102822.402950,0.000000
102822.405452,0.006797
102822.407954,0.015831
102822.410456,0.000000
102822.412957,0.003479
102822.415459,0.000000
102822.417961,0.010090
102822.420463,0.028075
102822.422965,0.000000
102822.425466,0.000000
102822.427968,0.012646
102822.430470,0.000451
102822.432972,0.002371
102822.435474,0.000000
102822.437975,0.000000
102822.440477,0.000000
102822.442979,0.000599
102822.445481,0.000000
102822.447983,0.000000
102822.450484,0.022529
102822.452986,0.000000
102822.455488,0.000000
102822.457990,0.000000
102822.460492,0.000000
102822.462993,0.000000
102822.465495,0.001999
102822.467997,0.000000
102822.470499,0.000000
102822.473000,0.002204
102822.475502,0.000000
102822.478004,0.000000
102822.480506,0.009636
102822.483008,0.000000
102822.485509,0.000000
102822.488011,0.000000
102822.490513,0.000000
102822.493015,0.006148
102822.495517,0.001614
102822.498018,0.034355
102822.500520,0.015612
102822.503022,0.000000
102822.505524,0.000000
102822.508026,0.038877
102822.510527,0.015262
102822.513029,0.008465
102822.515531,0.001075
102822.518033,0.003929
102822.520535,0.000000
102822.523036,0.002256
102822.525538,0.001023
102822.528040,0.000000
102822.530542,0.000000
102822.533044,0.021763
102822.535545,0.000000
102822.538047,0.029749
102822.540549,0.000000
102822.543051,0.000000
102822.545553,0.000000
102822.548054,0.000000
102822.550556,0.000000
102822.553058,0.004529
102822.555560,0.003832
102822.558062,0.000000
102822.560563,0.000000
102822.563065,0.021224
102822.565567,0.000000
102822.568069,0.000000
102822.570571,0.003949
102822.573072,0.002936
102822.575574,0.000000
102822.578076,0.002133
102822.580578,0.000000
102822.583080,0.010915
102822.585581,0.000000
102822.588083,0.000000
102822.590585,0.009319
102822.593087,0.017293
102822.595589,0.022777
102822.598090,0.015165
102822.600592,0.000000
102822.603094,0.000000
102822.605596,0.020181
102822.608097,0.019688
102822.610599,0.000000
102822.613101,0.013231
102822.615603,0.000000
102822.618105,0.021563
102822.620606,0.000000
102822.623108,0.028420
102822.625610,0.011291
102822.628112,0.025818
102822.630614,0.000000
102822.633115,0.005818
102822.635617,0.000000
102822.638119,0.012122
102822.640621,0.012913
102822.643123,0.034429
102822.645624,0.006924
102822.648126,0.010400
102822.650628,0.000000
102822.653130,0.007776
102822.655632,0.000000
102822.658133,0.001664
102822.660635,0.002507
102822.663137,0.000000
102822.665639,0.000904
102822.668141,0.000000
102822.670642,0.000000
102822.673144,0.015464
102822.675646,0.002519
102822.678148,0.004985
102822.680650,0.000000
102822.683151,0.006082
102822.685653,0.007619
102822.688155,0.000000
102822.690657,0.029948
102822.693159,0.000000
102822.695660,0.011266
102822.698162,0.010238
102822.700664,0.007779
102822.703166,0.002531
102822.705668,0.007909
102822.708169,0.012470
102822.710671,0.000000
102822.713173,0.004297
102822.715675,0.000000
102822.718177,0.000000
102822.720678,0.010301
102822.723180,0.000000
102822.725682,0.000000
102822.728184,0.000000
102822.730686,0.000000
102822.733187,0.014772
102822.735689,0.002200
102822.738191,0.019855
102822.740693,0.000000
102822.743194,0.012556
102822.745696,0.040786
102822.748198,0.005114
102822.750700,0.012376
102822.753202,0.009961
102822.755703,0.000000
102822.758205,0.008414
102822.760707,0.004402
102822.763209,0.000000
102822.765711,0.000000
102822.768212,0.009968
102822.770714,0.000000
102822.773216,0.030646
102822.775718,0.001640
102822.778220,0.000000
102822.780721,0.000000
102822.783223,0.000000
102822.785725,0.034649
102822.788227,0.000000
102822.790729,0.000000
102822.793230,0.000000
102822.795732,0.007171
102822.798234,0.000000
102822.800736,0.000000
102822.803238,0.000000
102822.805739,0.000000
102822.808241,0.000000
102822.810743,0.000000
102822.813245,0.017016
102822.815747,0.000000
102822.818248,0.000000
102822.820750,0.000000
102822.823252,0.000780
102822.825754,0.000000
102822.828256,0.023354
102822.830757,0.012461
102822.833259,0.020542
102822.835761,0.005632
102822.838263,0.000000
102822.840765,0.022052
102822.843266,0.000000
102822.845768,0.000000
102822.848270,0.002245
102822.850772,0.019796
102822.853274,0.015129
102822.855775,0.013017
102822.858277,0.000000
102822.860779,0.000000
102822.863281,0.004969
102822.865783,0.000000
102822.868284,0.012773
102822.870786,0.011923
102822.873288,0.008494
102822.875790,0.000000
102822.878291,0.001838
102822.880793,0.000000
102822.883295,0.002413
102822.885797,0.000000
102822.888299,0.000000
102822.890800,0.006652
102822.893302,0.000000
102822.895804,0.008254
102822.898306,0.000000
102822.900808,0.020337
102822.903309,0.014378
102822.905811,0.004263
102822.908313,0.000000
102822.910815,0.012243
102822.913317,0.005638
102822.915818,0.003427
102822.918320,0.014979
102822.920822,0.020490
102822.923324,0.000000
102822.925826,0.000000
102822.928327,0.000000
102822.930829,0.000000
102822.933331,0.000000
102822.935833,0.008620
102822.938335,0.000000
102822.940836,0.000000
102822.943338,0.016179
102822.945840,0.002019
102822.948342,0.004926
102822.950844,0.016578
102822.953345,0.000000
102822.955847,0.029591
102822.958349,0.000000
102822.960851,0.028697
102822.963353,0.000000
102822.965854,0.007433
102822.968356,0.000000
102822.970858,0.016081
102822.973360,0.000000
102822.975862,0.004178
102822.978363,0.000000
102822.980865,0.013462
102822.983367,0.000000
102822.985869,0.024179
102822.988371,0.000000
102822.990872,0.000000
102822.993374,0.013667
102822.995876,0.000000
102822.998378,0.000000
102823.000880,0.000000
102823.003381,0.000000
102823.005883,0.000000
102823.008385,0.018168
102823.010887,0.014408
102823.013388,0.003329
102823.015890,0.015976
102823.018392,0.000000
102823.020894,0.000000
102823.023396,0.005685
102823.025897,0.000000
102823.028399,0.000000
102823.030901,0.000000
102823.033403,0.000000
102823.035905,0.011747
102823.038406,0.003493
102823.040908,0.012956
102823.043410,0.000000
102823.045912,0.000000
102823.048414,0.000094
102823.050915,0.012269
102823.053417,0.000000
102823.055919,0.011516
102823.058421,0.000000
102823.060923,0.000000
102823.063424,0.000000
102823.065926,0.017615
102823.068428,0.002982
102823.070930,0.025079
102823.073432,0.000000
102823.075933,0.001866
102823.078435,0.002577
102823.080937,0.008906
102823.083439,0.000000
102823.085941,0.024194
102823.088442,0.000186
102823.090944,0.000000
102823.093446,0.000000
102823.095948,0.000000
102823.098450,0.039976
102823.100951,0.015081
102823.103453,0.000713
102823.105955,0.000000
102823.108457,0.013660
102823.110959,0.014347
102823.113460,0.000000
102823.115962,0.009235
102823.118464,0.000402
102823.120966,0.000000
102823.123468,0.012643
102823.125969,0.032262
102823.128471,0.007997
102823.130973,0.015806
102823.133475,0.025913
102823.135977,0.000000
102823.138478,0.000000
102823.140980,0.009435
102823.143482,0.000000
102823.145984,0.000000
102823.148485,0.000000
102823.150987,0.010450
102823.153489,0.000000
102823.155991,0.000000
102823.158493,0.000000
102823.160994,0.000000
102823.163496,0.000000
102823.165998,0.000000
102823.168500,0.000000
102823.171002,0.009466
102823.173503,0.000000
102823.176005,0.014545
102823.178507,0.000000
102823.181009,0.000000
102823.183511,0.004229
102823.186012,0.000000
102823.188514,0.004004
102823.191016,0.000000
102823.193518,0.000000
102823.196020,0.005822
102823.198521,0.000000
102823.201023,0.000000
102823.203525,0.003565
102823.206027,0.000000
102823.208529,0.002423
102823.211030,0.004706
102823.213532,0.000824
102823.216034,0.008734
102823.218536,0.001399
102823.221038,0.000000
102823.223539,0.000000
102823.226041,0.027691
102823.228543,0.000001
102823.231045,0.013648
102823.233547,0.000000
102823.236048,0.000000
102823.238550,0.000000
102823.241052,0.035418
102823.243554,0.003637
102823.246056,0.000000
102823.248557,0.000000
102823.251059,0.028349
102823.253561,0.000000
102823.256063,0.010689
102823.258565,0.012295
102823.261066,0.000000
102823.263568,0.009659
102823.266070,0.000000
102823.268572,0.000000
102823.271074,0.016725
102823.273575,0.000000
102823.276077,0.007447
102823.278579,0.005902
102823.281081,0.009163
102823.283582,0.000000
102823.286084,0.000000
102823.288586,0.000000
102823.291088,0.000000
102823.293590,0.006162
102823.296091,0.017048
102823.298593,0.019321
102823.301095,0.000000
102823.303597,0.004194
102823.306099,0.006401
102823.308600,0.008923
102823.311102,0.000000
102823.313604,0.026149
102823.316106,0.013308
102823.318608,0.013683
102823.321109,0.017285
102823.323611,0.007672
102823.326113,0.000000
102823.328615,0.000000
102823.331117,0.000000
102823.333618,0.005962
102823.336120,0.000000
102823.338622,0.000000
102823.341124,0.017293
102823.343626,0.000000
102823.346127,0.000000
102823.348629,0.000316
102823.351131,0.000000
102823.353633,0.000000
102823.356135,0.000000
102823.358636,0.000000
102823.361138,0.012283
102823.363640,0.006424
102823.366142,0.000000
102823.368644,0.000586
102823.371145,0.000000
102823.373647,0.000000
102823.376149,0.042089
102823.378651,0.026512
102823.381153,0.000756
102823.383654,0.002300
102823.386156,0.000000
102823.388658,0.000000
102823.391160,0.005202
102823.393662,0.000000
102823.396163,0.012986
102823.398665,0.022546
102823.401167,0.004777
102823.403669,0.001461
102823.406171,0.000000
102823.408672,0.010738
102823.411174,0.000000
102823.413676,0.000000
102823.416178,0.013783
102823.418679,0.014791
102823.421181,0.000000
102823.423683,0.000000
102823.426185,0.000000
102823.428687,0.000000
102823.431188,0.000000
102823.433690,0.000000
102823.436192,0.013154
102823.438694,0.025193
102823.441196,0.088659
102823.443697,0.221473
102823.446199,0.467785
102823.448701,0.707507
102823.451203,0.728850
102823.453705,0.527778
102823.456206,0.268461
102823.458708,0.123699
102823.461210,0.031593
102823.463712,0.032932
102823.466214,0.018820
102823.468715,0.024518
102823.471217,0.000000
102823.473719,0.008520
102823.476221,0.000000
102823.478723,0.000000
102823.481224,0.021487
102823.483726,0.000000
102823.486228,0.000000
102823.488730,0.000000
102823.491232,0.000000
102823.493733,0.000000
102823.496235,0.000000
102823.498737,0.024860
102823.501239,0.000000
102823.503741,0.023832
102823.506242,0.012192
102823.508744,0.005692
102823.511246,0.010745
102823.513748,0.000196
102823.516250,0.018472
102823.518751,0.008144
102823.521253,0.000000
102823.523755,0.004255
102823.526257,0.011260
102823.528759,0.000000
102823.531260,0.001813
102823.533762,0.000000
102823.536264,0.000000
102823.538766,0.000000
102823.541268,0.000000
102823.543769,0.009610
102823.546271,0.000000
102823.548773,0.000000
102823.551275,0.000000
102823.553776,0.000000
102823.556278,0.000000
102823.558780,0.005801
102823.561282,0.000000
102823.563784,0.016265
102823.566285,0.000000
102823.568787,0.000000
102823.571289,0.000054
102823.573791,0.003508
102823.576293,0.000532
102823.578794,0.000000
102823.581296,0.004927
102823.583798,0.006695
102823.586300,0.000000
102823.588802,0.006124
102823.591303,0.017117
102823.593805,0.010139
102823.596307,0.013392
102823.598809,0.002469
102823.601311,0.000000
102823.603812,0.000000
102823.606314,0.004595
102823.608816,0.013541
102823.611318,0.040014
102823.613820,0.014102
102823.616321,0.000000
102823.618823,0.000000
102823.621325,0.032727
102823.623827,0.000000
102823.626329,0.000682
102823.628830,0.000000
102823.631332,0.022480
102823.633834,0.007186
102823.636336,0.000000
102823.638838,0.000000
102823.641339,0.004412
102823.643841,0.000635
102823.646343,0.011952
102823.648845,0.007856
102823.651347,0.000000
102823.653848,0.000000
102823.656350,0.000000
102823.658852,0.000000
102823.661354,0.000000
102823.663856,0.000236
102823.666357,0.000000
102823.668859,0.009059
102823.671361,0.000000
102823.673863,0.000000
102823.676365,0.000000
102823.678866,0.003480
102823.681368,0.001193
102823.683870,0.006063
102823.686372,0.012903
102823.688873,0.018743
102823.691375,0.004100
102823.693877,0.000000
102823.696379,0.000000
102823.698881,0.000000
102823.701382,0.024372
102823.703884,0.028545
102823.706386,0.009341
102823.708888,0.012330
102823.711390,0.003604
102823.713891,0.005258
102823.716393,0.000000
102823.718895,0.000000
102823.721397,0.000000
102823.723899,0.004041
102823.726400,0.000000
102823.728902,0.027963
102823.731404,0.013166
102823.733906,0.004086
102823.736408,0.000000
102823.738909,0.024073
102823.741411,0.000000
102823.743913,0.004764
102823.746415,0.000607
102823.748917,0.000000
102823.751418,0.000524
102823.753920,0.000000
102823.756422,0.000000
102823.758924,0.005022
102823.761426,0.022524
102823.763927,0.005002
102823.766429,0.000000
102823.768931,0.000000
102823.771433,0.011268
102823.773935,0.000000
102823.776436,0.009239
102823.778938,0.005600
102823.781440,0.006870
102823.783942,0.000483
102823.786444,0.005510
102823.788945,0.000000
102823.791447,0.000000
102823.793949,0.000000
102823.796451,0.000000
102823.798953,0.000000
102823.801454,0.021823
102823.803956,0.010486
102823.806458,0.003271
102823.808960,0.000000
102823.811461,0.014325
102823.813963,0.000000
102823.816465,0.022621
102823.818967,0.000000
102823.821469,0.000000
102823.823970,0.000000
102823.826472,0.000000
102823.828974,0.000000
102823.831476,0.001483
102823.833978,0.000000
102823.836479,0.000000
102823.838981,0.015430
102823.841483,0.000000
102823.843985,0.008463
102823.846487,0.000448
102823.848988,0.030412
102823.851490,0.014319
102823.853992,0.000000
102823.856494,0.000000
102823.858996,0.021584
102823.861497,0.000000
102823.863999,0.002742
102823.866501,0.000000
102823.869003,0.000000
102823.871505,0.005078
102823.874006,0.002723
102823.876508,0.006570
102823.879010,0.001996
102823.881512,0.005999
102823.884014,0.001341
102823.886515,0.000000
102823.889017,0.000057
102823.891519,0.000000
102823.894021,0.000000
102823.896523,0.000000
102823.899024,0.000000
102823.901526,0.000506
102823.904028,0.013162
102823.906530,0.000000
102823.909032,0.002827
102823.911533,0.001695
102823.914035,0.000000
102823.916537,0.001059
102823.919039,0.014402
102823.921541,0.002679
102823.924042,0.003254
102823.926544,0.000000
102823.929046,0.028279
102823.931548,0.000000
102823.934050,0.000000
102823.936551,0.012355
102823.939053,0.000000
102823.941555,0.000000
102823.944057,0.000000
102823.946558,0.026884
102823.949060,0.005093
102823.951562,0.007896
102823.954064,0.002336
102823.956566,0.003879
102823.959067,0.020089
102823.961569,0.000000
102823.964071,0.000000
102823.966573,0.012468
102823.969075,0.007134
102823.971576,0.001551
102823.974078,0.006762
102823.976580,0.000000
102823.979082,0.000297
102823.981584,0.000000
102823.984085,0.000000
102823.986587,0.017080
102823.989089,0.000000
102823.991591,0.033910
102823.994093,0.012602
102823.996594,0.000000
102823.999096,0.000000
102824.001598,0.000000
102824.004100,0.005629
102824.006602,0.000000
102824.009103,0.000460
102824.011605,0.000000
102824.014107,0.000000
102824.016609,0.000000
102824.019111,0.013197
102824.021612,0.000000
102824.024114,0.006864
102824.026616,0.011455
102824.029118,0.000000
102824.031620,0.000752
102824.034121,0.016711
102824.036623,0.000000
102824.039125,0.000000
102824.041627,0.000000
102824.044129,0.016738
102824.046630,0.018561
102824.049132,0.000000
102824.051634,0.014453
102824.054136,0.011762
102824.056638,0.022315
102824.059139,0.005531
102824.061641,0.000000
102824.064143,0.016449
102824.066645,0.010038
102824.069147,0.032244
102824.071648,0.013770
102824.074150,0.002205
102824.076652,0.000000
102824.079154,0.000000
102824.081655,0.000000
102824.084157,0.000000
102824.086659,0.013301
102824.089161,0.000000
102824.091663,0.014675
102824.094164,0.004849
102824.096666,0.000000
102824.099168,0.001259
102824.101670,0.006781
102824.104172,0.002000
102824.106673,0.002164
102824.109175,0.000000
102824.111677,0.000000
102824.114179,0.032439
102824.116681,0.017645
102824.119182,0.000000
102824.121684,0.000000
102824.124186,0.001094
102824.126688,0.012833
102824.129190,0.000000
102824.131691,0.014732
102824.134193,0.001511
102824.136695,0.002908
102824.139197,0.040635
102824.141699,0.111696
102824.144200,0.333919
102824.146702,0.686374
102824.149204,0.957093
102824.151706,0.984960
102824.154208,0.686714
102824.156709,0.347069
102824.159211,0.118625
102824.161713,0.042339
102824.164215,0.000617
102824.166717,0.004710
102824.169218,0.000000
102824.171720,0.014933
102824.174222,0.004174
102824.176724,0.028475
102824.179226,0.034361
102824.181727,0.010964
102824.184229,0.000983
102824.186731,0.000000
102824.189233,0.012995
102824.191735,0.003020
102824.194236,0.007728
102824.196738,0.024845
102824.199240,0.000000
102824.201742,0.000000
102824.204244,0.000000
102824.206745,0.011795
102824.209247,0.007970
102824.211749,0.000000
102824.214251,0.010866
102824.216752,0.000000
102824.219254,0.000000
102824.221756,0.000000
102824.224258,0.000000
102824.226760,0.012781
102824.229261,0.004113
102824.231763,0.025359
102824.234265,0.000000
102824.236767,0.000000
102824.239269,0.017385
102824.241770,0.000000
102824.244272,0.021459
102824.246774,0.007768
102824.249276,0.000000
102824.251778,0.016914
102824.254279,0.013110
102824.256781,0.013664
102824.259283,0.000000
102824.261785,0.000000
102824.264287,0.000000
102824.266788,0.000000
102824.269290,0.025020
102824.271792,0.000000
102824.274294,0.000000
102824.276796,0.007929
102824.279297,0.008177
102824.281799,0.000000
102824.284301,0.000000
102824.286803,0.000000
102824.289305,0.005750
102824.291806,0.000000
102824.294308,0.000221
102824.296810,0.000000
102824.299312,0.000000
102824.301814,0.016017
102824.304315,0.020244
102824.306817,0.010325
102824.309319,0.000000
102824.311821,0.018089
102824.314323,0.010399
102824.316824,0.000000
102824.319326,0.000000
102824.321828,0.013697
102824.324330,0.000000
102824.326832,0.004972
102824.329333,0.000982
102824.331835,0.022096
102824.334337,0.000000
102824.336839,0.000000
102824.339341,0.022674
102824.341842,0.000000
102824.344344,0.011696
102824.346846,0.000000
102824.349348,0.000000
102824.351849,0.000017
102824.354351,0.009935
102824.356853,0.019444
102824.359355,0.021181
102824.361857,0.000000
102824.364358,0.000000
102824.366860,0.000000
102824.369362,0.000000
102824.371864,0.000000
102824.374366,0.000000
102824.376867,0.010449
102824.379369,0.000000
102824.381871,0.000000
102824.384373,0.000000
102824.386875,0.017051
102824.389376,0.000000
102824.391878,0.003256
102824.394380,0.000000
102824.396882,0.014981
102824.399384,0.008558
102824.401885,0.001741
102824.404387,0.000000
102824.406889,0.000000
102824.409391,0.003549
102824.411893,0.007620
102824.414394,0.000000
102824.416896,0.000000
102824.419398,0.003624
102824.421900,0.004871
102824.424402,0.000000
102824.426903,0.000000
102824.429405,0.000000
102824.431907,0.019782
102824.434409,0.000000
102824.436911,0.007789
102824.439412,0.000000
102824.441914,0.018523
102824.444416,0.000000
102824.446918,0.000880
102824.449420,0.000000
102824.451921,0.000000
102824.454423,0.008565
102824.456925,0.000000
102824.459427,0.000000
102824.461929,0.014525
102824.464430,0.010725
102824.466932,0.000000
102824.469434,0.000000
102824.471936,0.007318
102824.474438,0.019279
102824.476939,0.000000
102824.479441,0.000000
102824.481943,0.000000
102824.484445,0.008210
102824.486946,0.017645
102824.489448,0.000000
102824.491950,0.000000
102824.494452,0.033610
102824.496954,0.000000
102824.499455,0.003632
102824.501957,0.000000
102824.504459,0.007037
102824.506961,0.013790
102824.509463,0.004306
102824.511964,0.025004
102824.514466,0.000000
102824.516968,0.000000
102824.519470,0.003324
102824.521972,0.006678
102824.524473,0.003274
102824.526975,0.000000
102824.529477,0.004489
102824.531979,0.000000
102824.534481,0.000000
102824.536982,0.000467
102824.539484,0.000000
102824.541986,0.000000
102824.544488,0.000000
102824.546990,0.025096
102824.549491,0.007982
102824.551993,0.000000
102824.554495,0.000000
102824.556997,0.000000
102824.559499,0.000000
102824.562000,0.010282
102824.564502,0.013533
102824.567004,0.009225
102824.569506,0.002275
102824.572008,0.018728
102824.574509,0.000000
102824.577011,0.015587
102824.579513,0.000000
102824.582015,0.000000
102824.584517,0.000000
102824.587018,0.000000
102824.589520,0.009466
102824.592022,0.000000
102824.594524,0.000000
102824.597026,0.010251
102824.599527,0.004711
102824.602029,0.013826
102824.604531,0.007363
102824.607033,0.000000
102824.609535,0.001093
102824.612036,0.001797
102824.614538,0.000000
102824.617040,0.000000
102824.619542,0.000000
102824.622043,0.029252
102824.624545,0.000000
102824.627047,0.017708
102824.629549,0.000000
102824.632051,0.012767
102824.634552,0.012963
102824.637054,0.013682
102824.639556,0.005570
102824.642058,0.019783
102824.644560,0.005434
102824.647061,0.024612
102824.649563,0.000000
102824.652065,0.005002
102824.654567,0.004069
102824.657069,0.000000
102824.659570,0.008325
102824.662072,0.000000
102824.664574,0.000000
102824.667076,0.000000
102824.669578,0.022387
102824.672079,0.000000
102824.674581,0.031123
102824.677083,0.011533
102824.679585,0.006436
102824.682087,0.000000
102824.684588,0.000000
102824.687090,0.007512
102824.689592,0.000000
102824.692094,0.000000
102824.694596,0.000000
102824.697097,0.000000
102824.699599,0.026155
102824.702101,0.031790
102824.704603,0.002944
102824.707105,0.002139
102824.709606,0.000000
102824.712108,0.000000
102824.714610,0.019752
102824.717112,0.026910
102824.719614,0.000000
102824.722115,0.000000
102824.724617,0.000000
102824.727119,0.000000
102824.729621,0.017033
102824.732123,0.000000
102824.734624,0.006700
102824.737126,0.010460
102824.739628,0.000000
102824.742130,0.012827
102824.744632,0.002121
102824.747133,0.017482
102824.749635,0.000000
102824.752137,0.000000
102824.754639,0.000000
102824.757140,0.000000
102824.759642,0.000000
102824.762144,0.000000
102824.764646,0.013619
102824.767148,0.000000
102824.769649,0.000000
102824.772151,0.011742
102824.774653,0.000000
102824.777155,0.000000
102824.779657,0.000000
102824.782158,0.000000
102824.784660,0.000000
102824.787162,0.008236
102824.789664,0.012582
102824.792166,0.011331
102824.794667,0.015926
102824.797169,0.017827
102824.799671,0.000000
102824.802173,0.006469
102824.804675,0.000000
102824.807176,0.000000
102824.809678,0.008049
102824.812180,0.000000
102824.814682,0.000000
102824.817184,0.009100
102824.819685,0.007006
102824.822187,0.001964
102824.824689,0.000000
102824.827191,0.010684
102824.829693,0.009775
102824.832194,0.001279
102824.834696,0.000000
102824.837198,0.000000
102824.839700,0.037508
102824.842202,0.118190
102824.844703,0.267929
102824.847205,0.526307
102824.849707,0.725607
102824.852209,0.710687
102824.854711,0.476604
102824.857212,0.193612
102824.859714,0.097740
102824.862216,0.045304
102824.864718,0.000000
102824.867220,0.000000
102824.869721,0.000000
102824.872223,0.000000
102824.874725,0.014299
102824.877227,0.000785
102824.879729,0.000000
102824.882230,0.000000
102824.884732,0.012433
102824.887234,0.008611
102824.889736,0.015233
102824.892237,0.000000
102824.894739,0.026406
102824.897241,0.000000
102824.899743,0.010192
102824.902245,0.000000
102824.904746,0.000000
102824.907248,0.022421
102824.909750,0.011941
102824.912252,0.000000
102824.914754,0.000000
102824.917255,0.001445
102824.919757,0.007385
102824.922259,0.017977
102824.924761,0.000000
102824.927263,0.000000
102824.929764,0.002255
102824.932266,0.000000
102824.934768,0.000000
102824.937270,0.004275
102824.939772,0.000000
102824.942273,0.004402
102824.944775,0.000000
102824.947277,0.006991
102824.949779,0.000000
102824.952281,0.000000
102824.954782,0.000000
102824.957284,0.025018
102824.959786,0.011273
102824.962288,0.015472
102824.964790,0.020354
102824.967291,0.051748
102824.969793,0.000597
102824.972295,0.020401
102824.974797,0.014545
102824.977299,0.014306
102824.979800,0.025484
102824.982302,0.000000
102824.984804,0.000000
102824.987306,0.004593
102824.989808,0.000000
102824.992309,0.004575
102824.994811,0.022446
102824.997313,0.000000
102824.999815,0.000000
102825.002317,0.002504
102825.004818,0.000000
102825.007320,0.000000
102825.009822,0.000000
102825.012324,0.009873
102825.014826,0.020648
102825.017327,0.000000
102825.019829,0.000000
102825.022331,0.000434
102825.024833,0.000000
102825.027334,0.000000
102825.029836,0.000000
102825.032338,0.019664
102825.034840,0.000000
102825.037342,0.023740
102825.039843,0.015994
102825.042345,0.000000
102825.044847,0.000000
102825.047349,0.000000
102825.049851,0.000000
102825.052352,0.004972
102825.054854,0.000000
102825.057356,0.010721
102825.059858,0.003811
102825.062360,0.000000
102825.064861,0.000000
102825.067363,0.000000
102825.069865,0.000000
102825.072367,0.000839
102825.074869,0.001227
102825.077370,0.003759
102825.079872,0.025369
102825.082374,0.000000
102825.084876,0.014429
102825.087378,0.003298
102825.089879,0.000000
102825.092381,0.000000
102825.094883,0.000000
102825.097385,0.004018
102825.099887,0.000000
102825.102388,0.000000
102825.104890,0.009398
102825.107392,0.012900
102825.109894,0.010710
102825.112396,0.002226
102825.114897,0.011020
102825.117399,0.010247
102825.119901,0.011313
102825.122403,0.000000
102825.124905,0.000000
102825.127406,0.000000
102825.129908,0.000000
102825.132410,0.000000
102825.134912,0.000000
102825.137414,0.024729
102825.139915,0.000000
102825.142417,0.002481
102825.144919,0.017876
102825.147421,0.000000
102825.149923,0.000000
102825.152424,0.000000
102825.154926,0.000000
102825.157428,0.000000
102825.159930,0.020785
102825.162431,0.009673
102825.164933,0.013760
102825.167435,0.000677
102825.169937,0.000000
102825.172439,0.000000
102825.174940,0.000000
102825.177442,0.005167
102825.179944,0.000456
102825.182446,0.000000
102825.184948,0.000000
102825.187449,0.028895
102825.189951,0.000000
102825.192453,0.013326
102825.194955,0.000027
102825.197457,0.000000
102825.199958,0.016900
102825.202460,0.021007
102825.204962,0.000000
102825.207464,0.011479
102825.209966,0.005227
102825.212467,0.000107
102825.214969,0.002934
102825.217471,0.000000
102825.219973,0.000000
102825.222475,0.000000
102825.224976,0.012947
102825.227478,0.000000
102825.229980,0.000000
102825.232482,0.000000
102825.234984,0.000000
102825.237485,0.000000
102825.239987,0.000541
102825.242489,0.000000
102825.244991,0.028441
102825.247493,0.008257
102825.249994,0.007619
102825.252496,0.000000
102825.254998,0.000000
102825.257500,0.000000
102825.260002,0.000000
102825.262503,0.000000
102825.265005,0.000000
102825.267507,0.000000
102825.270009,0.012555
102825.272511,0.000000
102825.275012,0.000000
102825.277514,0.000000
102825.280016,0.016767
102825.282518,0.000060
102825.285020,0.007761
102825.287521,0.000000
102825.290023,0.000000
102825.292525,0.005084
102825.295027,0.027184
102825.297528,0.020536
102825.300030,0.008371
102825.302532,0.002175
102825.305034,0.020124
102825.307536,0.011414
102825.310037,0.000000
102825.312539,0.000000
102825.315041,0.004857
102825.317543,0.000000
102825.320045,0.000000
102825.322546,0.000000
102825.325048,0.000000
102825.327550,0.000000
102825.330052,0.000000
102825.332554,0.011854
102825.335055,0.000000
102825.337557,0.000000
102825.340059,0.000000
102825.342561,0.014713
102825.345063,0.000000
102825.347564,0.000000
102825.350066,0.003061
102825.352568,0.000000
102825.355070,0.000000
102825.357572,0.003712
102825.360073,0.000000
102825.362575,0.033202
102825.365077,0.000000
102825.367579,0.008874
102825.370081,0.000000
102825.372582,0.000000
102825.375084,0.000000
102825.377586,0.000000
102825.380088,0.005968
102825.382590,0.014874
102825.385091,0.004950
102825.387593,0.000000
102825.390095,0.000000
102825.392597,0.015995
102825.395099,0.029750
102825.397600,0.001940
102825.400102,0.013492
102825.402604,0.004932
102825.405106,0.010851
102825.407608,0.000000
102825.410109,0.000000
102825.412611,0.005680
102825.415113,0.017415
102825.417615,0.000000
102825.420117,0.000000
102825.422618,0.000000
102825.425120,0.014509
102825.427622,0.000000
102825.430124,0.000000
102825.432625,0.002239
102825.435127,0.000000
102825.437629,0.008538
102825.440131,0.000000
102825.442633,0.000000
102825.445134,0.017167
102825.447636,0.000000
102825.450138,0.021213
102825.452640,0.000000
102825.455142,0.012200
102825.457643,0.000000
102825.460145,0.000000
102825.462647,0.000000
102825.465149,0.007827
102825.467651,0.000000
102825.470152,0.016065
102825.472654,0.020622
102825.475156,0.000000
102825.477658,0.000000
102825.480160,0.000000
102825.482661,0.000000
102825.485163,0.015860
102825.487665,0.008049
102825.490167,0.000000
102825.492669,0.000000
102825.495170,0.020170
102825.497672,0.027405
102825.500174,0.003726
102825.502676,0.000000
102825.505178,0.004270
102825.507679,0.013426
102825.510181,0.003226
102825.512683,0.010435
102825.515185,0.005129
102825.517687,0.000000
102825.520188,0.000000
102825.522690,0.000000
102825.525192,0.015303
102825.527694,0.000000
102825.530196,0.006548
102825.532697,0.004362
102825.535199,0.022783
102825.537701,0.000000
102825.540203,0.000000
102825.542705,0.009291
102825.545206,0.030709
102825.547708,0.010232
102825.550210,0.000000
102825.552712,0.000000
102825.555214,0.000000
102825.557715,0.028774
102825.560217,0.000000
102825.562719,0.000000
102825.565221,0.000000
102825.567722,0.000000
102825.570224,0.022516
102825.572726,0.000000
102825.575228,0.016958
102825.577730,0.001754
102825.580231,0.017337
102825.582733,0.022731
102825.585235,0.001218
102825.587737,0.000000
102825.590239,0.000951
102825.592740,0.000000
102825.595242,0.000000
102825.597744,0.022299
102825.600246,0.003530
102825.602748,0.000000
102825.605249,0.000000
102825.607751,0.000000
102825.610253,0.011067
102825.612755,0.000000
102825.615257,0.000000
102825.617758,0.007011
102825.620260,0.000000
102825.622762,0.007850
102825.625264,0.001368
102825.627766,0.000000
102825.630267,0.000000
102825.632769,0.000000
102825.635271,0.008654
102825.637773,0.000000
102825.640275,0.017313
102825.642776,0.033702
102825.645278,0.009428
102825.647780,0.021442
102825.650282,0.010352
102825.652784,0.000000
102825.655285,0.002875
102825.657787,0.028918
102825.660289,0.000000
102825.662791,0.000000
102825.665293,0.000000
102825.667794,0.000000
102825.670296,0.000000
102825.672798,0.024044
102825.675300,0.003108
102825.677802,0.013957
102825.680303,0.000000
102825.682805,0.000000
102825.685307,0.000000
102825.687809,0.000000
102825.690310,0.004992
102825.692812,0.007467
102825.695314,0.008664
102825.697816,0.000000
102825.700318,0.000000
102825.702819,0.000000
102825.705321,0.005766
102825.707823,0.006881
102825.710325,0.000000
102825.712827,0.013904
102825.715328,0.033593
102825.717830,0.011991
102825.720332,0.000000
102825.722834,0.000000
102825.725336,0.000000
102825.727837,0.000000
102825.730339,0.003625
102825.732841,0.000000
102825.735343,0.000000
102825.737845,0.003154
102825.740346,0.000305
102825.742848,0.000000
102825.745350,0.000000
102825.747852,0.004162
102825.750354,0.000000
102825.752855,0.000000
102825.755357,0.025351
102825.757859,0.009353
102825.760361,0.000000
102825.762863,0.000000
102825.765364,0.002181
102825.767866,0.000000
102825.770368,0.000000
102825.772870,0.007647
102825.775372,0.004610
102825.777873,0.006472
102825.780375,0.003778
102825.782877,0.000000
102825.785379,0.000000
102825.787881,0.007413
102825.790382,0.021974
102825.792884,0.000000
102825.795386,0.000000
102825.797888,0.000000
102825.800390,0.000000
102825.802891,0.002910
102825.805393,0.000000
102825.807895,0.006308
102825.810397,0.009249
102825.812899,0.000000
102825.815400,0.000000
102825.817902,0.001144
102825.820404,0.000000
102825.822906,0.007464
102825.825407,0.000000
102825.827909,0.018166
102825.830411,0.000000
102825.832913,0.000000
102825.835415,0.000000
102825.837916,0.010564
102825.840418,0.000425
102825.842920,0.009102
102825.845422,0.008806
102825.847924,0.000000
102825.850425,0.000000
102825.852927,0.000000
102825.855429,0.000000
102825.857931,0.000000
102825.860433,0.014351
102825.862934,0.017214
102825.865436,0.000000
102825.867938,0.000000
102825.870440,0.000000
102825.872942,0.001281
102825.875443,0.002909
102825.877945,0.011584
102825.880447,0.011468
102825.882949,0.000000
102825.885451,0.000000
102825.887952,0.019880
102825.890454,0.000000
102825.892956,0.016363
102825.895458,0.000000
102825.897960,0.002512
102825.900461,0.000000
102825.902963,0.000000
102825.905465,0.010420
102825.907967,0.012666
102825.910469,0.000380
102825.912970,0.000000
102825.915472,0.000629
102825.917974,0.018058
102825.920476,0.025033
102825.922978,0.000000
102825.925479,0.000000
102825.927981,0.012070
102825.930483,0.000000
102825.932985,0.013545
102825.935487,0.004037
102825.937988,0.000000
102825.940490,0.000837
102825.942992,0.018792
102825.945494,0.000000
102825.947996,0.000000
102825.950497,0.000000
102825.952999,0.000000
102825.955501,0.000000
102825.958003,0.011778
102825.960504,0.000000
102825.963006,0.022317
102825.965508,0.000000
102825.968010,0.033487
102825.970512,0.024784
102825.973013,0.002028
102825.975515,0.000000
102825.978017,0.000000
102825.980519,0.000000
102825.983021,0.000000
102825.985522,0.004180
102825.988024,0.000000
102825.990526,0.000000
102825.993028,0.000000
102825.995530,0.000000
102825.998031,0.029849
102826.000533,0.000000
102826.003035,0.006332
102826.005537,0.002090
102826.008039,0.005067
102826.010540,0.006163
102826.013042,0.012659
102826.015544,0.003827
102826.018046,0.003230
102826.020548,0.000840
102826.023049,0.000000
102826.025551,0.000000
102826.028053,0.000000
102826.030555,0.003465
102826.033057,0.005776
102826.035558,0.002589
102826.038060,0.000000
102826.040562,0.000000
102826.043064,0.000000
102826.045566,0.004499
102826.048067,0.000000
102826.050569,0.002593
102826.053071,0.014375
102826.055573,0.000000
102826.058075,0.008570
102826.060576,0.000477
102826.063078,0.029031
102826.065580,0.000000
102826.068082,0.009985
102826.070584,0.000221
102826.073085,0.000000
102826.075587,0.000000
102826.078089,0.012646
102826.080591,0.000000
102826.083093,0.000000
102826.085594,0.000000
102826.088096,0.000000
102826.090598,0.001893
102826.093100,0.022279
102826.095601,0.011052
102826.098103,0.022071
102826.100605,0.000000
102826.103107,0.000000
102826.105609,0.000000
102826.108110,0.000000
102826.110612,0.000000
102826.113114,0.000000
102826.115616,0.019618
102826.118118,0.000000
102826.120619,0.019680
102826.123121,0.017897
102826.125623,0.007179
102826.128125,0.000000
102826.130627,0.000000
102826.133128,0.000000
102826.135630,0.008979
102826.138132,0.000044
102826.140634,0.000000
102826.143136,0.016492
102826.145637,0.024193
102826.148139,0.000000
102826.150641,0.001570
102826.153143,0.000000
102826.155645,0.000000
102826.158146,0.007332
102826.160648,0.005097
102826.163150,0.000000
102826.165652,0.000000
102826.168154,0.000000
102826.170655,0.000000
102826.173157,0.006079
102826.175659,0.000000
102826.178161,0.000000
102826.180663,0.005027
102826.183164,0.000000
102826.185666,0.000000
102826.188168,0.000000
102826.190670,0.000000
102826.193172,0.000085
102826.195673,0.001853
102826.198175,0.000000
102826.200677,0.009377
102826.203179,0.000000
102826.205681,0.027763
102826.208182,0.000000
102826.210684,0.000000
102826.213186,0.000000
102826.215688,0.005935
102826.218190,0.000000
102826.220691,0.000000
102826.223193,0.008493
102826.225695,0.000000
102826.228197,0.019678
102826.230698,0.000000
102826.233200,0.000000
102826.235702,0.008765
102826.238204,0.023090
102826.240706,0.005981
102826.243207,0.018104
102826.245709,0.024082
102826.248211,0.000000
102826.250713,0.013478
102826.253215,0.000000
102826.255716,0.006103
102826.258218,0.000000
102826.260720,0.017853
102826.263222,0.016837
102826.265724,0.008184
102826.268225,0.004286
102826.270727,0.007302
102826.273229,0.000887
102826.275731,0.000000
102826.278233,0.020720
102826.280734,0.022448
102826.283236,0.000000
102826.285738,0.003413
102826.288240,0.001173
102826.290742,0.000000
102826.293243,0.000000
102826.295745,0.022977
102826.298247,0.000000
102826.300749,0.030372
102826.303251,0.016835
102826.305752,0.005767
102826.308254,0.008055
102826.310756,0.000000
102826.313258,0.000000
102826.315760,0.020703
102826.318261,0.000000
102826.320763,0.015241
102826.323265,0.000000
102826.325767,0.000000
102826.328269,0.027310
102826.330770,0.000000
102826.333272,0.000000
102826.335774,0.019573
102826.338276,0.017894
102826.340778,0.013225
102826.343279,0.000000
102826.345781,0.000000
102826.348283,0.004476
102826.350785,0.009974
102826.353287,0.000000
102826.355788,0.002452
102826.358290,0.003841
102826.360792,0.018482
102826.363294,0.010837
102826.365795,0.000000
102826.368297,0.000000
102826.370799,0.000000
102826.373301,0.008160
102826.375803,0.013259
102826.378304,0.001459
102826.380806,0.000000
102826.383308,0.000993
102826.385810,0.003001
102826.388312,0.000000
102826.390813,0.000000
102826.393315,0.000000
102826.395817,0.018201
102826.398319,0.007129
102826.400821,0.005207
102826.403322,0.018172
102826.405824,0.000000
102826.408326,0.000000
102826.410828,0.005519
102826.413330,0.004212
102826.415831,0.000000
102826.418333,0.005164
102826.420835,0.000000
102826.423337,0.000000
102826.425839,0.000000
102826.428340,0.000000
102826.430842,0.000000
102826.433344,0.000000
102826.435846,0.008002
102826.438348,0.000000
102826.440849,0.009176
102826.443351,0.000000
102826.445853,0.000000
102826.448355,0.007986
102826.450857,0.000000
102826.453358,0.012143
102826.455860,0.000000
102826.458362,0.010501
102826.460864,0.000000
102826.463366,0.000000
102826.465867,0.014235
102826.468369,0.016689
102826.470871,0.014862
102826.473373,0.029281
102826.475875,0.018195
102826.478376,0.000000
102826.480878,0.002034
102826.483380,0.000000
102826.485882,0.029144
102826.488384,0.015869
102826.490885,0.000000
102826.493387,0.012610
102826.495889,0.000000
102826.498391,0.003595
102826.500892,0.000000
102826.503394,0.000000
102826.505896,0.011268
102826.508398,0.013050
102826.510900,0.006567
102826.513401,0.000000
102826.515903,0.000000
102826.518405,0.000000
102826.520907,0.000000
102826.523409,0.000000
102826.525910,0.015457
102826.528412,0.015231
102826.530914,0.000000
102826.533416,0.000000
102826.535918,0.000000
102826.538419,0.000000
102826.540921,0.008131
102826.543423,0.000000
102826.545925,0.000000
102826.548427,0.019331
102826.550928,0.001268
102826.553430,0.000000
102826.555932,0.008217
102826.558434,0.015209
102826.560936,0.004258
102826.563437,0.009899
102826.565939,0.000000
102826.568441,0.000000
102826.570943,0.001623
102826.573445,0.000000
102826.575946,0.000000
102826.578448,0.019791
102826.580950,0.028841
102826.583452,0.022869
102826.585954,0.000000
102826.588455,0.000000
102826.590957,0.000000
102826.593459,0.001930
102826.595961,0.000000
102826.598463,0.000000
102826.600964,0.020210
102826.603466,0.014111
102826.605968,0.000000
102826.608470,0.000000
102826.610972,0.008147
102826.613473,0.013433
102826.615975,0.000000
102826.618477,0.000000
102826.620979,0.000000
102826.623481,0.000000
102826.625982,0.000000
102826.628484,0.000000
102826.630986,0.000000
102826.633488,0.009280
102826.635989,0.006942
102826.638491,0.009993
102826.640993,0.000000
102826.643495,0.000000
102826.645997,0.006712
102826.648498,0.000000
102826.651000,0.000000
102826.653502,0.000000
102826.656004,0.000000
102826.658506,0.022655
102826.661007,0.000000
102826.663509,0.000000
102826.666011,0.009364
102826.668513,0.002482
102826.671015,0.000000
102826.673516,0.009513
102826.676018,0.030572
102826.678520,0.000000
102826.681022,0.000000
102826.683524,0.000000
102826.686025,0.000000
102826.688527,0.014225
102826.691029,0.001515
102826.693531,0.019993
102826.696033,0.011929
102826.698534,0.024448
102826.701036,0.016664
102826.703538,0.000000
102826.706040,0.000958
102826.708542,0.000000
102826.711043,0.000000
102826.713545,0.000888
102826.716047,0.000000
102826.718549,0.019279
102826.721051,0.000000
102826.723552,0.000000
102826.726054,0.000000
102826.728556,0.009409
102826.731058,0.000000
102826.733560,0.000000
102826.736061,0.019067
102826.738563,0.004203
102826.741065,0.000000
102826.743567,0.000000
102826.746069,0.000000
102826.748570,0.000000
102826.751072,0.000000
102826.753574,0.003896
102826.756076,0.013618
102826.758578,0.001329
102826.761079,0.019430
102826.763581,0.023056
102826.766083,0.011423
102826.768585,0.017595
102826.771086,0.000000
102826.773588,0.000000
102826.776090,0.007440
102826.778592,0.000000
102826.781094,0.000000
102826.783595,0.011077
102826.786097,0.020300
102826.788599,0.000000
102826.791101,0.000000
102826.793603,0.004603
102826.796104,0.000000
102826.798606,0.000000
102826.801108,0.000000
102826.803610,0.000000
102826.806112,0.001271
102826.808613,0.000000
102826.811115,0.000000
102826.813617,0.000000
102826.816119,0.000000
102826.818621,0.004910
102826.821122,0.012850
102826.823624,0.011438
102826.826126,0.000000
102826.828628,0.000000
102826.831130,0.010691
102826.833631,0.009177
102826.836133,0.003123
102826.838635,0.025054
102826.841137,0.000000
102826.843639,0.000000
102826.846140,0.000000
102826.848642,0.000000
102826.851144,0.009499
102826.853646,0.000000
102826.856148,0.007324
102826.858649,0.026455
102826.861151,0.000000
102826.863653,0.000000
102826.866155,0.006910
102826.868657,0.002397
102826.871158,0.000000
102826.873660,0.005706
102826.876162,0.011291
102826.878664,0.000000
102826.881166,0.000000
102826.883667,0.021211
102826.886169,0.000000
102826.888671,0.000958
102826.891173,0.000000
102826.893675,0.000000
102826.896176,0.002262
102826.898678,0.017638
102826.901180,0.000000
102826.901180,0.001071
102956.494009,0.000000
103086.086838,0.013689
103215.679667,0.000000
103345.272497,0.006177
103474.865326,0.000000
103604.458155,0.003204
103734.050984,0.000990
103863.643813,0.000000
103993.236643,0.006863
104122.829472,0.000627
104252.422301,0.000000
104382.015130,0.000000
104511.607959,0.001115
104641.200788,0.003189
104770.793618,0.000000
104900.386447,0.000000
105029.979276,0.000000
105159.572105,0.000000
105289.164934,0.000000
105289.164934,0.011071
105289.167436,0.009662
105289.169938,0.000000
105289.172440,0.000000
105289.174941,0.009171
105289.177443,0.000000
105289.179945,0.000000
105289.182447,0.000000
105289.184949,0.012270
105289.187450,0.012966
105289.189952,0.000000
105289.192454,0.011004
105289.194956,0.000000
105289.197458,0.019068
105289.199959,0.000000
105289.202461,0.002036
105289.204963,0.000000
105289.207465,0.020047
105289.209967,0.000000
105289.212468,0.021178
105289.214970,0.005692
105289.217472,0.008943
105289.219974,0.000000
105289.222476,0.000000
105289.224977,0.013365
105289.227479,0.004473
105289.229981,0.019557
105289.232483,0.000000
105289.234985,0.000000
105289.237486,0.019937
105289.239988,0.027461
105289.242490,0.000134
105289.244992,0.000000
105289.247494,0.011642
105289.249995,0.000000
105289.252497,0.008607
105289.254999,0.000000
105289.257501,0.022464
105289.260003,0.000000
105289.262504,0.006902
105289.265006,0.000000
105289.267508,0.000000
105289.270010,0.000000
105289.272512,0.010609
105289.275013,0.013191
105289.277515,0.008011
105289.280017,0.000000
105289.282519,0.002013
105289.285021,0.012894
105289.287522,0.013348
105289.290024,0.000000
105289.292526,0.000000
105289.295028,0.000000
105289.297529,0.009613
105289.300031,0.000000
105289.302533,0.010330
105289.305035,0.000000
105289.307537,0.003735
105289.310038,0.012930
105289.312540,0.000000
105289.315042,0.036104
105289.317544,0.017105
105289.320046,0.000019
105289.322547,0.000000
105289.325049,0.000000
105289.327551,0.001204
105289.330053,0.006329
105289.332555,0.021554
105289.335056,0.000000
105289.337558,0.008082
105289.340060,0.000000
105289.342562,0.000000
105289.345064,0.005411
105289.347565,0.009929
105289.350067,0.000000
105289.352569,0.000000
105289.355071,0.020978
105289.357573,0.016689
105289.360074,0.002994
105289.362576,0.000000
105289.365078,0.036068
105289.367580,0.000000
105289.370082,0.000000
105289.372583,0.000000
105289.375085,0.005406
105289.377587,0.005553
105289.380089,0.013654
105289.382591,0.000000
105289.385092,0.000000
105289.387594,0.029165
105289.390096,0.003226
105289.392598,0.000000
105289.395100,0.000000
105289.397601,0.007267
105289.400103,0.014809
105289.402605,0.012562
105289.405107,0.000000
105289.407609,0.005189
105289.410110,0.024010
105289.412612,0.015381
105289.415114,0.000000
105289.417616,0.000000
105289.420118,0.004263
105289.422619,0.011470
105289.425121,0.000000
105289.427623,0.000000
105289.430125,0.000000
105289.432626,0.001498
105289.435128,0.000000
105289.437630,0.018536
105289.440132,0.002125
105289.442634,0.000000
105289.445135,0.013178
105289.447637,0.000000
105289.450139,0.018449
105289.452641,0.014235
105289.455143,0.019962
105289.457644,0.000000
105289.460146,0.000000
105289.462648,0.001207
105289.465150,0.000000
105289.467652,0.000000
105289.470153,0.000000
105289.472655,0.000000
105289.475157,0.000000
105289.477659,0.009738
105289.480161,0.000000
105289.482662,0.000000
105289.485164,0.000000
105289.487666,0.000000
105289.490168,0.027806
105289.492670,0.000000
105289.495171,0.008769
105289.497673,0.002336
105289.500175,0.000000
105289.502677,0.025745
105289.505179,0.009826
105289.507680,0.000000
105289.510182,0.000000
105289.512684,0.000000
105289.515186,0.026230
105289.517688,0.000000
105289.520189,0.000000
105289.522691,0.000000
105289.525193,0.001155
105289.527695,0.019682
105289.530197,0.025701
105289.532698,0.000000
105289.535200,0.005433
105289.537702,0.001176
105289.540204,0.000000
105289.542706,0.034796
105289.545207,0.019574
105289.547709,0.002716
105289.550211,0.022721
105289.552713,0.017410
105289.555215,0.001176
105289.557716,0.004682
105289.560218,0.021719
105289.562720,0.000000
105289.565222,0.024039
105289.567723,0.000000
105289.570225,0.021899
105289.572727,0.000000
105289.575229,0.004849
105289.577731,0.000000
105289.580232,0.000000
105289.582734,0.000000
105289.585236,0.019808
105289.587738,0.000000
105289.590240,0.000000
105289.592741,0.000000
105289.595243,0.000000
105289.597745,0.021688
105289.600247,0.018064
105289.602749,0.008503
105289.605250,0.000000
105289.607752,0.019176
105289.610254,0.000000
105289.612756,0.030766
105289.615258,0.000000
105289.617759,0.000000
105289.620261,0.000000
105289.622763,0.000000
105289.625265,0.027651
105289.627767,0.011331
105289.630268,0.017458
105289.632770,0.000000
105289.635272,0.002599
105289.637774,0.007484
105289.640276,0.003889
105289.642777,0.000000
105289.645279,0.015448
105289.647781,0.001746
105289.650283,0.000000
105289.652785,0.000000
105289.655286,0.008714
105289.657788,0.035196
105289.660290,0.000000
105289.662792,0.002448
105289.665294,0.015950
105289.667795,0.000000
105289.670297,0.000000
105289.672799,0.000000
105289.675301,0.014143
105289.677803,0.019039
105289.680304,0.002284
105289.682806,0.000000
105289.685308,0.000000
105289.687810,0.000000
105289.690312,0.000000
105289.692813,0.000000
105289.695315,0.008256
105289.697817,0.007042
105289.700319,0.000000
105289.702820,0.000819
105289.705322,0.000000
105289.707824,0.000000
105289.710326,0.002300
105289.712828,0.000000
105289.715329,0.000000
105289.717831,0.005325
105289.720333,0.000000
105289.722835,0.003271
105289.725337,0.012175
105289.727838,0.000000
105289.730340,0.001323
105289.732842,0.000000
105289.735344,0.022012
105289.737846,0.000000
105289.740347,0.000000
105289.742849,0.019223
105289.745351,0.000000
105289.747853,0.000000
105289.750355,0.010242
105289.752856,0.009918
105289.755358,0.000000
105289.757860,0.000000
105289.760362,0.000000
105289.762864,0.000000
105289.765365,0.000000
105289.767867,0.000000
105289.770369,0.025623
105289.772871,0.000000
105289.775373,0.000000
105289.777874,0.000000
105289.780376,0.008793
105289.782878,0.017282
105289.785380,0.016953
105289.787882,0.000000
105289.790383,0.007179
105289.792885,0.020593
105289.795387,0.007320
105289.797889,0.006871
105289.800391,0.000000
105289.802892,0.003161
105289.805394,0.017757
105289.807896,0.004714
105289.810398,0.000000
105289.812900,0.000000
105289.815401,0.017369
105289.817903,0.004664
105289.820405,0.001710
105289.822907,0.000000
105289.825409,0.017072
105289.827910,0.023877
105289.830412,0.018143
105289.832914,0.020720
105289.835416,0.000000
105289.837917,0.000000
105289.840419,0.000000
105289.842921,0.000554
105289.845423,0.020554
105289.847925,0.016746
105289.850426,0.007734
105289.852928,0.000000
105289.855430,0.000000
105289.857932,0.003454
105289.860434,0.012643
105289.862935,0.000000
105289.865437,0.027504
105289.867939,0.000000
105289.870441,0.000000
105289.872943,0.000000
105289.875444,0.000000
105289.877946,0.007559
105289.880448,0.000000
105289.882950,0.000000
105289.885452,0.012806
105289.887953,0.000000
105289.890455,0.000000
105289.892957,0.000000
105289.895459,0.002975
105289.897961,0.002672
105289.900462,0.027526
105289.902964,0.013125
105289.905466,0.020707
105289.907968,0.004145
105289.910470,0.000000
105289.912971,0.001840
105289.915473,0.008509
105289.917975,0.010109
105289.920477,0.000000
105289.922979,0.007021
105289.925480,0.000000
105289.927982,0.000000
105289.930484,0.000000
105289.932986,0.000354
105289.935488,0.000000
105289.937989,0.000000
105289.940491,0.012969
105289.942993,0.000000
105289.945495,0.000000
105289.947997,0.001029
105289.950498,0.003546
105289.953000,0.000000
105289.955502,0.011302
105289.958004,0.008481
105289.960506,0.016372
105289.963007,0.000000
105289.965509,0.000000
105289.968011,0.000000
105289.970513,0.004410
105289.973014,0.000000
105289.975516,0.000000
105289.978018,0.000000
105289.980520,0.000000
105289.983022,0.002859
105289.985523,0.000000
105289.988025,0.004352
105289.990527,0.009717
105289.993029,0.000000
105289.995531,0.027607
105289.998032,0.000253
105290.000534,0.000000
105290.003036,0.000000
105290.005538,0.000900
105290.008040,0.006449
105290.010541,0.000000
105290.013043,0.000000
105290.015545,0.000000
105290.018047,0.000000
105290.020549,0.000000
105290.023050,0.000000
105290.025552,0.000000
105290.028054,0.009472
105290.030556,0.023676
105290.033058,0.010851
105290.035559,0.018756
105290.038061,0.013991
105290.040563,0.011966
105290.043065,0.000000
105290.045567,0.002024
105290.048068,0.000000
105290.050570,0.000000
105290.053072,0.000979
105290.055574,0.010249
105290.058076,0.006080
105290.060577,0.000000
105290.063079,0.000798
105290.065581,0.006226
105290.068083,0.009586
105290.070585,0.000000
105290.073086,0.000000
105290.075588,0.015904
105290.078090,0.000000
105290.080592,0.000000
105290.083094,0.000000
105290.085595,0.000000
105290.088097,0.008014
105290.090599,0.000000
105290.093101,0.000356
105290.095603,0.003535
105290.098104,0.005692
105290.100606,0.003201
105290.103108,0.007410
105290.105610,0.000000
105290.108111,0.000000
105290.110613,0.035290
105290.113115,0.000000
105290.115617,0.000000
105290.118119,0.009736
105290.120620,0.022925
105290.123122,0.000000
105290.125624,0.000000
105290.128126,0.000000
105290.130628,0.022882
105290.133129,0.000000
105290.135631,0.000000
105290.138133,0.000000
105290.140635,0.000000
105290.143137,0.000000
105290.145638,0.000000
105290.148140,0.000000
105290.150642,0.028814
105290.153144,0.006103
105290.155646,0.013379
105290.158147,0.011845
105290.160649,0.000000
105290.163151,0.000000
105290.165653,0.003575
105290.168155,0.002419
105290.170656,0.000000
105290.173158,0.001865
105290.175660,0.000000
105290.178162,0.000000
105290.180664,0.000000
105290.183165,0.000000
105290.185667,0.000000
105290.188169,0.000000
105290.190671,0.025913
105290.193173,0.000000
105290.195674,0.011145
105290.198176,0.000000
105290.200678,0.000000
105290.203180,0.000000
105290.205682,0.000000
105290.208183,0.034787
105290.210685,0.006610
105290.213187,0.024354
105290.215689,0.000000
105290.218191,0.019604
105290.220692,0.029779
105290.223194,0.000000
105290.225696,0.000000
105290.228198,0.000000
105290.230700,0.000000
105290.233201,0.001176
105290.235703,0.029171
105290.238205,0.000000
105290.240707,0.000857
105290.243208,0.000000
105290.245710,0.000000
105290.248212,0.004473
105290.250714,0.007362
105290.253216,0.008460
105290.255717,0.005708
105290.258219,0.008337
105290.260721,0.000657
105290.263223,0.000000
105290.265725,0.000000
105290.268226,0.000000
105290.270728,0.000000
105290.273230,0.018010
105290.275732,0.000000
105290.278234,0.000000
105290.280735,0.005537
105290.283237,0.000000
105290.285739,0.011642
105290.288241,0.028429
105290.290743,0.031467
105290.293244,0.001394
105290.295746,0.004839
105290.298248,0.022677
105290.300750,0.000000
105290.303252,0.009755
105290.305753,0.000000
105290.308255,0.000000
105290.310757,0.016605
105290.313259,0.000000
105290.315761,0.000000
105290.318262,0.000000
105290.320764,0.028809
105290.323266,0.018141
105290.325768,0.002702
105290.328270,0.007289
105290.330771,0.005686
105290.333273,0.019883
105290.335775,0.000000
105290.338277,0.010518
105290.340779,0.015475
105290.343280,0.017456
105290.345782,0.000000
105290.348284,0.000000
105290.350786,0.000000
105290.353288,0.002149
105290.355789,0.000000
105290.358291,0.000000
105290.360793,0.031169
105290.363295,0.008872
105290.365797,0.001738
105290.368298,0.005223
105290.370800,0.002102
105290.373302,0.014325
105290.375804,0.000000
105290.378305,0.002680
105290.380807,0.003266
105290.383309,0.000000
105290.385811,0.018342
105290.388313,0.000000
105290.390814,0.014613
105290.393316,0.001651
105290.395818,0.023463
105290.398320,0.000000
105290.400822,0.000000
105290.403323,0.000000
105290.405825,0.001915
105290.408327,0.022140
105290.410829,0.022882
105290.413331,0.000000
105290.415832,0.003587
105290.418334,0.000000
105290.420836,0.011419
105290.423338,0.016060
105290.425840,0.000000
105290.428341,0.001206
105290.430843,0.001058
105290.433345,0.000000
105290.435847,0.006201
105290.438349,0.000000
105290.440850,0.013362
105290.443352,0.000000
105290.445854,0.000000
105290.448356,0.000000
105290.450858,0.000000
105290.453359,0.018852
105290.455861,0.000000
105290.458363,0.004863
105290.460865,0.025613
105290.463367,0.000000
105290.465868,0.000000
105290.468370,0.000000
105290.470872,0.000423
105290.473374,0.027111
105290.475876,0.022490
105290.478377,0.008918
105290.480879,0.020818
105290.483381,0.000000
105290.485883,0.004297
105290.488385,0.000000
105290.490886,0.000000
105290.493388,0.017291
105290.495890,0.007637
105290.498392,0.000260
105290.500894,0.000000
105290.503395,0.000000
105290.505897,0.000000
105290.508399,0.004828
105290.510901,0.000000
105290.513402,0.000000
105290.515904,0.000000
105290.518406,0.000000
105290.520908,0.000000
105290.523410,0.000000
105290.525911,0.000000
105290.528413,0.008885
105290.530915,0.000000
105290.533417,0.000000
105290.535919,0.004038
105290.538420,0.000000
105290.540922,0.020426
105290.543424,0.000000
105290.545926,0.000000
105290.548428,0.000000
105290.550929,0.000000
105290.553431,0.014489
105290.555933,0.000000
105290.558435,0.000000
105290.560937,0.008584
105290.563438,0.020983
105290.565940,0.000000
105290.568442,0.000000
105290.570944,0.019856
105290.573446,0.006660
105290.575947,0.009640
105290.578449,0.000000
105290.580951,0.000000
105290.583453,0.000000
105290.585955,0.000000
105290.588456,0.000000
105290.590958,0.000000
105290.593460,0.019452
105290.595962,0.000850
105290.598464,0.019739
105290.600965,0.002571
105290.603467,0.000000
105290.605969,0.018351
105290.608471,0.003050
105290.610973,0.013815
105290.613474,0.000000
105290.615976,0.014920
105290.618478,0.015353
105290.620980,0.004162
105290.623482,0.000000
105290.625983,0.000000
105290.628485,0.008780
105290.630987,0.003369
105290.633489,0.008633
105290.635991,0.014539
105290.638492,0.000000
105290.640994,0.000000
105290.643496,0.000000
105290.645998,0.000000
105290.648499,0.011287
105290.651001,0.000000
105290.653503,0.014656
105290.656005,0.019442
105290.658507,0.000004
105290.661008,0.000872
105290.663510,0.000000
105290.666012,0.000000
105290.668514,0.000000
105290.671016,0.020725
105290.673517,0.000000
105290.676019,0.000000
105290.678521,0.003668
105290.681023,0.011868
105290.683525,0.000000
105290.686026,0.021103
105290.688528,0.011167
105290.691030,0.000000
105290.693532,0.000000
105290.696034,0.003249
105290.698535,0.000000
105290.701037,0.004831
105290.703539,0.000000
105290.706041,0.014700
105290.708543,0.013031
105290.711044,0.007250
105290.713546,0.000000
105290.716048,0.002445
105290.718550,0.000000
105290.721052,0.000000
105290.723553,0.000000
105290.726055,0.010029
105290.728557,0.000629
105290.731059,0.020837
105290.733561,0.010999
105290.736062,0.009461
105290.738564,0.000000
105290.741066,0.000000
105290.743568,0.000000
105290.746070,0.000000
105290.748571,0.000000
105290.751073,0.000000
105290.753575,0.015242
105290.756077,0.006826
105290.758579,0.014465
105290.761080,0.000000
105290.763582,0.000833
105290.766084,0.013885
105290.768586,0.021635
105290.771088,0.000000
105290.773589,0.000000
105290.776091,0.014855
105290.778593,0.000000
105290.781095,0.000000
105290.783596,0.000000
105290.786098,0.000000
105290.788600,0.000000
105290.791102,0.000840
105290.793604,0.012874
105290.796105,0.000000
105290.798607,0.003702
105290.801109,0.012141
105290.803611,0.000000
105290.806113,0.000000
105290.808614,0.005547
105290.811116,0.000000
105290.813618,0.000000
105290.816120,0.000000
105290.818622,0.001247
105290.821123,0.007323
105290.823625,0.034337
105290.826127,0.001613
105290.828629,0.021705
105290.831131,0.005138
105290.833632,0.000000
105290.836134,0.002134
105290.838636,0.000000
105290.841138,0.004393
105290.843640,0.000000
105290.846141,0.000000
105290.848643,0.001578
105290.851145,0.017149
105290.853647,0.020548
105290.856149,0.000000
105290.858650,0.002237
105290.861152,0.014139
105290.863654,0.000000
105290.866156,0.005813
105290.868658,0.000000
105290.871159,0.000000
105290.873661,0.000000
105290.876163,0.006253
105290.878665,0.007904
105290.881167,0.012799
105290.883668,0.005001
105290.886170,0.002465
105290.888672,0.026630
105290.891174,0.000000
105290.893676,0.024354
105290.896177,0.000000
105290.898679,0.008200
105290.901181,0.000000
105290.903683,0.000000
105290.906184,0.006960
105290.908686,0.014968
105290.911188,0.006794
105290.913690,0.000000
105290.916192,0.051870
105290.918693,0.017215
105290.921195,0.013406
105290.923697,0.000000
105290.926199,0.000000
105290.928701,0.000000
105290.931202,0.015532
105290.933704,0.000000
105290.936206,0.000000
105290.938708,0.007750
105290.941210,0.004585
105290.943711,0.000000
105290.946213,0.000000
105290.948715,0.020653
105290.951217,0.005128
105290.953719,0.000000
105290.956220,0.000000
105290.958722,0.000000
105290.961224,0.010526
105290.963726,0.008546
105290.966228,0.016254
105290.968729,0.000000
105290.971231,0.003215
105290.973733,0.020481
105290.976235,0.019143
105290.978737,0.005155
105290.981238,0.033725
105290.983740,0.008751
105290.986242,0.014977
105290.988744,0.000638
105290.991246,0.000000
105290.993747,0.000000
105290.996249,0.002609
105290.998751,0.000000
105291.001253,0.000000
105291.003755,0.000000
105291.006256,0.000000
105291.008758,0.010446
105291.011260,0.000000
105291.013762,0.000000
105291.016264,0.000000
105291.018765,0.000333
105291.021267,0.018946
105291.023769,0.002235
105291.026271,0.000000
105291.028773,0.000000
105291.031274,0.008457
105291.033776,0.000000
105291.036278,0.000000
105291.038780,0.000000
105291.041281,0.007231
105291.043783,0.000000
105291.046285,0.000000
105291.048787,0.000000
105291.051289,0.013238
105291.053790,0.000000
105291.056292,0.008731
105291.058794,0.000000
105291.061296,0.024904
105291.063798,0.018347
105291.066299,0.000000
105291.068801,0.000000
105291.071303,0.006860
105291.073805,0.000000
105291.076307,0.000000
105291.078808,0.006128
105291.081310,0.000000
105291.083812,0.007739
105291.086314,0.000000
105291.088816,0.000000
105291.091317,0.014106
105291.093819,0.014016
105291.096321,0.035960
105291.098823,0.000000
105291.101325,0.010784
105291.103826,0.000000
105291.106328,0.025229
105291.108830,0.007007
105291.111332,0.000000
105291.113834,0.011206
105291.116335,0.000000
105291.118837,0.004315
105291.121339,0.002958
105291.123841,0.025052
105291.126343,0.026068
105291.128844,0.000000
105291.131346,0.015198
105291.133848,0.005097
105291.136350,0.000000
105291.138852,0.000000
105291.141353,0.033554
105291.143855,0.005140
105291.146357,0.014360
105291.148859,0.000000
105291.151361,0.000000
105291.153862,0.000392
105291.156364,0.000000
105291.158866,0.000000
105291.161368,0.000000
105291.163870,0.010167
105291.166371,0.000000
105291.168873,0.000369
105291.171375,0.003374
105291.173877,0.004496
105291.176378,0.016468
105291.178880,0.000000
105291.181382,0.008191
105291.183884,0.010845
105291.186386,0.014160
105291.188887,0.000000
105291.191389,0.003660
105291.193891,0.024650
105291.196393,0.000000
105291.198895,0.007349
105291.201396,0.014552
105291.203898,0.004797
105291.206400,0.106948
105291.208902,0.242356
105291.211404,0.492411
105291.213905,0.682866
105291.216407,0.739341
105291.218909,0.537166
105291.221411,0.295947
105291.223913,0.094656
105291.226414,0.011288
105291.228916,0.000000
105291.231418,0.000000
105291.233920,0.000000
105291.236422,0.018534
105291.238923,0.019070
105291.241425,0.000000
105291.243927,0.000000
105291.246429,0.000000
105291.248931,0.009996
105291.251432,0.023749
105291.253934,0.000000
105291.256436,0.000000
105291.258938,0.006238
105291.261440,0.024768
105291.263941,0.002869
105291.266443,0.002807
105291.268945,0.002576
105291.271447,0.000000
105291.273949,0.000000
105291.276450,0.000000
105291.278952,0.014548
105291.281454,0.000000
105291.283956,0.000000
105291.286458,0.000000
105291.288959,0.000000
105291.291461,0.024448
105291.293963,0.000000
105291.296465,0.000000
105291.298967,0.000363
105291.301468,0.025209
105291.303970,0.000000
105291.306472,0.000000
105291.308974,0.000000
105291.311475,0.001849
105291.313977,0.009885
105291.316479,0.014462
105291.318981,0.000000
105291.321483,0.000000
105291.323984,0.000000
105291.326486,0.009831
105291.328988,0.000000
105291.331490,0.000000
105291.333992,0.000000
105291.336493,0.013526
105291.338995,0.007587
105291.341497,0.012980
105291.343999,0.019228
105291.346501,0.000000
105291.349002,0.000000
105291.351504,0.000000
105291.354006,0.000000
105291.356508,0.000000
105291.359010,0.000000
105291.361511,0.011312
105291.364013,0.000243
105291.366515,0.000000
105291.369017,0.000000
105291.371519,0.000000
105291.374020,0.014728
105291.376522,0.000000
105291.379024,0.000000
105291.381526,0.011747
105291.384028,0.008247
105291.386529,0.000000
105291.389031,0.012281
105291.391533,0.000000
105291.394035,0.000000
105291.396537,0.002686
105291.399038,0.008426
105291.401540,0.006398
105291.404042,0.000000
105291.406544,0.000000
105291.409046,0.005921
105291.411547,0.000000
105291.414049,0.025931
105291.416551,0.008423
105291.419053,0.000000
105291.421555,0.000000
105291.424056,0.000692
105291.426558,0.018664
105291.429060,0.020268
105291.431562,0.000000
105291.434064,0.000000
105291.436565,0.000000
105291.439067,0.003626
105291.441569,0.033090
105291.444071,0.007743
105291.446572,0.000000
105291.449074,0.000000
105291.451576,0.000000
105291.454078,0.000000
105291.456580,0.000000
105291.459081,0.005306
105291.461583,0.009795
105291.464085,0.015681
105291.466587,0.007529
105291.469089,0.000000
105291.471590,0.000000
105291.474092,0.000000
105291.476594,0.002115
105291.479096,0.012373
105291.481598,0.000620
105291.484099,0.000728
105291.486601,0.003416
105291.489103,0.000000
105291.491605,0.001248
105291.494107,0.016171
105291.496608,0.000000
105291.499110,0.000000
105291.501612,0.000000
105291.504114,0.018640
105291.506616,0.000000
105291.509117,0.025507
105291.511619,0.000000
105291.514121,0.000000
105291.516623,0.010697
105291.519125,0.014799
105291.521626,0.000000
105291.524128,0.000000
105291.526630,0.003991
105291.529132,0.033673
105291.531634,0.017900
105291.534135,0.000000
105291.536637,0.000000
105291.539139,0.001173
105291.541641,0.005204
105291.544143,0.000000
105291.546644,0.000000
105291.549146,0.002286
105291.551648,0.000000
105291.554150,0.026894
105291.556652,0.021785
105291.559153,0.009450
105291.561655,0.001289
105291.564157,0.000000
105291.566659,0.000000
105291.569161,0.023545
105291.571662,0.012477
105291.574164,0.002926
105291.576666,0.013271
105291.579168,0.007837
105291.581669,0.005692
105291.584171,0.014084
105291.586673,0.007426
105291.589175,0.012332
105291.591677,0.002318
105291.594178,0.000000
105291.596680,0.000000
105291.599182,0.000000
105291.601684,0.000000
105291.604186,0.000000
105291.606687,0.000000
105291.609189,0.000000
105291.611691,0.022439
105291.614193,0.000000
105291.616695,0.003473
105291.619196,0.003926
105291.621698,0.022803
105291.624200,0.000000
105291.626702,0.000000
105291.629204,0.000000
105291.631705,0.016324
105291.634207,0.019306
105291.636709,0.006817
105291.639211,0.017708
105291.641713,0.002552
105291.644214,0.000000
105291.646716,0.016930
105291.649218,0.007004
105291.651720,0.000000
105291.654222,0.014326
105291.656723,0.000000
105291.659225,0.000000
105291.661727,0.012826
105291.664229,0.000000
105291.666731,0.005587
105291.669232,0.009508
105291.671734,0.000000
105291.674236,0.005528
105291.676738,0.019383
105291.679240,0.000000
105291.681741,0.006462
105291.684243,0.000000
105291.686745,0.014670
105291.689247,0.014534
105291.691749,0.000000
105291.694250,0.031737
105291.696752,0.015895
105291.699254,0.010154
105291.701756,0.009345
105291.704258,0.014132
105291.706759,0.000000
105291.709261,0.002795
105291.711763,0.005504
105291.714265,0.000000
105291.716766,0.006676
105291.719268,0.017691
105291.721770,0.000000
105291.724272,0.000000
105291.726774,0.000000
105291.729275,0.000000
105291.731777,0.011188
105291.734279,0.000000
105291.736781,0.000683
105291.739283,0.000000
105291.741784,0.000000
105291.744286,0.015751
105291.746788,0.000012
105291.749290,0.000419
105291.751792,0.002981
105291.754293,0.000000
105291.756795,0.008976
105291.759297,0.000000
105291.761799,0.000000
105291.764301,0.000000
105291.766802,0.000000
105291.769304,0.000000
105291.771806,0.000000
105291.774308,0.000000
105291.776810,0.014442
105291.779311,0.011979
105291.781813,0.000000
105291.784315,0.000000
105291.786817,0.000000
105291.789319,0.000000
105291.791820,0.000000
105291.794322,0.000000
105291.796824,0.012354
105291.799326,0.004335
105291.801828,0.023473
105291.804329,0.000000
105291.806831,0.000000
105291.809333,0.000000
105291.811835,0.000000
105291.814337,0.000000
105291.816838,0.003892
105291.819340,0.000418
105291.821842,0.000000
105291.824344,0.017970
105291.826846,0.027241
105291.829347,0.016756
105291.831849,0.008016
105291.834351,0.010941
105291.836853,0.026664
105291.839355,0.010921
105291.841856,0.000000
105291.844358,0.005634
105291.846860,0.008995
105291.849362,0.000000
105291.851863,0.000000
105291.854365,0.015805
105291.856867,0.000000
105291.859369,0.000000
105291.861871,0.000000
105291.864372,0.005080
105291.866874,0.000000
105291.869376,0.000000
105291.871878,0.016572
105291.874380,0.000986
105291.876881,0.013488
105291.879383,0.000000
105291.881885,0.000000
105291.884387,0.012193
105291.886889,0.005304
105291.889390,0.000000
105291.891892,0.000000
105291.894394,0.022476
105291.896896,0.000000
105291.899398,0.014074
105291.901899,0.000000
105291.904401,0.029729
105291.906903,0.123567
105291.909405,0.307860
105291.911907,0.655739
105291.914408,0.958784
105291.916910,0.947140
105291.919412,0.691062
105291.921914,0.314968
105291.924416,0.127455
105291.926917,0.010008
105291.929419,0.000193
105291.931921,0.000000
105291.934423,0.027383
105291.936925,0.000000
105291.939426,0.000000
105291.941928,0.000000
105291.944430,0.022975
105291.946932,0.005764
105291.949434,0.001967
105291.951935,0.021176
105291.954437,0.002117
105291.956939,0.003154
105291.959441,0.001892
105291.961943,0.008096
105291.964444,0.000000
105291.966946,0.000000
105291.969448,0.011639
105291.971950,0.003984
105291.974452,0.000000
105291.976953,0.000000
105291.979455,0.021517
105291.981957,0.000000
105291.984459,0.014180
105291.986960,0.002524
105291.989462,0.000000
105291.991964,0.017987
105291.994466,0.003656
105291.996968,0.019180
105291.999469,0.000000
105292.001971,0.010112
105292.004473,0.000000
105292.006975,0.000000
105292.009477,0.000000
105292.011978,0.000000
105292.014480,0.006777
105292.016982,0.000000
105292.019484,0.012407
105292.021986,0.000000
105292.024487,0.012715
105292.026989,0.018812
105292.029491,0.014557
105292.031993,0.000000
105292.034495,0.000000
105292.036996,0.008362
105292.039498,0.000000
105292.042000,0.000000
105292.044502,0.000000
105292.047004,0.020603
105292.049505,0.000000
105292.052007,0.006726
105292.054509,0.003131
105292.057011,0.000000
105292.059513,0.009258
105292.062014,0.023444
105292.064516,0.000000
105292.067018,0.000000
105292.069520,0.008935
105292.072022,0.013189
105292.074523,0.000000
105292.077025,0.000000
105292.079527,0.000000
105292.082029,0.000000
105292.084531,0.000000
105292.087032,0.009833
105292.089534,0.000000
105292.092036,0.000000
105292.094538,0.000000
105292.097040,0.000000
105292.099541,0.022310
105292.102043,0.018646
105292.104545,0.023241
105292.107047,0.009816
105292.109549,0.000000
105292.112050,0.023193
105292.114552,0.000000
105292.117054,0.000000
105292.119556,0.000000
105292.122057,0.007510
105292.124559,0.000000
105292.127061,0.000000
105292.129563,0.000000
105292.132065,0.006910
105292.134566,0.000000
105292.137068,0.000000
105292.139570,0.017482
105292.142072,0.016953
105292.144574,0.005376
105292.147075,0.003959
105292.149577,0.000000
105292.152079,0.000000
105292.154581,0.000000
105292.157083,0.000000
105292.159584,0.003626
105292.162086,0.000701
105292.164588,0.000000
105292.167090,0.022531
105292.169592,0.008717
105292.172093,0.009937
105292.174595,0.000000
105292.177097,0.000000
105292.179599,0.009011
105292.182101,0.002194
105292.184602,0.023008
105292.187104,0.000000
105292.189606,0.000000
105292.192108,0.009110
105292.194610,0.000000
105292.197111,0.013276
105292.199613,0.000000
105292.202115,0.009172
105292.204617,0.000000
105292.207119,0.006845
105292.209620,0.013032
105292.212122,0.002204
105292.214624,0.000000
105292.217126,0.000000
105292.219628,0.000000
105292.222129,0.000000
105292.224631,0.016194
105292.227133,0.001581
105292.229635,0.000000
105292.232137,0.020908
105292.234638,0.000000
105292.237140,0.003599
105292.239642,0.000000
105292.242144,0.000000
105292.244646,0.000000
105292.247147,0.000000
105292.249649,0.012902
105292.252151,0.004977
105292.254653,0.002014
105292.257154,0.000000
105292.259656,0.018242
105292.262158,0.003213
105292.264660,0.000000
105292.267162,0.016265
105292.269663,0.017918
105292.272165,0.016584
105292.274667,0.000000
105292.277169,0.000000
105292.279671,0.014204
105292.282172,0.000000
105292.284674,0.027969
105292.287176,0.000402
105292.289678,0.000000
105292.292180,0.000000
105292.294681,0.000000
105292.297183,0.002016
105292.299685,0.000000
105292.302187,0.000000
105292.304689,0.000000
105292.307190,0.000000
105292.309692,0.008464
105292.312194,0.000000
105292.314696,0.000000
105292.317198,0.000000
105292.319699,0.000000
105292.322201,0.000000
105292.324703,0.004564
105292.327205,0.002399
105292.329707,0.011376
105292.332208,0.000000
105292.334710,0.000000
105292.337212,0.014235
105292.339714,0.000000
105292.342216,0.000000
105292.344717,0.000000
105292.347219,0.004342
105292.349721,0.000000
105292.352223,0.000000
105292.354725,0.000000
105292.357226,0.020346
105292.359728,0.000000
105292.362230,0.000000
105292.364732,0.000000
105292.367234,0.000000
105292.369735,0.003416
105292.372237,0.006951
105292.374739,0.001783
105292.377241,0.000000
105292.379743,0.000000
105292.382244,0.010541
105292.384746,0.000000
105292.387248,0.000000
105292.389750,0.008581
105292.392251,0.012572
105292.394753,0.000000
105292.397255,0.000000
105292.399757,0.000000
105292.402259,0.007550
105292.404760,0.018942
105292.407262,0.036844
105292.409764,0.005551
105292.412266,0.000000
105292.414768,0.000000
105292.417269,0.000000
105292.419771,0.002542
105292.422273,0.033758
105292.424775,0.018253
105292.427277,0.016037
105292.429778,0.003528
105292.432280,0.005164
105292.434782,0.000000
105292.437284,0.010952
105292.439786,0.000000
105292.442287,0.000000
105292.444789,0.000000
105292.447291,0.000000
105292.449793,0.000000
105292.452295,0.000199
105292.454796,0.000000
105292.457298,0.001441
105292.459800,0.000000
105292.462302,0.000000
105292.464804,0.000000
105292.467305,0.000000
105292.469807,0.002060
105292.472309,0.000000
105292.474811,0.000000
105292.477313,0.008172
105292.479814,0.000000
105292.482316,0.025536
105292.484818,0.017299
105292.487320,0.000000
105292.489822,0.000000
105292.492323,0.002900
105292.494825,0.000000
105292.497327,0.000000
105292.499829,0.000000
105292.502331,0.000000
105292.504832,0.001356
105292.507334,0.000000
105292.509836,0.018298
105292.512338,0.000000
105292.514840,0.000000
105292.517341,0.006990
105292.519843,0.000000
105292.522345,0.000000
105292.524847,0.001772
105292.527348,0.000000
105292.529850,0.000000
105292.532352,0.000000
105292.534854,0.000000
105292.537356,0.000000
105292.539857,0.002005
105292.542359,0.000000
105292.544861,0.000000
105292.547363,0.000000
105292.549865,0.000000
105292.552366,0.000000
105292.554868,0.002781
105292.557370,0.000000
105292.559872,0.017849
105292.562374,0.000000
105292.564875,0.000000
105292.567377,0.012011
105292.569879,0.006848
105292.572381,0.000000
105292.574883,0.000000
105292.577384,0.000000
105292.579886,0.008607
105292.582388,0.000000
105292.584890,0.003664
105292.587392,0.003796
105292.589893,0.034018
105292.592395,0.004499
105292.594897,0.000000
105292.597399,0.000000
105292.599901,0.000000
105292.602402,0.002916
105292.604904,0.000000
105292.607406,0.088874
105292.609908,0.276890
105292.612410,0.522247
105292.614911,0.741841
105292.617413,0.684355
105292.619915,0.494672
105292.622417,0.248308
105292.624919,0.094346
105292.627420,0.000000
105292.629922,0.007861
105292.632424,0.000000
105292.634926,0.000000
105292.637428,0.000000
105292.639929,0.000000
105292.642431,0.013225
105292.644933,0.007369
105292.647435,0.000000
105292.649937,0.000000
105292.652438,0.000000
105292.654940,0.000000
105292.657442,0.014455
105292.659944,0.009922
105292.662445,0.000738
105292.664947,0.000000
105292.667449,0.000000
105292.669951,0.018557
105292.672453,0.000000
105292.674954,0.022332
105292.677456,0.002817
105292.679958,0.029089
105292.682460,0.008709
105292.684962,0.000000
105292.687463,0.000000
105292.689965,0.000000
105292.692467,0.000000
105292.694969,0.000000
105292.697471,0.000000
105292.699972,0.000082
105292.702474,0.003410
105292.704976,0.000000
105292.707478,0.027868
105292.709980,0.000912
105292.712481,0.000000
105292.714983,0.000000
105292.717485,0.000861
105292.719987,0.000000
105292.722489,0.011247
105292.724990,0.000000
105292.727492,0.000000
105292.729994,0.023997
105292.732496,0.006257
105292.734998,0.000000
105292.737499,0.002365
105292.740001,0.006809
105292.742503,0.000000
105292.745005,0.002265
105292.747507,0.000000
105292.750008,0.007286
105292.752510,0.000000
105292.755012,0.000000
105292.757514,0.023884
105292.760016,0.017680
105292.762517,0.000000
105292.765019,0.016615
105292.767521,0.000000
105292.770023,0.000000
105292.772525,0.000000
105292.775026,0.000000
105292.777528,0.000000
105292.780030,0.000000
105292.782532,0.000000
105292.785033,0.000000
105292.787535,0.004645
105292.790037,0.000719
105292.792539,0.007984
105292.795041,0.000000
105292.797542,0.000000
105292.800044,0.007102
105292.802546,0.000000
105292.805048,0.009287
105292.807550,0.000000
105292.810051,0.000000
105292.812553,0.000000
105292.815055,0.009687
105292.817557,0.002528
105292.820059,0.000287
105292.822560,0.027084
105292.825062,0.000000
105292.827564,0.000000
105292.830066,0.000000
105292.832568,0.000000
105292.835069,0.000000
105292.837571,0.009879
105292.840073,0.000000
105292.842575,0.000000
105292.845077,0.000000
105292.847578,0.000000
105292.850080,0.000000
105292.852582,0.009227
105292.855084,0.000000
105292.857586,0.000000
105292.860087,0.015610
105292.862589,0.000000
105292.865091,0.000000
105292.867593,0.018373
105292.870095,0.010555
105292.872596,0.012487
105292.875098,0.000000
105292.877600,0.021724
105292.880102,0.000000
105292.882604,0.000000
105292.885105,0.000000
105292.887607,0.013601
105292.890109,0.000000
105292.892611,0.006919
105292.895113,0.001090
105292.897614,0.000000
105292.900116,0.000000
105292.902618,0.026028
105292.905120,0.000000
105292.907622,0.005921
105292.910123,0.005410
105292.912625,0.016580
105292.915127,0.019937
105292.917629,0.000000
105292.920130,0.007618
105292.922632,0.025349
105292.925134,0.000000
105292.927636,0.000000
105292.930138,0.000000
105292.932639,0.000000
105292.935141,0.005340
105292.937643,0.015289
105292.940145,0.000000
105292.942647,0.000000
105292.945148,0.014674
105292.947650,0.000000
105292.950152,0.000000
105292.952654,0.000000
105292.955156,0.003616
105292.957657,0.006065
105292.960159,0.000000
105292.962661,0.025280
105292.965163,0.000936
105292.967665,0.014861
105292.970166,0.011303
105292.972668,0.000000
105292.975170,0.000000
105292.977672,0.030498
105292.980174,0.000000
105292.982675,0.000000
105292.985177,0.002450
105292.987679,0.000000
105292.990181,0.000000
105292.992683,0.000000
105292.995184,0.020568
105292.997686,0.000000
105293.000188,0.000000
105293.002690,0.000000
105293.005192,0.031697
105293.007693,0.000000
105293.010195,0.006242
105293.012697,0.000000
105293.015199,0.004610
105293.017701,0.020961
105293.020202,0.000000
105293.022704,0.006587
105293.025206,0.000000
105293.027708,0.029055
105293.030210,0.003857
105293.032711,0.000000
105293.035213,0.000000
105293.037715,0.000000
105293.040217,0.000000
105293.042719,0.000000
105293.045220,0.000000
105293.047722,0.000000
105293.050224,0.007019
105293.052726,0.000000
105293.055227,0.000000
105293.057729,0.000000
105293.060231,0.000000
105293.062733,0.002060
105293.065235,0.000000
105293.067736,0.016098
105293.070238,0.009828
105293.072740,0.000000
105293.075242,0.009496
105293.077744,0.001602
105293.080245,0.000000
105293.082747,0.000000
105293.085249,0.004545
105293.087751,0.000000
105293.090253,0.015727
105293.092754,0.000202
105293.095256,0.000000
105293.097758,0.025823
105293.100260,0.008280
105293.102762,0.000000
105293.105263,0.000000
105293.107765,0.000000
105293.110267,0.000000
105293.112769,0.000000
105293.115271,0.005085
105293.117772,0.003754
105293.120274,0.015482
105293.122776,0.009144
105293.125278,0.008255
105293.127780,0.002894
105293.130281,0.018482
105293.132783,0.000000
105293.135285,0.000000
105293.137787,0.000000
105293.140289,0.015170
105293.142790,0.000000
105293.145292,0.042136
105293.147794,0.000000
105293.150296,0.001272
105293.152798,0.007850
105293.155299,0.000000
105293.157801,0.005150
105293.160303,0.000498
105293.162805,0.000000
105293.165307,0.016842
105293.167808,0.000000
105293.170310,0.003948
105293.172812,0.020894
105293.175314,0.000000
105293.177816,0.000000
105293.180317,0.033686
105293.182819,0.006814
105293.185321,0.000000
105293.187823,0.011528
105293.190324,0.000000
105293.192826,0.000000
105293.195328,0.019711
105293.197830,0.000000
105293.200332,0.035214
105293.202833,0.000000
105293.205335,0.030640
105293.207837,0.000000
105293.210339,0.014729
105293.212841,0.007178
105293.215342,0.012033
105293.217844,0.013904
105293.220346,0.000000
105293.222848,0.000000
105293.225350,0.000000
105293.227851,0.003203
105293.230353,0.000000
105293.232855,0.003987
105293.235357,0.004734
105293.237859,0.000000
105293.240360,0.005673
105293.242862,0.000000
105293.245364,0.000000
105293.247866,0.011309
105293.250368,0.000000
105293.252869,0.000000
105293.255371,0.001035
105293.257873,0.019739
105293.260375,0.002769
105293.262877,0.007588
105293.265378,0.000000
105293.267880,0.000000
105293.270382,0.000000
105293.272884,0.004213
105293.275386,0.000000
105293.277887,0.019247
105293.280389,0.000000
105293.282891,0.000000
105293.285393,0.039395
105293.287895,0.000000
105293.290396,0.018861
105293.292898,0.020177
105293.295400,0.013576
105293.297902,0.000000
105293.300404,0.004118
105293.302905,0.000000
105293.305407,0.028585
105293.307909,0.000000
105293.310411,0.000000
105293.312913,0.001422
105293.315414,0.000000
105293.317916,0.000000
105293.320418,0.020027
105293.322920,0.013649
105293.325421,0.004626
105293.327923,0.000000
105293.330425,0.015286
105293.332927,0.000000
105293.335429,0.022556
105293.337930,0.001597
105293.340432,0.017664
105293.342934,0.000000
105293.345436,0.001027
105293.347938,0.017601
105293.350439,0.031512
105293.352941,0.022412
105293.355443,0.012598
105293.357945,0.008464
105293.360447,0.000000
105293.362948,0.004240
105293.365450,0.000000
105293.367952,0.005397
105293.370454,0.006321
105293.372956,0.000000
105293.375457,0.000556
105293.377959,0.005959
105293.380461,0.000000
105293.382963,0.005143
105293.385465,0.000000
105293.387966,0.000000
105293.390468,0.014865
105293.392970,0.000008
105293.395472,0.004882
105293.397974,0.000000
105293.400475,0.000280
105293.402977,0.000000
105293.405479,0.012151
105293.407981,0.025968
105293.410483,0.000000
105293.412984,0.000000
105293.415486,0.006332
105293.417988,0.021170
105293.420490,0.000000
105293.422992,0.000000
105293.425493,0.000000
105293.427995,0.000000
105293.430497,0.000000
105293.432999,0.000000
105293.435501,0.000000
105293.438002,0.000000
105293.440504,0.001071
105293.443006,0.003089
105293.445508,0.000000
105293.448010,0.005693
105293.450511,0.000000
105293.453013,0.010345
105293.455515,0.011210
105293.458017,0.000000
105293.460518,0.008821
105293.463020,0.000000
105293.465522,0.019013
105293.468024,0.000000
105293.470526,0.005067
105293.473027,0.000000
105293.475529,0.000000
105293.478031,0.012940
105293.480533,0.000000
105293.483035,0.000000
105293.485536,0.000000
105293.488038,0.000000
105293.490540,0.019762
105293.493042,0.018065
105293.495544,0.000000
105293.498045,0.000000
105293.500547,0.000000
105293.503049,0.000000
105293.505551,0.000000
105293.508053,0.014092
105293.510554,0.007237
105293.513056,0.003922
105293.515558,0.000000
105293.518060,0.001446
105293.520562,0.000000
105293.523063,0.012105
105293.525565,0.003714
105293.528067,0.000000
105293.530569,0.023217
105293.533071,0.000000
105293.535572,0.007617
105293.538074,0.007974
105293.540576,0.000000
105293.543078,0.000000
105293.545580,0.000000
105293.548081,0.000000
105293.550583,0.000000
105293.553085,0.000000
105293.555587,0.009254
105293.558089,0.000968
105293.560590,0.001344
105293.563092,0.000000
105293.565594,0.000000
105293.568096,0.000000
105293.570598,0.000000
105293.573099,0.000000
105293.575601,0.001070
105293.578103,0.000000
105293.580605,0.000000
105293.583107,0.009981
105293.585608,0.000000
105293.588110,0.000000
105293.590612,0.008093
105293.593114,0.003818
105293.595615,0.004721
105293.598117,0.008989
105293.600619,0.006559
105293.603121,0.000413
105293.605623,0.034349
105293.608124,0.000000
105293.610626,0.000000
105293.613128,0.013894
105293.615630,0.002048
105293.618132,0.010886
105293.620633,0.002438
105293.623135,0.019736
105293.625637,0.000000
105293.628139,0.019282
105293.630641,0.016819
105293.633142,0.000000
105293.635644,0.009058
105293.638146,0.000000
105293.640648,0.000000
105293.643150,0.000000
105293.645651,0.000000
105293.648153,0.010171
105293.650655,0.011689
105293.653157,0.000000
105293.655659,0.011734
105293.658160,0.013577
105293.660662,0.002221
105293.663164,0.000000
105293.665666,0.006335
105293.668168,0.006995
105293.670669,0.009680
105293.673171,0.012430
105293.675673,0.000000
105293.678175,0.000000
105293.680677,0.000000
105293.683178,0.010729
105293.685680,0.000000
105293.688182,0.006188
105293.690684,0.000000
105293.693186,0.020123
105293.695687,0.000000
105293.698189,0.011125
105293.700691,0.001694
105293.703193,0.000000
105293.705695,0.000000
105293.708196,0.000000
105293.710698,0.018603
105293.713200,0.000181
105293.715702,0.000000
105293.718204,0.000000
105293.720705,0.001843
105293.723207,0.012895
105293.725709,0.000000
105293.728211,0.000000
105293.730712,0.000337
105293.733214,0.012545
105293.735716,0.000000
105293.738218,0.007258
105293.740720,0.000000
105293.743221,0.000000
105293.745723,0.028749
105293.748225,0.000000
105293.750727,0.010840
105293.753229,0.010326
105293.755730,0.000000
105293.758232,0.000000
105293.760734,0.011792
105293.763236,0.000000
105293.765738,0.000000
105293.768239,0.014739
105293.770741,0.000000
105293.773243,0.000000
105293.775745,0.028358
105293.778247,0.000000
105293.780748,0.000000
105293.783250,0.000000
105293.785752,0.000000
105293.788254,0.000000
105293.790756,0.000000
105293.793257,0.021688
105293.795759,0.003777
105293.798261,0.008405
105293.800763,0.000000
105293.803265,0.004157
105293.805766,0.013399
105293.808268,0.000000
105293.810770,0.003804
105293.813272,0.009997
105293.815774,0.022188
105293.818275,0.027978
105293.820777,0.001003
105293.823279,0.016354
105293.825781,0.000000
105293.828283,0.022296
105293.830784,0.000000
105293.833286,0.000000
105293.835788,0.006336
105293.838290,0.000000
105293.840792,0.002822
105293.843293,0.022804
105293.845795,0.000000
105293.848297,0.000000
105293.850799,0.026047
105293.853301,0.007566
105293.855802,0.027609
105293.858304,0.012404
105293.860806,0.000000
105293.863308,0.009270
105293.865809,0.000000
105293.868311,0.000107
105293.870813,0.000000
105293.873315,0.000000
105293.875817,0.000000
105293.878318,0.031673
105293.880820,0.003424
105293.883322,0.000000
105293.885824,0.026039
105293.888326,0.000000
105293.890827,0.000000
105293.893329,0.014231
105293.895831,0.000000
105293.898333,0.000000
105293.900835,0.000000
105293.903336,0.000000
105293.905838,0.000000
105293.908340,0.002278
105293.910842,0.000000
105293.913344,0.030996
105293.915845,0.000000
105293.918347,0.020118
105293.920849,0.003156
105293.923351,0.011588
105293.925853,0.010715
105293.928354,0.000000
105293.930856,0.000000
105293.933358,0.000000
105293.935860,0.000000
105293.938362,0.006602
105293.940863,0.024655
105293.943365,0.000000
105293.945867,0.000000
105293.948369,0.000000
105293.950871,0.001031
105293.953372,0.000000
105293.955874,0.000000
105293.958376,0.009903
105293.960878,0.023501
105293.963380,0.038225
105293.965881,0.000000
105293.968383,0.000000
105293.970885,0.008032
105293.973387,0.023132
105293.975889,0.011687
105293.978390,0.023072
105293.980892,0.000000
105293.983394,0.000000
105293.985896,0.001658
105293.988398,0.000000
105293.990899,0.009524
105293.993401,0.013929
105293.995903,0.015054
105293.998405,0.007334
105294.000906,0.003531
105294.003408,0.011410
105294.005910,0.000000
105294.008412,0.003024
105294.010914,0.000754
105294.013415,0.003061
105294.015917,0.000000
105294.018419,0.006203
105294.020921,0.000000
105294.023423,0.016224
105294.025924,0.006803
105294.028426,0.002164
105294.030928,0.000000
105294.033430,0.011711
105294.035932,0.002968
105294.038433,0.000000
105294.040935,0.000000
105294.043437,0.009036
105294.045939,0.007922
105294.048441,0.006995
105294.050942,0.001329
105294.053444,0.014734
105294.055946,0.017779
105294.058448,0.010590
105294.060950,0.000000
105294.063451,0.000000
105294.065953,0.000000
105294.068455,0.028061
105294.070957,0.004046
105294.073459,0.030542
105294.075960,0.000000
105294.078462,0.000000
105294.080964,0.000000
105294.083466,0.000000
105294.085968,0.000000
105294.088469,0.000000
105294.090971,0.007201
105294.093473,0.015152
105294.095975,0.035118
105294.098477,0.000000
105294.100978,0.000000
105294.103480,0.000000
105294.105982,0.016169
105294.108484,0.011706
105294.110986,0.000000
105294.113487,0.000000
105294.115989,0.013681
105294.118491,0.005504
105294.120993,0.010893
105294.123495,0.000000
105294.125996,0.000000
105294.128498,0.000000
105294.131000,0.009878
105294.133502,0.030321
105294.136003,0.000000
105294.138505,0.032688
105294.141007,0.011919
105294.143509,0.000000
105294.146011,0.003074
105294.148512,0.012409
105294.151014,0.000000
105294.153516,0.009256
105294.156018,0.016844
105294.158520,0.005729
105294.161021,0.000000
105294.163523,0.000000
105294.166025,0.000000
105294.168527,0.000000
105294.171029,0.000000
105294.173530,0.000000
105294.176032,0.001630
105294.178534,0.000000
105294.181036,0.000000
105294.183538,0.010913
105294.186039,0.005323
105294.188541,0.000000
105294.191043,0.007272
105294.193545,0.000000
105294.196047,0.000906
105294.198548,0.014005
105294.201050,0.000000
105294.203552,0.000000
105294.206054,0.000000
105294.208556,0.000000
105294.211057,0.000000
105294.213559,0.000000
105294.216061,0.000000
105294.218563,0.007622
105294.221065,0.000000
105294.223566,0.016976
105294.226068,0.003096
105294.228570,0.010566
105294.231072,0.017093
105294.233574,0.000000
105294.236075,0.000000
105294.238577,0.000000
105294.241079,0.017804
105294.243581,0.000000
105294.246083,0.000000
105294.248584,0.010625
105294.251086,0.000000
105294.253588,0.000000
105294.256090,0.013046
105294.258592,0.000000
105294.261093,0.000000
105294.263595,0.000000
105294.266097,0.000000
105294.268599,0.010277
105294.271100,0.000000
105294.273602,0.000000
105294.276104,0.000000
105294.278606,0.000202
105294.281108,0.009385
105294.283609,0.000000
105294.286111,0.000000
105294.288613,0.008266
105294.291115,0.007161
105294.293617,0.002952
105294.296118,0.015444
105294.298620,0.000436
105294.301122,0.015963
105294.303624,0.020212
105294.306126,0.008364
105294.308627,0.000000
105294.311129,0.000000
105294.313631,0.017794
105294.316133,0.000000
105294.318635,0.000000
105294.321136,0.000000
105294.323638,0.000000
105294.326140,0.012537
105294.328642,0.005412
105294.331144,0.000000
105294.333645,0.008697
105294.336147,0.000000
105294.338649,0.000000
105294.341151,0.000000
105294.343653,0.006263
105294.346154,0.013487
105294.348656,0.000000
105294.351158,0.007820
105294.353660,0.022719
105294.356162,0.000000
105294.358663,0.005109
105294.361165,0.011931
105294.363667,0.000000
105294.366169,0.017786
105294.368671,0.031582
105294.371172,0.004932
105294.373674,0.000000
105294.376176,0.014033
105294.378678,0.012095
105294.381180,0.000000
105294.383681,0.000000
105294.386183,0.000000
105294.388685,0.005698
105294.391187,0.000000
105294.393689,0.000000
105294.396190,0.000000
105294.398692,0.010550
105294.401194,0.023772
105294.403696,0.000000
105294.406197,0.000000
105294.408699,0.000287
105294.411201,0.000000
105294.413703,0.016818
105294.416205,0.000000
105294.418706,0.000000
105294.421208,0.000000
105294.423710,0.019749
105294.426212,0.003599
105294.428714,0.000000
105294.431215,0.000000
105294.433717,0.000000
105294.436219,0.005950
105294.438721,0.000000
105294.441223,0.001494
105294.443724,0.029343
105294.446226,0.000000
105294.448728,0.000000
105294.451230,0.005487
105294.453732,0.000000
105294.456233,0.024704
105294.458735,0.020160
105294.461237,0.000000
105294.463739,0.000000
105294.466241,0.000000
105294.468742,0.000000
105294.471244,0.005509
105294.473746,0.014932
105294.476248,0.000000
105294.478750,0.014520
105294.481251,0.008872
105294.483753,0.000000
105294.486255,0.000000
105294.488757,0.001669
105294.491259,0.000000
105294.493760,0.014703
105294.496262,0.000000
105294.498764,0.007867
105294.501266,0.000000
105294.503768,0.000000
105294.506269,0.000000
105294.508771,0.015512
105294.511273,0.000000
105294.513775,0.000000
105294.516277,0.000000
105294.518778,0.000000
105294.521280,0.000000
105294.523782,0.000000
105294.526284,0.000000
105294.528785,0.023523
105294.531287,0.003544
105294.533789,0.003050
105294.536291,0.000000
105294.538793,0.000000
105294.541294,0.000000
105294.543796,0.007568
105294.546298,0.001448
105294.548800,0.000000
105294.551302,0.003644
105294.553803,0.000000
105294.556305,0.005944
105294.558807,0.000000
105294.561309,0.000000
105294.563811,0.000000
105294.566312,0.000041
105294.568814,0.008306
105294.571316,0.021585
105294.573818,0.000000
105294.576320,0.014011
105294.578821,0.001884
105294.581323,0.000000
105294.583825,0.010914
105294.586327,0.000000
105294.588829,0.010306
105294.591330,0.000000
105294.593832,0.000000
105294.596334,0.013553
105294.598836,0.021335
105294.601338,0.000000
105294.603839,0.000000
105294.606341,0.000000
105294.608843,0.000466
105294.611345,0.000000
105294.613847,0.004831
105294.616348,0.000000
105294.618850,0.012049
105294.621352,0.000000
105294.623854,0.017765
105294.626356,0.022264
105294.628857,0.000000
105294.631359,0.000000
105294.633861,0.005899
105294.636363,0.000000
105294.638865,0.000000
105294.641366,0.015836
105294.643868,0.010594
105294.646370,0.028442
105294.648872,0.002453
105294.651374,0.000000
105294.653875,0.000736
105294.656377,0.000000
105294.658879,0.000000
105294.661381,0.000000
105294.663882,0.000000
105294.666384,0.004054
105294.666384,0.000000
105364.930165,0.000000
105435.193946,0.000000
105505.457727,0.000000
105575.721508,0.011045
105645.985289,0.000000
105716.249070,0.009617
105786.512850,0.000000
105856.776631,0.000000
105927.040412,0.007456
105997.304193,0.031572
106067.567974,0.001673
106137.831755,0.000000
106208.095536,0.013698
106278.359317,0.000000
106348.623097,0.001004
106418.886878,0.008013
106489.150659,0.000000
106559.414440,0.000094
106629.678221,0.000000
106629.678221,0.017549
106629.680723,0.010444
106629.683224,0.000000
106629.685726,0.018135
106629.688228,0.006457
106629.690730,0.000000
106629.693232,0.000801
106629.695733,0.014863
106629.698235,0.000000
106629.700737,0.019786
106629.703239,0.000000
106629.705741,0.000000
106629.708242,0.000000
106629.710744,0.019777
106629.713246,0.000000
106629.715748,0.000000
106629.718250,0.006395
106629.720751,0.009497
106629.723253,0.009588
106629.725755,0.000000
106629.728257,0.003656
106629.730759,0.000000
106629.733260,0.024055
106629.735762,0.016434
106629.738264,0.015555
106629.740766,0.011406
106629.743268,0.007465
106629.745769,0.000000
106629.748271,0.009096
106629.750773,0.001641
106629.753275,0.018146
106629.755777,0.011597
106629.758278,0.007905
106629.760780,0.000000
106629.763282,0.000000
106629.765784,0.000000
106629.768286,0.003625
106629.770787,0.000000
106629.773289,0.000000
106629.775791,0.006593
106629.778293,0.000000
106629.780795,0.001746
106629.783296,0.000000
106629.785798,0.000000
106629.788300,0.009423
106629.790802,0.000000
106629.793304,0.017893
106629.795805,0.013995
106629.798307,0.000000
106629.800809,0.043071
106629.803311,0.017855
106629.805813,0.000000
106629.808314,0.010717
106629.810816,0.000946
106629.813318,0.000000
106629.815820,0.000000
106629.818321,0.014290
106629.820823,0.000000
106629.823325,0.000000
106629.825827,0.000000
106629.828329,0.000000
106629.830830,0.000000
106629.833332,0.005576
106629.835834,0.000000
106629.838336,0.000243
106629.840838,0.000000
106629.843339,0.020142
106629.845841,0.042267
106629.848343,0.000000
106629.850845,0.000000
106629.853347,0.001679
106629.855848,0.000000
106629.858350,0.028315
106629.860852,0.023937
106629.863354,0.012430
106629.865856,0.000000
106629.868357,0.009735
106629.870859,0.003806
106629.873361,0.003466
106629.875863,0.000000
106629.878365,0.015251
106629.880866,0.001548
106629.883368,0.000000
106629.885870,0.000000
106629.888372,0.000000
106629.890874,0.004557
106629.893375,0.000000
106629.895877,0.011340
106629.898379,0.000000
106629.900881,0.000000
106629.903383,0.026168
106629.905884,0.000000
106629.908386,0.000000
106629.910888,0.016296
106629.913390,0.026635
106629.915892,0.000000
106629.918393,0.000000
106629.920895,0.000000
106629.923397,0.013427
106629.925899,0.023543
106629.928401,0.000000
106629.930902,0.020320
106629.933404,0.000000
106629.935906,0.004828
106629.938408,0.000000
106629.940910,0.000000
106629.943411,0.000000
106629.945913,0.000000
106629.948415,0.005529
106629.950917,0.000000
106629.953418,0.000000
106629.955920,0.006289
106629.958422,0.019276
106629.960924,0.000000
106629.963426,0.007234
106629.965927,0.010888
106629.968429,0.011929
106629.970931,0.000000
106629.973433,0.000000
106629.975935,0.000000
106629.978436,0.027701
106629.980938,0.007299
106629.983440,0.006655
106629.985942,0.005260
106629.988444,0.000000
106629.990945,0.027839
106629.993447,0.006883
106629.995949,0.010387
106629.998451,0.000000
106630.000953,0.011198
106630.003454,0.000000
106630.005956,0.000000
106630.008458,0.000000
106630.010960,0.000000
106630.013462,0.000000
106630.015963,0.000870
106630.018465,0.000000
106630.020967,0.004798
106630.023469,0.024072
106630.025971,0.000000
106630.028472,0.000000
106630.030974,0.000000
106630.033476,0.017141
106630.035978,0.000000
106630.038480,0.021966
106630.040981,0.006506
106630.043483,0.000000
106630.045985,0.001574
106630.048487,0.004266
106630.050989,0.015517
106630.053490,0.026136
106630.055992,0.013038
106630.058494,0.006327
106630.060996,0.009712
106630.063498,0.000000
106630.065999,0.000000
106630.068501,0.000596
106630.071003,0.005247
106630.073505,0.000000
106630.076007,0.019054
106630.078508,0.014441
106630.081010,0.000000
106630.083512,0.019618
106630.086014,0.000000
106630.088515,0.000000
106630.091017,0.015502
106630.093519,0.000000
106630.096021,0.027278
106630.098523,0.000000
106630.101024,0.000000
106630.103526,0.000000
106630.106028,0.011336
106630.108530,0.000000
106630.111032,0.000000
106630.113533,0.003288
106630.116035,0.000000
106630.118537,0.004405
106630.121039,0.000000
106630.123541,0.007102
106630.126042,0.000000
106630.128544,0.018646
106630.131046,0.000000
106630.133548,0.010967
106630.136050,0.013787
106630.138551,0.000000
106630.141053,0.012672
106630.143555,0.000000
106630.146057,0.000000
106630.148559,0.028209
106630.151060,0.015970
106630.153562,0.029784
106630.156064,0.000000
106630.158566,0.001471
106630.161068,0.007574
106630.163569,0.000000
106630.166071,0.000000
106630.168573,0.000000
106630.171075,0.003072
106630.173577,0.000000
106630.176078,0.000000
106630.178580,0.005653
106630.181082,0.000000
106630.183584,0.013461
106630.186086,0.000000
106630.188587,0.000000
106630.191089,0.006084
106630.193591,0.000000
106630.196093,0.000000
106630.198595,0.000000
106630.201096,0.000000
106630.203598,0.025458
106630.206100,0.000000
106630.208602,0.018608
106630.211104,0.010597
106630.213605,0.022507
106630.216107,0.045053
106630.218609,0.020560
106630.221111,0.013295
106630.223612,0.000000
106630.226114,0.000000
106630.228616,0.005173
106630.231118,0.000000
106630.233620,0.008840
106630.236121,0.000000
106630.238623,0.016550
106630.241125,0.000000
106630.243627,0.001818
106630.246129,0.000000
106630.248630,0.000000
106630.251132,0.017734
106630.253634,0.019185
106630.256136,0.000000
106630.258638,0.009507
106630.261139,0.000000
106630.263641,0.004144
106630.266143,0.010904
106630.268645,0.007973
106630.271147,0.019261
106630.273648,0.007453
106630.276150,0.000403
106630.278652,0.000000
106630.281154,0.000000
106630.283656,0.011635
106630.286157,0.000000
106630.288659,0.015883
106630.291161,0.000000
106630.293663,0.000000
106630.296165,0.000000
106630.298666,0.009686
106630.301168,0.000000
106630.303670,0.022820
106630.306172,0.000000
106630.308674,0.000000
106630.311175,0.000000
106630.313677,0.000000
106630.316179,0.000088
106630.318681,0.004589
106630.321183,0.006959
106630.323684,0.021633
106630.326186,0.000000
106630.328688,0.004851
106630.331190,0.000000
106630.333692,0.006176
106630.336193,0.006195
106630.338695,0.000000
106630.341197,0.000000
106630.343699,0.007349
106630.346201,0.000336
106630.348702,0.000000
106630.351204,0.009451
106630.353706,0.010510
106630.356208,0.000000
106630.358709,0.000000
106630.361211,0.000000
106630.363713,0.000481
106630.366215,0.000000
106630.368717,0.001428
106630.371218,0.017478
106630.373720,0.000000
106630.376222,0.000000
106630.378724,0.028695
106630.381226,0.021684
106630.383727,0.000000
106630.386229,0.001997
106630.388731,0.004721
106630.391233,0.002925
106630.393735,0.026064
106630.396236,0.001253
106630.398738,0.003407
106630.401240,0.009891
106630.403742,0.017091
106630.406244,0.013457
106630.408745,0.007729
106630.411247,0.000000
106630.413749,0.000000
106630.416251,0.011769
106630.418753,0.003597
106630.421254,0.011866
106630.423756,0.027106
106630.426258,0.000000
106630.428760,0.016344
106630.431262,0.000000
106630.433763,0.013435
106630.436265,0.000000
106630.438767,0.030550
106630.441269,0.001868
106630.443771,0.000000
106630.446272,0.006031
106630.448774,0.004653
106630.451276,0.016347
106630.453778,0.006435
106630.456280,0.035550
106630.458781,0.000000
106630.461283,0.000000
106630.463785,0.000000
106630.466287,0.001230
106630.468789,0.003319
106630.471290,0.004039
106630.473792,0.000965
106630.476294,0.000000
106630.478796,0.000000
106630.481298,0.000000
106630.483799,0.016396
106630.486301,0.019488
106630.488803,0.000000
106630.491305,0.000000
106630.493806,0.000000
106630.496308,0.030043
106630.498810,0.014348
106630.501312,0.007910
106630.503814,0.013827
106630.506315,0.022127
106630.508817,0.000000
106630.511319,0.000000
106630.513821,0.000000
106630.516323,0.008433
106630.518824,0.002300
106630.521326,0.010863
106630.523828,0.000000
106630.526330,0.019706
106630.528832,0.000000
106630.531333,0.009976
106630.533835,0.017170
106630.536337,0.016017
106630.538839,0.005183
106630.541341,0.011768
106630.543842,0.025016
106630.546344,0.007377
106630.548846,0.000000
106630.551348,0.008374
106630.553850,0.000000
106630.556351,0.000000
106630.558853,0.006636
106630.561355,0.001675
106630.563857,0.016610
106630.566359,0.000000
106630.568860,0.000000
106630.571362,0.002423
106630.573864,0.005461
106630.576366,0.001348
106630.578868,0.000297
106630.581369,0.000000
106630.583871,0.000000
106630.586373,0.000000
106630.588875,0.015407
106630.591377,0.005448
106630.593878,0.000000
106630.596380,0.024760
106630.598882,0.000000
106630.601384,0.008012
106630.603886,0.000000
106630.606387,0.023428
106630.608889,0.001248
106630.611391,0.001672
106630.613893,0.000000
106630.616395,0.002823
106630.618896,0.017229
106630.621398,0.012149
106630.623900,0.000403
106630.626402,0.024436
106630.628903,0.012539
106630.631405,0.000000
106630.633907,0.000000
106630.636409,0.000000
106630.638911,0.005937
106630.641412,0.008578
106630.643914,0.019522
106630.646416,0.000000
106630.648918,0.000000
106630.651420,0.000000
106630.653921,0.000000
106630.656423,0.000000
106630.658925,0.005266
106630.661427,0.011080
106630.663929,0.000000
106630.666430,0.000000
106630.668932,0.000000
106630.671434,0.003079
106630.673936,0.000000
106630.676438,0.023886
106630.678939,0.005886
106630.681441,0.000000
106630.683943,0.000000
106630.686445,0.000000
106630.688947,0.000000
106630.691448,0.000000
106630.693950,0.000000
106630.696452,0.000000
106630.698954,0.005416
106630.701456,0.007386
106630.703957,0.000000
106630.706459,0.027795
106630.708961,0.000000
106630.711463,0.000835
106630.713965,0.000000
106630.716466,0.000000
106630.718968,0.000000
106630.721470,0.000000
106630.723972,0.000000
106630.726474,0.000000
106630.728975,0.000000
106630.731477,0.000000
106630.733979,0.000000
106630.736481,0.000000
106630.738983,0.000000
106630.741484,0.000000
106630.743986,0.000000
106630.746488,0.000000
106630.748990,0.000000
106630.751492,0.021889
106630.753993,0.000000
106630.756495,0.000000
106630.758997,0.000000
106630.761499,0.000000
106630.764000,0.000354
106630.766502,0.000000
106630.769004,0.000000
106630.771506,0.000000
106630.774008,0.000000
106630.776509,0.005770
106630.779011,0.029519
106630.781513,0.000000
106630.784015,0.005659
106630.786517,0.000646
106630.789018,0.009604
106630.791520,0.010008
106630.794022,0.002950
106630.796524,0.000000
106630.799026,0.000000
106630.801527,0.000000
106630.804029,0.000000
106630.806531,0.000000
106630.809033,0.000000
106630.811535,0.015898
106630.814036,0.001415
106630.816538,0.012821
106630.819040,0.021109
106630.821542,0.000000
106630.824044,0.002978
106630.826545,0.000000
106630.829047,0.000000
106630.831549,0.000000
106630.834051,0.012110
106630.836553,0.002997
106630.839054,0.026523
106630.841556,0.013962
106630.844058,0.000000
106630.846560,0.012070
106630.849062,0.000000
106630.851563,0.017478
106630.854065,0.000000
106630.856567,0.000000
106630.859069,0.000000
106630.861571,0.000000
106630.864072,0.000000
106630.866574,0.000000
106630.869076,0.012305
106630.871578,0.025797
106630.874080,0.000000
106630.876581,0.018148
106630.879083,0.000000
106630.881585,0.004997
106630.884087,0.000000
106630.886589,0.007527
106630.889090,0.000000
106630.891592,0.004509
106630.894094,0.003695
106630.896596,0.002743
106630.899097,0.000000
106630.901599,0.007893
106630.904101,0.005617
106630.906603,0.000000
106630.909105,0.009650
106630.911606,0.000000
106630.914108,0.007595
106630.916610,0.000000
106630.919112,0.003113
106630.921614,0.008255
106630.924115,0.000000
106630.926617,0.000000
106630.929119,0.003965
106630.931621,0.017083
106630.934123,0.004297
106630.936624,0.004570
106630.939126,0.000000
106630.941628,0.010616
106630.944130,0.000000
106630.946632,0.000000
106630.949133,0.015876
106630.951635,0.000000
106630.954137,0.012776
106630.956639,0.015885
106630.959141,0.008141
106630.961642,0.000000
106630.964144,0.000390
106630.966646,0.000000
106630.969148,0.000000
106630.971650,0.002050
106630.974151,0.011048
106630.976653,0.000000
106630.979155,0.000000
106630.981657,0.000000
106630.984159,0.016717
106630.986660,0.000000
106630.989162,0.000000
106630.991664,0.000000
106630.994166,0.005210
106630.996668,0.000000
106630.999169,0.009605
106631.001671,0.000000
106631.004173,0.000000
106631.006675,0.000000
106631.009177,0.006242
106631.011678,0.009319
106631.014180,0.004864
106631.016682,0.000000
106631.019184,0.000000
106631.021685,0.003365
106631.024187,0.000000
106631.026689,0.000000
106631.029191,0.021788
106631.031693,0.000000
106631.034194,0.000000
106631.036696,0.000000
106631.039198,0.000000
106631.041700,0.030742
106631.044202,0.023924
106631.046703,0.010499
106631.049205,0.000000
106631.051707,0.017245
106631.054209,0.000000
106631.056711,0.015463
106631.059212,0.013329
106631.061714,0.000000
106631.064216,0.016362
106631.066718,0.000000
106631.069220,0.000000
106631.071721,0.014047
106631.074223,0.000000
106631.076725,0.008643
106631.079227,0.026154
106631.081729,0.000000
106631.084230,0.000000
106631.086732,0.022545
106631.089234,0.009605
106631.091736,0.000000
106631.094238,0.000000
106631.096739,0.000000
106631.099241,0.000000
106631.101743,0.003409
106631.104245,0.001127
106631.106747,0.004011
106631.109248,0.000000
106631.111750,0.000000
106631.114252,0.000000
106631.116754,0.002083
106631.119256,0.016883
106631.121757,0.000000
106631.124259,0.006944
106631.126761,0.000000
106631.129263,0.011526
106631.131765,0.002279
106631.134266,0.005813
106631.136768,0.000931
106631.139270,0.019079
106631.141772,0.004990
106631.144274,0.000000
106631.146775,0.001418
106631.149277,0.000000
106631.151779,0.002333
106631.154281,0.000000
106631.156782,0.000000
106631.159284,0.002862
106631.161786,0.000801
106631.164288,0.015282
106631.166790,0.000000
106631.169291,0.000000
106631.171793,0.000000
106631.174295,0.000000
106631.176797,0.005970
106631.179299,0.000000
106631.181800,0.000000
106631.184302,0.000000
106631.186804,0.022176
106631.189306,0.000000
106631.191808,0.000178
106631.194309,0.008330
106631.196811,0.021316
106631.199313,0.011172
106631.201815,0.015712
106631.204317,0.012414
106631.206818,0.000000
106631.209320,0.005166
106631.211822,0.012189
106631.214324,0.000000
106631.216826,0.000000
106631.219327,0.000000
106631.221829,0.011097
106631.224331,0.000000
106631.226833,0.000000
106631.229335,0.000000
106631.231836,0.000000
106631.234338,0.000000
106631.236840,0.003495
106631.239342,0.000000
106631.241844,0.002555
106631.244345,0.000000
106631.246847,0.000000
106631.249349,0.000000
106631.251851,0.000000
106631.254353,0.000000
106631.256854,0.001738
106631.259356,0.003876
106631.261858,0.004417
106631.264360,0.000000
106631.266862,0.015202
106631.269363,0.000000
106631.271865,0.006466
106631.274367,0.000000
106631.276869,0.005395
106631.279371,0.000000
106631.281872,0.005654
106631.284374,0.000000
106631.286876,0.011689
106631.289378,0.000000
106631.291879,0.000000
106631.294381,0.000000
106631.296883,0.015353
106631.299385,0.000000
106631.301887,0.001322
106631.304388,0.000000
106631.306890,0.000942
106631.309392,0.000000
106631.311894,0.000000
106631.314396,0.000000
106631.316897,0.006393
106631.319399,0.007926
106631.321901,0.008317
106631.324403,0.000000
106631.326905,0.000000
106631.329406,0.000000
106631.331908,0.000000
106631.334410,0.000230
106631.336912,0.000000
106631.339414,0.007347
106631.341915,0.001167
106631.344417,0.000000
106631.346919,0.013297
106631.349421,0.000000
106631.351923,0.000000
106631.354424,0.000000
106631.356926,0.000000
106631.359428,0.007538
106631.361930,0.000000
106631.364432,0.000000
106631.366933,0.034212
106631.369435,0.000000
106631.371937,0.023707
106631.374439,0.000000
106631.376941,0.000000
106631.379442,0.008141
106631.381944,0.019198
106631.384446,0.000000
106631.386948,0.000000
106631.389450,0.012164
106631.391951,0.004137
106631.394453,0.015827
106631.396955,0.007399
106631.399457,0.025972
106631.401959,0.002565
106631.404460,0.003186
106631.406962,0.004621
106631.409464,0.000000
106631.411966,0.012181
106631.414468,0.003405
106631.416969,0.011321
106631.419471,0.013566
106631.421973,0.006154
106631.424475,0.007206
106631.426976,0.000000
106631.429478,0.000000
106631.431980,0.012114
106631.434482,0.020448
106631.436984,0.000000
106631.439485,0.000000
106631.441987,0.000339
106631.444489,0.000000
106631.446991,0.000000
106631.449493,0.006821
106631.451994,0.022714
106631.454496,0.000000
106631.456998,0.000000
106631.459500,0.006654
106631.462002,0.011206
106631.464503,0.004584
106631.467005,0.025299
106631.469507,0.000415
106631.472009,0.018844
106631.474511,0.000000
106631.477012,0.000833
106631.479514,0.000000
106631.482016,0.012939
106631.484518,0.000000
106631.487020,0.005139
106631.489521,0.000000
106631.492023,0.008423
106631.494525,0.005708
106631.497027,0.000000
106631.499529,0.000000
106631.502030,0.000000
106631.504532,0.009474
106631.507034,0.026757
106631.509536,0.004352
106631.512038,0.014471
106631.514539,0.000000
106631.517041,0.028912
106631.519543,0.008700
106631.522045,0.000000
106631.524547,0.000000
106631.527048,0.000000
106631.529550,0.000000
106631.532052,0.027440
106631.534554,0.000000
106631.537056,0.000000
106631.539557,0.000000
106631.542059,0.000000
106631.544561,0.000220
106631.547063,0.015640
106631.549565,0.000000
106631.552066,0.000000
106631.554568,0.004192
106631.557070,0.000000
106631.559572,0.014402
106631.562073,0.000000
106631.564575,0.000000
106631.567077,0.000000
106631.569579,0.001278
106631.572081,0.000000
106631.574582,0.000000
106631.577084,0.000000
106631.579586,0.000000
106631.582088,0.010273
106631.584590,0.012212
106631.587091,0.000000
106631.589593,0.018665
106631.592095,0.000000
106631.594597,0.000000
106631.597099,0.000000
106631.599600,0.017498
106631.602102,0.000000
106631.604604,0.000000
106631.607106,0.000000
106631.609608,0.000000
106631.612109,0.005813
106631.614611,0.000000
106631.617113,0.000000
106631.619615,0.000000
106631.622117,0.017856
106631.624618,0.000000
106631.627120,0.000000
106631.629622,0.017390
106631.632124,0.007098
106631.634626,0.002573
106631.637127,0.000000
106631.639629,0.000438
106631.642131,0.000000
106631.644633,0.000000
106631.647135,0.000000
106631.649636,0.011262
106631.652138,0.000000
106631.654640,0.004517
106631.657142,0.002179
106631.659644,0.006333
106631.662145,0.000000
106631.664647,0.000000
106631.667149,0.000000
106631.669651,0.000000
106631.672153,0.000000
106631.674654,0.000000
106631.677156,0.000000
106631.679658,0.000000
106631.682160,0.014968
106631.684662,0.003220
106631.687163,0.000000
106631.689665,0.032627
106631.692167,0.000000
106631.694669,0.014013
106631.697170,0.000000
106631.699672,0.011276
106631.702174,0.001565
106631.704676,0.000000
106631.707178,0.001373
106631.709679,0.004854
106631.712181,0.000000
106631.714683,0.031266
106631.717185,0.023996
106631.719687,0.090260
106631.722188,0.218441
106631.724690,0.494869
106631.727192,0.722387
106631.729694,0.731571
106631.732196,0.529758
106631.734697,0.259784
106631.737199,0.096022
106631.739701,0.018120
106631.742203,0.012842
106631.744705,0.000000
106631.747206,0.008164
106631.749708,0.000000
106631.752210,0.000000
106631.754712,0.008848
106631.757214,0.000000
106631.759715,0.009344
106631.762217,0.007943
106631.764719,0.000000
106631.767221,0.016687
106631.769723,0.001117
106631.772224,0.015832
106631.774726,0.025760
106631.777228,0.000000
106631.779730,0.009264
106631.782232,0.000000
106631.784733,0.000000
106631.787235,0.000000
106631.789737,0.000000
106631.792239,0.000000
106631.794741,0.008495
106631.797242,0.000000
106631.799744,0.010205
106631.802246,0.004300
106631.804748,0.026588
106631.807250,0.007531
106631.809751,0.016004
106631.812253,0.005772
106631.814755,0.004473
106631.817257,0.016729
106631.819759,0.009606
106631.822260,0.003017
106631.824762,0.002954
106631.827264,0.007731
106631.829766,0.000000
106631.832267,0.000000
106631.834769,0.020473
106631.837271,0.026779
106631.839773,0.000000
106631.842275,0.000000
106631.844776,0.016410
106631.847278,0.007663
106631.849780,0.009716
106631.852282,0.012878
106631.854784,0.000000
106631.857285,0.004739
106631.859787,0.003622
106631.862289,0.000000
106631.864791,0.004526
106631.867293,0.017777
106631.869794,0.000000
106631.872296,0.002191
106631.874798,0.002969
106631.877300,0.000000
106631.879802,0.009722
106631.882303,0.000000
106631.884805,0.019141
106631.887307,0.008994
106631.889809,0.000000
106631.892311,0.024389
106631.894812,0.002414
106631.897314,0.000000
106631.899816,0.015865
106631.902318,0.007105
106631.904820,0.000000
106631.907321,0.000000
106631.909823,0.004009
106631.912325,0.000000
106631.914827,0.001222
106631.917329,0.002269
106631.919830,0.000000
106631.922332,0.003887
106631.924834,0.000107
106631.927336,0.000000
106631.929838,0.013208
106631.932339,0.012034
106631.934841,0.000000
106631.937343,0.000000
106631.939845,0.010431
106631.942347,0.000000
106631.944848,0.000000
106631.947350,0.006994
106631.949852,0.000000
106631.952354,0.000000
106631.954856,0.020940
106631.957357,0.000000
106631.959859,0.000025
106631.962361,0.007320
106631.964863,0.007258
106631.967364,0.000000
106631.969866,0.000000
106631.972368,0.000519
106631.974870,0.003907
106631.977372,0.004154
106631.979873,0.037164
106631.982375,0.000000
106631.984877,0.014077
106631.987379,0.016997
106631.989881,0.007078
106631.992382,0.000000
106631.994884,0.023910
106631.997386,0.000000
106631.999888,0.000000
106632.002390,0.016829
106632.004891,0.000000
106632.007393,0.022930
106632.009895,0.000000
106632.012397,0.000000
106632.014899,0.000000
106632.017400,0.005995
106632.019902,0.000000
106632.022404,0.000000
106632.024906,0.020401
106632.027408,0.021738
106632.029909,0.000000
106632.032411,0.000000
106632.034913,0.000000
106632.037415,0.003437
106632.039917,0.009422
106632.042418,0.000905
106632.044920,0.000000
106632.047422,0.000000
106632.049924,0.009408
106632.052426,0.024104
106632.054927,0.000000
106632.057429,0.000000
106632.059931,0.000000
106632.062433,0.000000
106632.064935,0.000000
106632.067436,0.005453
106632.069938,0.005817
106632.072440,0.020974
106632.074942,0.000126
106632.077444,0.000000
106632.079945,0.000000
106632.082447,0.000000
106632.084949,0.000000
106632.087451,0.008339
106632.089953,0.002789
106632.092454,0.008439
106632.094956,0.000000
106632.097458,0.011354
106632.099960,0.000000
106632.102461,0.016039
106632.104963,0.004950
106632.107465,0.000000
106632.109967,0.003046
106632.112469,0.000000
106632.114970,0.022925
106632.117472,0.003525
106632.119974,0.000000
106632.122476,0.000000
106632.124978,0.012111
106632.127479,0.010168
106632.129981,0.000000
106632.132483,0.000000
106632.134985,0.000000
106632.137487,0.000000
106632.139988,0.019375
106632.142490,0.000000
106632.144992,0.000000
106632.147494,0.000000
106632.149996,0.021739
106632.152497,0.008173
106632.154999,0.011433
106632.157501,0.013813
106632.160003,0.000000
106632.162505,0.001215
106632.165006,0.021381
106632.167508,0.002579
106632.170010,0.008439
106632.172512,0.012504
106632.175014,0.009235
106632.177515,0.000000
106632.180017,0.000000
106632.182519,0.011169
106632.185021,0.011146
106632.187523,0.016780
106632.190024,0.007915
106632.192526,0.008569
106632.195028,0.000000
106632.197530,0.000000
106632.200032,0.011212
106632.202533,0.000000
106632.205035,0.000000
106632.207537,0.019807
106632.210039,0.017531
106632.212541,0.004335
106632.215042,0.000000
106632.217544,0.000000
106632.220046,0.012462
106632.222548,0.000000
106632.225050,0.000000
106632.227551,0.017462
106632.230053,0.002608
106632.232555,0.000000
106632.235057,0.006879
106632.237558,0.013950
106632.240060,0.000000
106632.242562,0.000000
106632.245064,0.000000
106632.247566,0.006496
106632.250067,0.009078
106632.252569,0.000000
106632.255071,0.000000
106632.257573,0.014820
106632.260075,0.000000
106632.262576,0.003895
106632.265078,0.000000
106632.267580,0.002333
106632.270082,0.023717
106632.272584,0.043639
106632.275085,0.000000
106632.277587,0.014132
106632.280089,0.000000
106632.282591,0.015050
106632.285093,0.013749
106632.287594,0.020248
106632.290096,0.004093
106632.292598,0.000000
106632.295100,0.013324
106632.297602,0.001695
106632.300103,0.000000
106632.302605,0.000000
106632.305107,0.014454
106632.307609,0.023029
106632.310111,0.000000
106632.312612,0.008933
106632.315114,0.000000
106632.317616,0.000000
106632.320118,0.002122
106632.322620,0.000000
106632.325121,0.000000
106632.327623,0.000000
106632.330125,0.000000
106632.332627,0.000000
106632.335129,0.000000
106632.337630,0.000000
106632.340132,0.000000
106632.342634,0.005395
106632.345136,0.008525
106632.347638,0.003737
106632.350139,0.000000
106632.352641,0.000000
106632.355143,0.000000
106632.357645,0.000000
106632.360147,0.010106
106632.362648,0.000000
106632.365150,0.000000
106632.367652,0.000000
106632.370154,0.008605
106632.372655,0.000000
106632.375157,0.000179
106632.377659,0.004926
106632.380161,0.000000
106632.382663,0.000000
106632.385164,0.000000
106632.387666,0.007385
106632.390168,0.002621
106632.392670,0.008050
106632.395172,0.000000
106632.397673,0.000000
106632.400175,0.001214
106632.402677,0.000000
106632.405179,0.000000
106632.407681,0.013394
106632.410182,0.002774
106632.412684,0.000000
106632.415186,0.000000
106632.417688,0.038693
106632.420190,0.122380
106632.422691,0.320592
106632.425193,0.648771
106632.427695,0.984572
106632.430197,0.939985
106632.432699,0.684328
106632.435200,0.359735
106632.437702,0.121456
106632.440204,0.021150
106632.442706,0.000000
106632.445208,0.000000
106632.447709,0.005468
106632.450211,0.020844
106632.452713,0.000000
106632.455215,0.000000
106632.457717,0.010018
106632.460218,0.000000
106632.462720,0.003942
106632.465222,0.000600
106632.467724,0.000000
106632.470226,0.000000
106632.472727,0.025324
106632.475229,0.008683
106632.477731,0.015692
106632.480233,0.000000
106632.482735,0.015741
106632.485236,0.009178
106632.487738,0.000000
106632.490240,0.007753
106632.492742,0.000000
106632.495244,0.000000
106632.497745,0.001864
106632.500247,0.007742
106632.502749,0.002178
106632.505251,0.000000
106632.507752,0.000000
106632.510254,0.035428
106632.512756,0.000000
106632.515258,0.012538
106632.517760,0.000222
106632.520261,0.000000
106632.522763,0.000000
106632.525265,0.000000
106632.527767,0.000000
106632.530269,0.000000
106632.532770,0.000000
106632.535272,0.007273
106632.537774,0.000000
106632.540276,0.000000
106632.542778,0.000000
106632.545279,0.031254
106632.547781,0.000000
106632.550283,0.006264
106632.552785,0.000000
106632.555287,0.000000
106632.557788,0.008674
106632.560290,0.007969
106632.562792,0.000000
106632.565294,0.000000
106632.567796,0.008936
106632.570297,0.007934
106632.572799,0.000000
106632.575301,0.006348
106632.577803,0.000000
106632.580305,0.000000
106632.582806,0.000057
106632.585308,0.007455
106632.587810,0.004442
106632.590312,0.007313
106632.592814,0.000000
106632.595315,0.022721
106632.597817,0.000000
106632.600319,0.000000
106632.602821,0.000000
106632.605323,0.000000
106632.607824,0.007645
106632.610326,0.010952
106632.612828,0.022434
106632.615330,0.007472
106632.617832,0.003977
106632.620333,0.000000
106632.622835,0.000000
106632.625337,0.013936
106632.627839,0.013660
106632.630341,0.000000
106632.632842,0.010386
106632.635344,0.009342
106632.637846,0.000000
106632.640348,0.007763
106632.642849,0.000000
106632.645351,0.000000
106632.647853,0.000000
106632.650355,0.003703
106632.652857,0.000000
106632.655358,0.041181
106632.657860,0.005441
106632.660362,0.002113
106632.662864,0.006170
106632.665366,0.000000
106632.667867,0.013350
106632.670369,0.005185
106632.672871,0.004527
106632.675373,0.000000
106632.677875,0.000000
106632.680376,0.000000
106632.682878,0.004060
106632.685380,0.000000
106632.687882,0.004190
106632.690384,0.000000
106632.692885,0.006184
106632.695387,0.000000
106632.697889,0.002771
106632.700391,0.000000
106632.702893,0.000000
106632.705394,0.000000
106632.707896,0.022066
106632.710398,0.000000
106632.712900,0.001715
106632.715402,0.011456
106632.717903,0.033036
106632.720405,0.000000
106632.722907,0.000000
106632.725409,0.000000
106632.727911,0.016381
106632.730412,0.000000
106632.732914,0.000000
106632.735416,0.000000
106632.737918,0.012697
106632.740420,0.016636
106632.742921,0.012148
106632.745423,0.000000
106632.747925,0.008721
106632.750427,0.000000
106632.752929,0.000834
106632.755430,0.002946
106632.757932,0.004455
106632.760434,0.007679
106632.762936,0.000000
106632.765438,0.000000
106632.767939,0.007686
106632.770441,0.001402
106632.772943,0.000000
106632.775445,0.000000
106632.777946,0.022120
106632.780448,0.017685
106632.782950,0.010140
106632.785452,0.000000
106632.787954,0.000000
106632.790455,0.010983
106632.792957,0.005267
106632.795459,0.000000
106632.797961,0.016156
106632.800463,0.012180
106632.802964,0.002529
106632.805466,0.000504
106632.807968,0.000732
106632.810470,0.009766
106632.812972,0.000000
106632.815473,0.006118
106632.817975,0.000000
106632.820477,0.019197
106632.822979,0.007643
106632.825481,0.000000
106632.827982,0.001158
106632.830484,0.000000
106632.832986,0.021604
106632.835488,0.023310
106632.837990,0.010000
106632.840491,0.022358
106632.842993,0.002180
106632.845495,0.010966
106632.847997,0.017591
106632.850499,0.000000
106632.853000,0.001021
106632.855502,0.013410
106632.858004,0.009286
106632.860506,0.000000
106632.863008,0.000000
106632.865509,0.000000
106632.868011,0.000000
106632.870513,0.000000
106632.873015,0.000000
106632.875517,0.000000
106632.878018,0.011784
106632.880520,0.014904
106632.883022,0.007307
106632.885524,0.009085
106632.888026,0.009424
106632.890527,0.000000
106632.893029,0.000146
106632.895531,0.000000
106632.898033,0.007313
106632.900534,0.000000
106632.903036,0.000000
106632.905538,0.007868
106632.908040,0.000000
106632.910542,0.013813
106632.913043,0.007277
106632.915545,0.005470
106632.918047,0.010026
106632.920549,0.000000
106632.923051,0.002182
106632.925552,0.000144
106632.928054,0.000000
106632.930556,0.000000
106632.933058,0.000000
106632.935560,0.000000
106632.938061,0.000000
106632.940563,0.000000
106632.943065,0.012238
106632.945567,0.000000
106632.948069,0.000000
106632.950570,0.016752
106632.953072,0.013058
106632.955574,0.017470
106632.958076,0.000000
106632.960578,0.011265
106632.963079,0.000000
106632.965581,0.000000
106632.968083,0.000000
106632.970585,0.000000
106632.973087,0.000000
106632.975588,0.000000
106632.978090,0.000000
106632.980592,0.012301
106632.983094,0.000000
106632.985596,0.002893
106632.988097,0.002352
106632.990599,0.000786
106632.993101,0.001333
106632.995603,0.000000
106632.998105,0.020373
106633.000606,0.010927
106633.003108,0.000264
106633.005610,0.000000
106633.008112,0.000000
106633.010614,0.005998
106633.013115,0.021544
106633.015617,0.000000
106633.018119,0.009476
106633.020621,0.016183
106633.023123,0.000000
106633.025624,0.000000
106633.028126,0.000000
106633.030628,0.006184
106633.033130,0.000000
106633.035631,0.000000
106633.038133,0.000000
106633.040635,0.010344
106633.043137,0.003290
106633.045639,0.003317
106633.048140,0.002307
106633.050642,0.008223
106633.053144,0.000000
106633.055646,0.024428
106633.058148,0.000000
106633.060649,0.000000
106633.063151,0.000000
106633.065653,0.000000
106633.068155,0.009669
106633.070657,0.007919
106633.073158,0.017347
106633.075660,0.000000
106633.078162,0.010707
106633.080664,0.000816
106633.083166,0.002393
106633.085667,0.008986
106633.088169,0.000000
106633.090671,0.037161
106633.093173,0.019130
106633.095675,0.000000
106633.098176,0.000000
106633.100678,0.000000
106633.103180,0.002618
106633.105682,0.015306
106633.108184,0.000000
106633.110685,0.004154
106633.113187,0.000000
106633.115689,0.010894
106633.118191,0.023930
106633.120693,0.126944
106633.123194,0.250413
106633.125696,0.549579
106633.128198,0.703457
106633.130700,0.687675
106633.133202,0.460861
106633.135703,0.238778
106633.138205,0.063750
106633.140707,0.000160
106633.143209,0.006255
106633.145711,0.006893
106633.148212,0.000607
106633.150714,0.000000
106633.153216,0.026269
106633.155718,0.002095
106633.158220,0.011572
106633.160721,0.002053
106633.163223,0.000000
106633.165725,0.007898
106633.168227,0.000000
106633.170728,0.000000
106633.173230,0.004387
106633.175732,0.000000
106633.178234,0.000000
106633.180736,0.013063
106633.183237,0.000000
106633.185739,0.000000
106633.188241,0.002391
106633.190743,0.000000
106633.193245,0.005998
106633.195746,0.000000
106633.198248,0.002853
106633.200750,0.000000
106633.203252,0.002781
106633.205754,0.015873
106633.208255,0.000000
106633.210757,0.013147
106633.213259,0.000000
106633.215761,0.010549
106633.218263,0.001850
106633.220764,0.000000
106633.223266,0.005023
106633.225768,0.017431
106633.228270,0.003391
106633.230772,0.006873
106633.233273,0.000000
106633.235775,0.022563
106633.238277,0.009197
106633.240779,0.001116
106633.243281,0.000000
106633.245782,0.014046
106633.248284,0.000000
106633.250786,0.000000
106633.253288,0.001040
106633.255790,0.017092
106633.258291,0.022856
106633.260793,0.000000
106633.263295,0.000626
106633.265797,0.007462
106633.268299,0.000000
106633.270800,0.007417
106633.273302,0.000000
106633.275804,0.014526
106633.278306,0.010384
106633.280808,0.011637
106633.283309,0.000000
106633.285811,0.027662
106633.288313,0.006951
106633.290815,0.003552
106633.293317,0.000000
106633.295818,0.000000
106633.298320,0.001643
106633.300822,0.000000
106633.303324,0.000000
106633.305825,0.000000
106633.308327,0.000803
106633.310829,0.000000
106633.313331,0.000000
106633.315833,0.000000
106633.318334,0.000000
106633.320836,0.014870
106633.323338,0.029479
106633.325840,0.009744
106633.328342,0.000000
106633.330843,0.000000
106633.333345,0.008560
106633.335847,0.006942
106633.338349,0.014181
106633.340851,0.000000
106633.343352,0.000000
106633.345854,0.025170
106633.348356,0.000843
106633.350858,0.000000
106633.353360,0.021188
106633.355861,0.000000
106633.358363,0.000000
106633.360865,0.011051
106633.363367,0.013081
106633.365869,0.005947
106633.368370,0.000000
106633.370872,0.000000
106633.373374,0.000000
106633.375876,0.000000
106633.378378,0.020282
106633.380879,0.000000
106633.383381,0.004540
106633.385883,0.017150
106633.388385,0.005479
106633.390887,0.017826
106633.393388,0.008097
106633.395890,0.006167
106633.398392,0.005269
106633.400894,0.008811
106633.403396,0.000000
106633.405897,0.000000
106633.408399,0.013703
106633.410901,0.016686
106633.413403,0.003619
106633.415905,0.000000
106633.418406,0.000000
106633.420908,0.001232
106633.423410,0.000000
106633.425912,0.000000
106633.428414,0.000000
106633.430915,0.000000
106633.433417,0.004960
106633.435919,0.000000
106633.438421,0.000000
106633.440922,0.000000
106633.443424,0.000000
106633.445926,0.000000
106633.448428,0.000000
106633.450930,0.000000
106633.453431,0.000000
106633.455933,0.000000
106633.458435,0.003453
106633.460937,0.000000
106633.463439,0.006110
106633.465940,0.000000
106633.468442,0.000000
106633.470944,0.000000
106633.473446,0.009868
106633.475948,0.012459
106633.478449,0.023159
106633.480951,0.000000
106633.483453,0.000000
106633.485955,0.000000
106633.488457,0.000000
106633.490958,0.003283
106633.493460,0.000000
106633.495962,0.017701
106633.498464,0.000000
106633.500966,0.006986
106633.503467,0.000000
106633.505969,0.000000
106633.508471,0.007743
106633.510973,0.000000
106633.513475,0.000000
106633.515976,0.000000
106633.518478,0.025639
106633.520980,0.000000
106633.523482,0.000740
106633.525984,0.000000
106633.528485,0.003180
106633.530987,0.000000
106633.533489,0.000000
106633.535991,0.005658
106633.538493,0.000000
106633.540994,0.015646
106633.543496,0.017027
106633.545998,0.008711
106633.548500,0.001004
106633.551002,0.000000
106633.553503,0.006094
106633.556005,0.000000
106633.558507,0.000000
106633.561009,0.000000
106633.563511,0.007089
106633.566012,0.000000
106633.568514,0.001701
106633.571016,0.012994
106633.573518,0.000000
106633.576019,0.017466
106633.578521,0.000000
106633.581023,0.008624
106633.583525,0.000000
106633.586027,0.014810
106633.588528,0.012582
106633.591030,0.006727
106633.593532,0.000000
106633.596034,0.000000
106633.598536,0.000000
106633.601037,0.015948
106633.603539,0.001867
106633.606041,0.000000
106633.608543,0.000000
106633.611045,0.017999
106633.613546,0.007008
106633.616048,0.000000
106633.618550,0.000000
106633.621052,0.000000
106633.623554,0.000000
106633.626055,0.000000
106633.628557,0.035213
106633.631059,0.000000
106633.633561,0.000000
106633.636063,0.018843
106633.638564,0.010759
106633.641066,0.000000
106633.643568,0.000000
106633.646070,0.000000
106633.648572,0.000000
106633.651073,0.003497
106633.653575,0.015873
106633.656077,0.000000
106633.658579,0.000000
106633.661081,0.000000
106633.663582,0.003236
106633.666084,0.011258
106633.668586,0.009044
106633.671088,0.000000
106633.673590,0.002109
106633.676091,0.000000
106633.678593,0.014522
106633.681095,0.000000
106633.683597,0.000000
106633.686099,0.000000
106633.688600,0.006585
106633.691102,0.003505
106633.693604,0.000000
106633.696106,0.000000
106633.698608,0.000000
106633.701109,0.000000
106633.703611,0.000000
106633.706113,0.013933
106633.708615,0.000000
106633.711116,0.001756
106633.713618,0.000780
106633.716120,0.013583
106633.718622,0.015647
106633.721124,0.009996
106633.723625,0.005069
106633.726127,0.000000
106633.728629,0.000000
106633.731131,0.000000
106633.733633,0.010800
106633.736134,0.001053
106633.738636,0.012477
106633.741138,0.014403
106633.743640,0.000000
106633.746142,0.000461
106633.748643,0.000000
106633.751145,0.000000
106633.753647,0.000000
106633.756149,0.017017
106633.758651,0.000746
106633.761152,0.000189
106633.763654,0.000000
106633.766156,0.009698
106633.768658,0.000000
106633.771160,0.006534
106633.773661,0.006926
106633.776163,0.000000
106633.778665,0.004562
106633.781167,0.002667
106633.783669,0.000000
106633.786170,0.000186
106633.788672,0.000887
106633.791174,0.001866
106633.793676,0.000865
106633.796178,0.000000
106633.798679,0.000000
106633.801181,0.003805
106633.803683,0.001397
106633.806185,0.013699
106633.808687,0.008906
106633.811188,0.000000
106633.813690,0.000000
106633.816192,0.000000
106633.818694,0.000000
106633.821196,0.000000
106633.823697,0.008783
106633.826199,0.002547
106633.828701,0.017675
106633.831203,0.003462
106633.833705,0.000000
106633.836206,0.000000
106633.838708,0.008672
106633.841210,0.000000
106633.843712,0.000000
106633.846213,0.000154
106633.848715,0.013658
106633.851217,0.018773
106633.853719,0.000000
106633.856221,0.015237
106633.858722,0.001038
106633.861224,0.000000
106633.863726,0.000000
106633.866228,0.000000
106633.868730,0.013189
106633.871231,0.000000
106633.873733,0.000000
106633.876235,0.000000
106633.878737,0.000000
106633.881239,0.000000
106633.883740,0.000000
106633.886242,0.003318
106633.888744,0.000000
106633.891246,0.014277
106633.893748,0.017107
106633.896249,0.000000
106633.898751,0.000000
106633.901253,0.014287
106633.903755,0.000000
106633.906257,0.000000
106633.908758,0.000000
106633.911260,0.000000
106633.913762,0.015917
106633.916264,0.008703
106633.918766,0.000000
106633.921267,0.002042
106633.923769,0.000000
106633.926271,0.000000
106633.928773,0.022310
106633.931275,0.000769
106633.933776,0.013359
106633.936278,0.003332
106633.938780,0.018877
106633.941282,0.000000
106633.943784,0.000000
106633.946285,0.023624
106633.948787,0.013734
106633.951289,0.019037
106633.953791,0.000000
106633.956293,0.000000
106633.958794,0.000000
106633.961296,0.000000
106633.963798,0.011592
106633.966300,0.007371
106633.968802,0.000000
106633.971303,0.007299
106633.973805,0.002046
106633.976307,0.013820
106633.978809,0.013684
106633.981310,0.000000
106633.983812,0.003930
106633.986314,0.000000
106633.988816,0.001911
106633.991318,0.008680
106633.993819,0.000000
106633.996321,0.000000
106633.998823,0.000137
106634.001325,0.003360
106634.003827,0.000000
106634.006328,0.000000
106634.008830,0.000000
106634.011332,0.000000
106634.013834,0.000000
106634.016336,0.000000
106634.018837,0.000000
106634.021339,0.000000
106634.023841,0.000000
106634.026343,0.000000
106634.028845,0.013370
106634.031346,0.018119
106634.033848,0.035037
106634.036350,0.024297
106634.038852,0.000000
106634.041354,0.000000
106634.043855,0.000000
106634.046357,0.000000
106634.048859,0.000999
106634.051361,0.034581
106634.053863,0.000000
106634.056364,0.000000
106634.058866,0.023611
106634.061368,0.000000
106634.063870,0.005653
106634.066372,0.014861
106634.068873,0.006988
106634.071375,0.002754
106634.073877,0.013481
106634.076379,0.000000
106634.078881,0.000000
106634.081382,0.007693
106634.083884,0.000000
106634.086386,0.020347
106634.088888,0.004358
106634.091390,0.002198
106634.093891,0.000000
106634.096393,0.000000
106634.098895,0.000000
106634.101397,0.011597
106634.103899,0.000000
106634.106400,0.011323
106634.108902,0.000000
106634.111404,0.000000
106634.113906,0.003642
106634.116407,0.003868
106634.118909,0.000000
106634.121411,0.008976
106634.123913,0.000000
106634.126415,0.000000
106634.128916,0.002207
106634.131418,0.000000
106634.133920,0.000000
106634.136422,0.010888
106634.138924,0.000000
106634.141425,0.000000
106634.143927,0.002198
106634.146429,0.000285
106634.148931,0.016791
106634.151433,0.000000
106634.153934,0.006140
106634.156436,0.000000
106634.158938,0.008804
106634.161440,0.020015
106634.163942,0.001976
106634.166443,0.011230
106634.168945,0.020903
106634.171447,0.019493
106634.173949,0.000000
106634.176451,0.014886
106634.178952,0.003573
106634.181454,0.016047
106634.183956,0.008167
106634.186458,0.003959
106634.188960,0.006233
106634.191461,0.003666
106634.193963,0.004228
106634.196465,0.000000
106634.198967,0.000000
106634.201469,0.025325
106634.203970,0.006859
106634.206472,0.000000
106634.208974,0.000000
106634.211476,0.015171
106634.213978,0.000000
106634.216479,0.000000
106634.218981,0.000000
106634.221483,0.000000
106634.223985,0.000000
106634.226487,0.000000
106634.228988,0.019896
106634.231490,0.000000
106634.233992,0.000000
106634.236494,0.000000
106634.238996,0.000000
106634.241497,0.000000
106634.243999,0.000000
106634.246501,0.029653
106634.249003,0.009534
106634.251504,0.000000
106634.254006,0.010027
106634.256508,0.000000
106634.259010,0.000000
106634.261512,0.024477
106634.264013,0.000000
106634.266515,0.000000
106634.269017,0.004396
106634.271519,0.000000
106634.274021,0.009345
106634.276522,0.000000
106634.279024,0.009536
106634.281526,0.008417
106634.284028,0.000000
106634.286530,0.024570
106634.289031,0.000000
106634.291533,0.019374
106634.294035,0.016876
106634.296537,0.025435
106634.299039,0.002500
106634.301540,0.000000
106634.304042,0.029829
106634.306544,0.000000
106634.309046,0.000000
106634.311548,0.000000
106634.314049,0.000000
106634.316551,0.007557
106634.319053,0.000000
106634.321555,0.000000
106634.324057,0.013900
106634.326558,0.008958
106634.329060,0.000224
106634.331562,0.002454
106634.334064,0.000176
106634.336566,0.000000
106634.339067,0.000000
106634.341569,0.007050
106634.344071,0.000000
106634.346573,0.006029
106634.349075,0.000000
106634.351576,0.000000
106634.354078,0.000000
106634.356580,0.000000
106634.359082,0.018488
106634.361584,0.010428
106634.364085,0.000000
106634.366587,0.006284
106634.369089,0.000000
106634.371591,0.000000
106634.374093,0.000000
106634.376594,0.013960
106634.379096,0.000000
106634.381598,0.000000
106634.384100,0.000000
106634.386601,0.011144
106634.389103,0.000000
106634.391605,0.000000
106634.394107,0.000000
106634.396609,0.004346
106634.399110,0.000187
106634.401612,0.000000
106634.404114,0.000000
106634.406616,0.000000
106634.409118,0.000000
106634.411619,0.010320
106634.414121,0.000000
106634.416623,0.000000
106634.419125,0.000000
106634.421627,0.000000
106634.424128,0.000000
106634.426630,0.012755
106634.429132,0.000000
106634.431634,0.005752
106634.434136,0.000000
106634.436637,0.009176
106634.439139,0.000000
106634.441641,0.000000
106634.444143,0.000000
106634.446645,0.026342
106634.449146,0.025708
106634.451648,0.006988
106634.454150,0.000000
106634.456652,0.004365
106634.459154,0.004551
106634.461655,0.000000
106634.464157,0.006333
106634.466659,0.002991
106634.469161,0.000000
106634.471663,0.000000
106634.474164,0.000000
106634.476666,0.011484
106634.479168,0.000000
106634.481670,0.004313
106634.484172,0.000000
106634.486673,0.000000
106634.489175,0.000000
106634.491677,0.000000
106634.494179,0.000000
106634.496681,0.017317
106634.499182,0.000000
106634.501684,0.000000
106634.504186,0.023239
106634.506688,0.011706
106634.509190,0.000000
106634.511691,0.006142
106634.514193,0.000000
106634.516695,0.000000
106634.519197,0.006818
106634.521698,0.000000
106634.524200,0.001084
106634.526702,0.014670
106634.529204,0.013088
106634.531706,0.000000
106634.534207,0.006981
106634.536709,0.000000
106634.539211,0.006469
106634.541713,0.002133
106634.544215,0.005443
106634.546716,0.000000
106634.549218,0.029934
106634.551720,0.000000
106634.554222,0.013955
106634.556724,0.000000
106634.559225,0.007244
106634.561727,0.008270
106634.564229,0.000790
106634.566731,0.000000
106634.569233,0.002027
106634.571734,0.003835
106634.574236,0.025709
106634.576738,0.000000
106634.579240,0.000000
106634.581742,0.004090
106634.584243,0.000000
106634.586745,0.000000
106634.589247,0.015374
106634.591749,0.000000
106634.594251,0.000000
106634.596752,0.000000
106634.599254,0.000000
106634.601756,0.034538
106634.604258,0.008592
106634.606760,0.013667
106634.609261,0.000000
106634.611763,0.010898
106634.614265,0.000000
106634.616767,0.014913
106634.619269,0.000000
106634.621770,0.000000
106634.624272,0.007256
106634.626774,0.004545
106634.629276,0.001215
106634.631778,0.000000
106634.634279,0.001434
106634.636781,0.013797
106634.639283,0.000000
106634.641785,0.018887
106634.644286,0.000000
106634.646788,0.000094
106634.649290,0.022052
106634.651792,0.000000
106634.654294,0.015139
106634.656795,0.028362
106634.659297,0.002457
106634.661799,0.000000
106634.664301,0.000000
106634.666803,0.018738
106634.669304,0.018337
106634.671806,0.020817
106634.674308,0.000000
106634.676810,0.014906
106634.679312,0.000000
106634.681813,0.000000
106634.684315,0.016147
106634.686817,0.023468
106634.689319,0.000000
106634.691821,0.000000
106634.694322,0.000574
106634.696824,0.013733
106634.699326,0.000000
106634.701828,0.003261
106634.704330,0.000000
106634.706831,0.010066
106634.709333,0.000000
106634.711835,0.011086
106634.714337,0.000000
106634.716839,0.000000
106634.719340,0.000915
106634.721842,0.000000
106634.724344,0.000000
106634.726846,0.004846
106634.729348,0.000000
106634.731849,0.000000
106634.734351,0.000000
106634.736853,0.019062
106634.739355,0.000000
106634.741857,0.000000
106634.744358,0.013575
106634.746860,0.000000
106634.749362,0.003856
106634.751864,0.000370
106634.754366,0.000000
106634.756867,0.004225
106634.759369,0.011106
106634.761871,0.000000
106634.764373,0.000000
106634.766875,0.000000
106634.769376,0.000000
106634.771878,0.004066
106634.774380,0.000000
106634.776882,0.009045
106634.779383,0.000000
106634.781885,0.001510
106634.784387,0.010059
106634.786889,0.000000
106634.789391,0.005304
106634.791892,0.003844
106634.794394,0.000000
106634.796896,0.000000
106634.799398,0.008550
106634.801900,0.010104
106634.804401,0.001632
106634.806903,0.000000
106634.809405,0.000000
106634.811907,0.000000
106634.814409,0.009889
106634.816910,0.000000
106634.819412,0.000000
106634.821914,0.000000
106634.824416,0.000000
106634.826918,0.000000
106634.829419,0.000000
106634.831921,0.000000
106634.834423,0.000000
106634.836925,0.000000
106634.839427,0.000000
106634.841928,0.007118
106634.844430,0.000000
106634.846932,0.001290
106634.849434,0.000000
106634.851936,0.000000
106634.854437,0.004270
106634.856939,0.003371
106634.859441,0.000000
106634.861943,0.000000
106634.864445,0.000000
106634.866946,0.020148
106634.869448,0.009874
106634.871950,0.009357
106634.874452,0.000000
106634.876954,0.000000
106634.879455,0.000000
106634.881957,0.000000
106634.884459,0.012782
106634.886961,0.020882
106634.889463,0.029616
106634.891964,0.000000
106634.894466,0.001685
106634.896968,0.019000
106634.899470,0.000000
106634.901972,0.000000
106634.904473,0.000000
106634.906975,0.016268
106634.909477,0.000000
106634.911979,0.000000
106634.914480,0.004077
106634.916982,0.002198
106634.919484,0.002417
106634.921986,0.000000
106634.924488,0.023302
106634.926989,0.000000
106634.929491,0.023259
106634.931993,0.008102
106634.934495,0.005044
106634.936997,0.000000
106634.939498,0.013989
106634.942000,0.001623
106634.944502,0.000000
106634.947004,0.000000
106634.949506,0.006068
106634.952007,0.000000
106634.954509,0.000000
106634.957011,0.015185
106634.959513,0.004366
106634.962015,0.000000
106634.964516,0.020252
106634.967018,0.007869
106634.969520,0.014619
106634.972022,0.000000
106634.974524,0.004752
106634.977025,0.012096
106634.979527,0.024422
106634.982029,0.000000
106634.984531,0.017324
106634.987033,0.023618
106634.989534,0.000000
106634.992036,0.006874
106634.994538,0.008871
106634.997040,0.000000
106634.999542,0.000000
106635.002043,0.009592
106635.004545,0.000000
106635.007047,0.000000
106635.009549,0.011669
106635.012051,0.025194
106635.014552,0.007727
106635.017054,0.001917
106635.019556,0.000000
106635.022058,0.000000
106635.024560,0.015937
106635.027061,0.000000
106635.029563,0.016528
106635.032065,0.000000
106635.034567,0.000000
106635.037069,0.006044
106635.039570,0.000000
106635.042072,0.000000
106635.044574,0.026103
106635.047076,0.000000
106635.049577,0.013323
106635.052079,0.012092
106635.054581,0.000000
106635.057083,0.000000
106635.059585,0.000000
106635.062086,0.000000
106635.064588,0.024797
106635.067090,0.000000
106635.069592,0.012780
106635.072094,0.007377
106635.074595,0.003792
106635.077097,0.000579
106635.079599,0.017769
106635.082101,0.000000
106635.084603,0.024796
106635.087104,0.000000
106635.089606,0.011225
106635.092108,0.000000
106635.094610,0.000000
106635.097112,0.001340
106635.099613,0.000000
106635.102115,0.000000
106635.104617,0.000000
106635.107119,0.000000
106635.109621,0.007157
106635.112122,0.000426
106635.114624,0.000000
106635.117126,0.019021
106635.119628,0.000000
106635.122130,0.000000
106635.124631,0.000000
106635.127133,0.008834
106635.129635,0.000692
106635.132137,0.000000
106635.134639,0.000000
106635.137140,0.012425
106635.139642,0.000000
106635.142144,0.001661
106635.144646,0.000000
106635.147148,0.000000
106635.149649,0.021535
106635.152151,0.000000
106635.154653,0.000000
106635.157155,0.021265
106635.159657,0.009203
106635.162158,0.000000
106635.164660,0.017905
106635.167162,0.006418
106635.169664,0.003342
106635.172166,0.003240
106635.174667,0.006682
106635.177169,0.007263
106635.179671,0.031541
106635.179671,0.000000
106661.495460,0.000000
106687.811250,0.000000
106714.127039,0.000000
106740.442829,0.026757
106766.758618,0.014140
106793.074408,0.000000
106819.390197,0.000431
106845.705987,0.000000
106872.021776,0.000000
106898.337566,0.002146
106924.653355,0.000000
106950.969145,0.000000
106977.284934,0.007036
107003.600724,0.000000
107029.916513,0.000000
107056.232302,0.000000
107082.548092,0.000000
107108.863881,0.000000
107135.179671,0.000000
