wavenumber_cm-1,intensity
81757.434436,0.000000
81783.750225,0.013045
81810.066015,0.000000
81836.381804,0.018573
81862.697594,0.135112
81889.013383,0.000000
81915.329173,0.103459
81941.644962,0.132266
81967.960752,0.000000
81994.276541,0.000000
82020.592331,0.026660
82046.908120,0.000000
82073.223909,0.164978
82099.539699,0.003073
82125.855488,0.000000
82152.171278,0.000000
82178.487067,0.096227
82204.802857,0.000000
82231.118646,0.003870
82257.434436,0.084387
82257.434436,0.000000
82257.436937,0.000000
82257.439439,0.000000
82257.441940,0.060330
82257.444442,0.052157
82257.446944,0.000000
82257.449445,0.005620
82257.451947,0.000000
82257.454448,0.000000
82257.456950,0.022743
82257.459451,0.167061
82257.461953,0.000000
82257.464455,0.000000
82257.466956,0.000000
82257.469458,0.063974
82257.471959,0.039597
82257.474461,0.000000
82257.476962,0.000000
82257.479464,0.008156
82257.481965,0.000000
82257.484467,0.012663
82257.486969,0.076946
82257.489470,0.000000
82257.491972,0.000000
82257.494473,0.139448
82257.496975,0.000000
82257.499476,0.100292
82257.501978,0.000000
82257.504480,0.000000
82257.506981,0.038707
82257.509483,0.000000
82257.511984,0.011698
82257.514486,0.000000
82257.516987,0.000000
82257.519489,0.029796
82257.521991,0.000000
82257.524492,0.000000
82257.526994,0.000000
82257.529495,0.140504
82257.531997,0.077405
82257.534498,0.085125
82257.537000,0.000000
82257.539501,0.000000
82257.542003,0.172422
82257.544505,0.000000
82257.547006,0.000000
82257.549508,0.036799
82257.552009,0.103044
82257.554511,0.000000
82257.557012,0.112885
82257.559514,0.095618
82257.562016,0.000000
82257.564517,0.000000
82257.567019,0.084540
82257.569520,0.000000
82257.572022,0.000000
82257.574523,0.000000
82257.577025,0.000000
82257.579526,0.000000
82257.582028,0.000000
82257.584530,0.000000
82257.587031,0.000000
82257.589533,0.202352
82257.592034,0.164877
82257.594536,0.000000
82257.597037,0.139684
82257.599539,0.000000
82257.602041,0.011406
82257.604542,0.000000
82257.607044,0.000000
82257.609545,0.086864
82257.612047,0.011114
82257.614548,0.000000
82257.617050,0.000000
82257.619551,0.000000
82257.622053,0.000000
82257.624555,0.001079
82257.627056,0.000000
82257.629558,0.000000
82257.632059,0.120966
82257.634561,0.105886
82257.637062,0.000000
82257.639564,0.000000
82257.642066,0.165973
82257.644567,0.045977
82257.647069,0.000000
82257.649570,0.000000
82257.652072,0.034775
82257.654573,0.073221
82257.657075,0.000000
82257.659576,0.025710
82257.662078,0.000000
82257.664580,0.000000
82257.667081,0.000000
82257.669583,0.000000
82257.672084,0.085585
82257.674586,0.000000
82257.677087,0.004638
82257.679589,0.000000
82257.682091,0.031823
82257.684592,0.000000
82257.687094,0.000000
82257.689595,0.117650
82257.692097,0.082015
82257.694598,0.000000
82257.697100,0.043949
82257.699602,0.047448
82257.702103,0.056708
82257.704605,0.000000
82257.707106,0.088873
82257.709608,0.000000
82257.712109,0.000000
82257.714611,0.232897
82257.717112,0.026652
82257.719614,0.000000
82257.722116,0.000000
82257.724617,0.122702
82257.727119,0.000000
82257.729620,0.000000
82257.732122,0.000000
82257.734623,0.125054
82257.737125,0.068269
82257.739627,0.000000
82257.742128,0.027219
82257.744630,0.000000
82257.747131,0.012330
82257.749633,0.006475
82257.752134,0.085532
82257.754636,0.085392
82257.757137,0.043613
82257.759639,0.000000
82257.762141,0.065495
82257.764642,0.000000
82257.767144,0.000000
82257.769645,0.000000
82257.772147,0.007463
82257.774648,0.080362
82257.777150,0.000000
82257.779652,0.000000
82257.782153,0.005010
82257.784655,0.010017
82257.787156,0.016408
82257.789658,0.081215
82257.792159,0.089960
82257.794661,0.000000
82257.797162,0.000000
82257.799664,0.000000
82257.802166,0.061698
82257.804667,0.127916
82257.807169,0.000000
82257.809670,0.000000
82257.812172,0.129501
82257.814673,0.044635
82257.817175,0.038515
82257.819677,0.000000
82257.822178,0.059925
82257.824680,0.000000
82257.827181,0.000000
82257.829683,0.000000
82257.832184,0.000000
82257.834686,0.000000
82257.837188,0.000000
82257.839689,0.084653
82257.842191,0.099563
82257.844692,0.000000
82257.847194,0.086388
82257.849695,0.000000
82257.852197,0.075662
82257.854698,0.000000
82257.857200,0.002541
82257.859702,0.000000
82257.862203,0.107018
82257.864705,0.000000
82257.867206,0.053666
82257.869708,0.097236
82257.872209,0.063245
82257.874711,0.205246
82257.877213,0.000000
82257.879714,0.084520
82257.882216,0.000000
82257.884717,0.108897
82257.887219,0.000000
82257.889720,0.000000
82257.892222,0.115312
82257.894723,0.000000
82257.897225,0.000000
82257.899727,0.000000
82257.902228,0.054654
82257.904730,0.122902
82257.907231,0.009812
82257.909733,0.116383
82257.912234,0.000000
82257.914736,0.000000
82257.917238,0.000000
82257.919739,0.000000
82257.922241,0.007425
82257.924742,0.061000
82257.927244,0.000000
82257.929745,0.012275
82257.932247,0.000000
82257.934748,0.000000
82257.937250,0.000000
82257.939752,0.000000
82257.942253,0.000000
82257.944755,0.002804
82257.947256,0.006681
82257.949758,0.000000
82257.952259,0.112367
82257.954761,0.000000
82257.957263,0.000000
82257.959764,0.245442
82257.962266,0.000000
82257.964767,0.000000
82257.967269,0.064847
82257.969770,0.000000
82257.972272,0.000000
82257.974773,0.189454
82257.977275,0.000000
82257.979777,0.000000
82257.982278,0.000000
82257.984780,0.079316
82257.987281,0.099306
82257.989783,0.000000
82257.992284,0.060320
82257.994786,0.122745
82257.997288,0.157804
82257.999789,0.000000
82258.002291,0.000000
82258.004792,0.000000
82258.007294,0.000000
82258.009795,0.000000
82258.012297,0.000000
82258.014799,0.098787
82258.017300,0.112519
82258.019802,0.000000
82258.022303,0.096985
82258.024805,0.031578
82258.027306,0.005695
82258.029808,0.080038
82258.032309,0.006379
82258.034811,0.181683
82258.037313,0.000000
82258.039814,0.000000
82258.042316,0.000000
82258.044817,0.038799
82258.047319,0.111948
82258.049820,0.000000
82258.052322,0.000000
82258.054824,0.074385
82258.057325,0.066655
82258.059827,0.000000
82258.062328,0.000000
82258.064830,0.000000
82258.067331,0.000000
82258.069833,0.000000
82258.072334,0.071450
82258.074836,0.010315
82258.077338,0.000000
82258.079839,0.077701
82258.082341,0.000000
82258.084842,0.029146
82258.087344,0.000000
82258.089845,0.000000
82258.092347,0.044522
82258.094849,0.046039
82258.097350,0.118040
82258.099852,0.000000
82258.102353,0.027056
82258.104855,0.000000
82258.107356,0.016068
82258.109858,0.038802
82258.112359,0.000000
82258.114861,0.000000
82258.117363,0.029265
82258.119864,0.032187
82258.122366,0.000000
82258.124867,0.000000
82258.127369,0.130305
82258.129870,0.043389
82258.132372,0.000000
82258.134874,0.000000
82258.137375,0.000000
82258.139877,0.115005
82258.142378,0.012154
82258.144880,0.000000
82258.147381,0.045000
82258.149883,0.000000
82258.152385,0.132509
82258.154886,0.119438
82258.157388,0.000000
82258.159889,0.000000
82258.162391,0.000000
82258.164892,0.000000
82258.167394,0.000000
82258.169895,0.011936
82258.172397,0.000000
82258.174899,0.000000
82258.177400,0.000000
82258.179902,0.044616
82258.182403,0.046603
82258.184905,0.000000
82258.187406,0.000000
82258.189908,0.000000
82258.192410,0.079613
82258.194911,0.069232
82258.197413,0.000000
82258.199914,0.000000
82258.202416,0.000000
82258.204917,0.000000
82258.207419,0.029662
82258.209920,0.000000
82258.212422,0.085656
82258.214924,0.000000
82258.217425,0.000000
82258.219927,0.000000
82258.222428,0.000000
82258.224930,0.000000
82258.227431,0.087934
82258.229933,0.000000
82258.232435,0.010963
82258.234936,0.000000
82258.237438,0.000000
82258.239939,0.000000
82258.242441,0.052895
82258.244942,0.000000
82258.247444,0.071436
82258.249945,0.000000
82258.252447,0.000000
82258.254949,0.046854
82258.257450,0.000000
82258.259952,0.003317
82258.262453,0.000000
82258.264955,0.011422
82258.267456,0.000000
82258.269958,0.000000
82258.272460,0.054383
82258.274961,0.091572
82258.277463,0.000000
82258.279964,0.000000
82258.282466,0.026021
82258.284967,0.061204
82258.287469,0.000000
82258.289970,0.000000
82258.292472,0.000000
82258.294974,0.062080
82258.297475,0.220585
82258.299977,0.000000
82258.302478,0.000000
82258.304980,0.035516
82258.307481,0.116630
82258.309983,0.009537
82258.312485,0.000000
82258.314986,0.084581
82258.317488,0.058584
82258.319989,0.000000
82258.322491,0.033676
82258.324992,0.088048
82258.327494,0.104348
82258.329996,0.000000
82258.332497,0.000000
82258.334999,0.108355
82258.337500,0.000000
82258.340002,0.038722
82258.342503,0.000000
82258.345005,0.094062
82258.347506,0.000000
82258.350008,0.112003
82258.352510,0.043387
82258.355011,0.000000
82258.357513,0.125780
82258.360014,0.136959
82258.362516,0.077897
82258.365017,0.000000
82258.367519,0.000000
82258.370021,0.012840
82258.372522,0.000000
82258.375024,0.149416
82258.377525,0.012743
82258.380027,0.000000
82258.382528,0.029962
82258.385030,0.000000
82258.387531,0.000000
82258.390033,0.000000
82258.392535,0.071254
82258.395036,0.098857
82258.397538,0.024991
82258.400039,0.000000
82258.402541,0.000000
82258.405042,0.001730
82258.407544,0.000000
82258.410046,0.051113
82258.412547,0.040617
82258.415049,0.136005
82258.417550,0.110834
82258.420052,0.000000
82258.422553,0.072424
82258.425055,0.000000
82258.427556,0.061443
82258.430058,0.000000
82258.432560,0.000000
82258.435061,0.024725
82258.437563,0.000000
82258.440064,0.000000
82258.442566,0.000000
82258.445067,0.007279
82258.447569,0.000000
82258.450071,0.000000
82258.452572,0.000000
82258.455074,0.034540
82258.457575,0.051365
82258.460077,0.000000
82258.462578,0.102136
82258.465080,0.035086
82258.467582,0.000000
82258.470083,0.000000
82258.472585,0.000000
82258.475086,0.000000
82258.477588,0.098187
82258.480089,0.060504
82258.482591,0.123783
82258.485092,0.000000
82258.487594,0.118846
82258.490096,0.000000
82258.492597,0.129925
82258.495099,0.000000
82258.497600,0.062441
82258.500102,0.130237
82258.502603,0.000000
82258.505105,0.019281
82258.507607,0.113793
82258.510108,0.000000
82258.512610,0.000000
82258.515111,0.189205
82258.517613,0.000000
82258.520114,0.014016
82258.522616,0.102063
82258.525117,0.000000
82258.527619,0.000000
82258.530121,0.022402
82258.532622,0.000000
82258.535124,0.000000
82258.537625,0.021634
82258.540127,0.000000
82258.542628,0.000000
82258.545130,0.140749
82258.547632,0.009141
82258.550133,0.126356
82258.552635,0.000000
82258.555136,0.000000
82258.557638,0.023766
82258.560139,0.000000
82258.562641,0.000000
82258.565142,0.129767
82258.567644,0.000000
82258.570146,0.000000
82258.572647,0.117263
82258.575149,0.000000
82258.577650,0.000000
82258.580152,0.000000
82258.582653,0.153707
82258.585155,0.000000
82258.587657,0.005160
82258.590158,0.080575
82258.592660,0.037233
82258.595161,0.000000
82258.597663,0.000000
82258.600164,0.000000
82258.602666,0.016581
82258.605167,0.000000
82258.607669,0.017955
82258.610171,0.060191
82258.612672,0.084979
82258.615174,0.000000
82258.617675,0.193941
82258.620177,0.067760
82258.622678,0.000000
82258.625180,0.096195
82258.627682,0.208841
82258.630183,0.000000
82258.632685,0.000000
82258.635186,0.000000
82258.637688,0.017009
82258.640189,0.032260
82258.642691,0.000000
82258.645193,0.000000
82258.647694,0.000000
82258.650196,0.032979
82258.652697,0.128500
82258.655199,0.000000
82258.657700,0.038853
82258.660202,0.000000
82258.662703,0.040367
82258.665205,0.000000
82258.667707,0.000000
82258.670208,0.000000
82258.672710,0.000000
82258.675211,0.033765
82258.677713,0.000000
82258.680214,0.000000
82258.682716,0.000000
82258.685218,0.000000
82258.687719,0.158627
82258.690221,0.000000
82258.692722,0.000000
82258.695224,0.000000
82258.697725,0.158787
82258.700227,0.048816
82258.702728,0.000000
82258.705230,0.097669
82258.707732,0.017720
82258.710233,0.022713
82258.712735,0.000000
82258.715236,0.000000
82258.717738,0.029821
82258.720239,0.000000
82258.722741,0.160400
82258.725243,0.000000
82258.727744,0.135626
82258.730246,0.000000
82258.732747,0.026406
82258.735249,0.073559
82258.737750,0.000000
82258.740252,0.076304
82258.742753,0.000000
82258.745255,0.000000
82258.747757,0.000000
82258.750258,0.000000
82258.752760,0.000000
82258.755261,0.034058
82258.757763,0.062037
82258.760264,0.021267
82258.762766,0.000000
82258.765268,0.032580
82258.767769,0.010973
82258.770271,0.082644
82258.772772,0.068595
82258.775274,0.002691
82258.777775,0.000000
82258.780277,0.000000
82258.782778,0.000000
82258.785280,0.000000
82258.787782,0.023666
82258.790283,0.063142
82258.792785,0.000000
82258.795286,0.001424
82258.797788,0.012652
82258.800289,0.000000
82258.802791,0.000000
82258.805293,0.000000
82258.807794,0.000000
82258.810296,0.041774
82258.812797,0.000000
82258.815299,0.000000
82258.817800,0.041181
82258.820302,0.045971
82258.822804,0.000000
82258.825305,0.088030
82258.827807,0.099533
82258.830308,0.000000
82258.832810,0.000000
82258.835311,0.105161
82258.837813,0.000000
82258.840314,0.000000
82258.842816,0.000000
82258.845318,0.000000
82258.847819,0.000000
82258.850321,0.000000
82258.852822,0.002860
82258.855324,0.129102
82258.857825,0.000000
82258.860327,0.094694
82258.862829,0.126145
82258.865330,0.126634
82258.867832,0.025141
82258.870333,0.000000
82258.872835,0.040686
82258.875336,0.092563
82258.877838,0.000000
82258.880339,0.154028
82258.882841,0.075914
82258.885343,0.050173
82258.887844,0.095916
82258.890346,0.029433
82258.892847,0.000000
82258.895349,0.000000
82258.897850,0.105697
82258.900352,0.000000
82258.902854,0.000000
82258.905355,0.000000
82258.907857,0.157502
82258.910358,0.148458
82258.912860,0.000000
82258.915361,0.013005
82258.917863,0.000000
82258.920364,0.054293
82258.922866,0.045000
82258.925368,0.071665
82258.927869,0.029305
82258.930371,0.259166
82258.932872,0.000000
82258.935374,0.000000
82258.937875,0.000000
82258.940377,0.000000
82258.942879,0.000000
82258.945380,0.000000
82258.947882,0.000000
82258.950383,0.000000
82258.952885,0.045753
82258.955386,0.000000
82258.957888,0.000000
82258.960390,0.078951
82258.962891,0.000000
82258.965393,0.000000
82258.967894,0.032293
82258.970396,0.000000
82258.972897,0.000000
82258.975399,0.030559
82258.977900,0.043440
82258.980402,0.182249
82258.982904,0.013964
82258.985405,0.072471
82258.987907,0.000000
82258.990408,0.035456
82258.992910,0.200693
82258.995411,0.031975
82258.997913,0.673143
82259.000415,1.493603
82259.002916,1.915802
82259.005418,2.082178
82259.007919,1.346100
82259.010421,0.714256
82259.012922,0.262258
82259.015424,0.000000
82259.017925,0.000000
82259.020427,0.000000
82259.022929,0.072718
82259.025430,0.077011
82259.027932,0.028609
82259.030433,0.072760
82259.032935,0.000000
82259.035436,0.106118
82259.037938,0.000776
82259.040440,0.005109
82259.042941,0.000000
82259.045443,0.060430
82259.047944,0.000000
82259.050446,0.086209
82259.052947,0.000000
82259.055449,0.000000
82259.057950,0.060693
82259.060452,0.000000
82259.062954,0.000000
82259.065455,0.078583
82259.067957,0.000000
82259.070458,0.000000
82259.072960,0.123537
82259.075461,0.135892
82259.077963,0.138867
82259.080465,0.000000
82259.082966,0.113481
82259.085468,0.000000
82259.087969,0.063951
82259.090471,0.260128
82259.092972,1.220972
82259.095474,1.664722
82259.097975,1.984937
82259.100477,1.537208
82259.102979,0.987873
82259.105480,0.341911
82259.107982,0.000000
82259.110483,0.060699
82259.112985,0.000000
82259.115486,0.000000
82259.117988,0.000000
82259.120490,0.000000
82259.122991,0.015762
82259.125493,0.000000
82259.127994,0.000000
82259.130496,0.000000
82259.132997,0.000000
82259.135499,0.175876
82259.138001,0.161914
82259.140502,0.000000
82259.143004,0.049189
82259.145505,0.066154
82259.148007,0.000000
82259.150508,0.000000
82259.153010,0.000000
82259.155511,0.000000
82259.158013,0.000000
82259.160515,0.039052
82259.163016,0.000000
82259.165518,0.000000
82259.168019,0.009631
82259.170521,0.034077
82259.173022,0.000000
82259.175524,0.081941
82259.178026,0.000000
82259.180527,0.000000
82259.183029,0.000000
82259.185530,0.000000
82259.188032,0.000000
82259.190533,0.165196
82259.193035,0.000000
82259.195536,0.215534
82259.198038,0.038594
82259.200540,0.008128
82259.203041,0.042047
82259.205543,0.223366
82259.208044,0.000000
82259.210546,0.000000
82259.213047,0.000000
82259.215549,0.002838
82259.218051,0.000000
82259.220552,0.001972
82259.223054,0.149522
82259.225555,0.013368
82259.228057,0.000000
82259.230558,0.000000
82259.233060,0.079329
82259.235561,0.000000
82259.238063,0.163017
82259.240565,0.170695
82259.243066,0.022668
82259.245568,0.000000
82259.248069,0.090996
82259.250571,0.096659
82259.253072,0.000000
82259.255574,0.000000
82259.258076,0.000000
82259.260577,0.036116
82259.263079,0.058863
82259.265580,0.000000
82259.268082,0.000000
82259.270583,0.000000
82259.273085,0.000000
82259.275587,0.274646
82259.278088,0.585354
82259.280590,1.295258
82259.283091,1.755879
82259.285593,1.945935
82259.288094,1.381255
82259.290596,0.638504
82259.293097,0.235392
82259.295599,0.079818
82259.298101,0.000000
82259.300602,0.000000
82259.303104,0.159640
82259.305605,0.000000
82259.308107,0.002522
82259.310608,0.159499
82259.313110,0.626857
82259.315612,0.890180
82259.318113,2.281793
82259.320615,3.490359
82259.323116,3.931618
82259.325618,3.086418
82259.328119,1.663099
82259.330621,0.693358
82259.333122,0.064641
82259.335624,0.122083
82259.338126,0.010231
82259.340627,0.037827
82259.343129,0.000000
82259.345630,0.000000
82259.348132,0.025389
82259.350633,0.000000
82259.353135,0.000000
82259.355637,0.000000
82259.358138,0.000000
82259.360640,0.000000
82259.363141,0.123310
82259.365643,0.000000
82259.368144,0.251393
82259.370646,0.573195
82259.373147,0.976427
82259.375649,1.657547
82259.378151,2.220248
82259.380652,1.757411
82259.383154,0.907765
82259.385655,0.388332
82259.388157,0.048062
82259.390658,0.058985
82259.393160,0.000000
82259.395662,0.000000
82259.398163,0.000000
82259.400665,0.007489
82259.403166,0.000000
82259.405668,0.194982
82259.408169,0.618637
82259.410671,1.721858
82259.413172,3.252566
82259.415674,4.005835
82259.418176,3.530019
82259.420677,2.289389
82259.423179,1.021699
82259.425680,0.434163
82259.428182,0.027180
82259.430683,0.000000
82259.433185,0.000000
82259.435687,0.000000
82259.438188,0.085184
82259.440690,0.114775
82259.443191,0.084785
82259.445693,0.000000
82259.448194,0.095630
82259.450696,0.000000
82259.453198,0.079294
82259.455699,0.000000
82259.458201,0.062026
82259.460702,0.000000
82259.463204,0.103402
82259.465705,0.000000
82259.468207,0.000000
82259.470708,0.000000
82259.473210,0.000000
82259.475712,0.008346
82259.478213,0.159459
82259.480715,0.235460
82259.483216,0.008578
82259.485718,0.098592
82259.488219,0.020507
82259.490721,0.044291
82259.493223,0.000000
82259.495724,0.039165
82259.498226,0.170877
82259.500727,0.439636
82259.503229,1.372096
82259.505730,2.733658
82259.508232,3.917801
82259.510733,3.720839
82259.513235,2.670908
82259.515737,1.494993
82259.518238,0.567402
82259.520740,0.234173
82259.523241,0.022294
82259.525743,0.030832
82259.528244,0.088705
82259.530746,0.137768
82259.533248,0.000000
82259.535749,0.000000
82259.538251,0.115610
82259.540752,0.000000
82259.543254,0.000000
82259.545755,0.000000
82259.548257,0.000000
82259.550758,0.000000
82259.553260,0.184622
82259.555762,0.000000
82259.558263,0.000000
82259.560765,0.051921
82259.563266,0.084965
82259.565768,0.083512
82259.568269,0.094790
82259.570771,0.000000
82259.573273,0.000000
82259.575774,0.067897
82259.578276,0.000000
82259.580777,0.000000
82259.583279,0.035310
82259.585780,0.070626
82259.588282,0.000000
82259.590784,0.136186
82259.593285,0.304660
82259.595787,1.085866
82259.598288,2.344285
82259.600790,3.718606
82259.603291,4.092645
82259.605793,3.238430
82259.608294,1.858645
82259.610796,0.704761
82259.613298,0.191093
82259.615799,0.113948
82259.618301,0.069744
82259.620802,0.000000
82259.623304,0.035776
82259.625805,0.000000
82259.628307,0.000000
82259.630809,0.113934
82259.633310,0.004874
82259.635812,0.180879
82259.638313,0.000000
82259.640815,0.000000
82259.643316,0.002882
82259.645818,0.100419
82259.648319,0.035269
82259.650821,0.027411
82259.653323,0.000000
82259.655824,0.000000
82259.658326,0.028474
82259.660827,0.000000
82259.663329,0.000000
82259.665830,0.044226
82259.668332,0.000000
82259.670834,0.141736
82259.673335,0.108063
82259.675837,0.000000
82259.678338,0.000000
82259.680840,0.000000
82259.683341,0.000000
82259.685843,0.275524
82259.688344,0.695586
82259.690846,1.863322
82259.693348,3.072679
82259.695849,4.059022
82259.698351,3.457059
82259.700852,2.179388
82259.703354,0.948371
82259.705855,0.184636
82259.708357,0.000000
82259.710859,0.095545
82259.713360,0.036334
82259.715862,0.092794
82259.718363,0.028669
82259.720865,0.012625
82259.723366,0.000000
82259.725868,0.000000
82259.728369,0.000000
82259.730871,0.172439
82259.733373,0.060651
82259.735874,0.135618
82259.738376,0.052756
82259.740877,0.000000
82259.743379,0.010341
82259.745880,0.020856
82259.748382,0.000000
82259.750884,0.000000
82259.753385,0.000000
82259.755887,0.141759
82259.758388,0.000000
82259.760890,0.106461
82259.763391,0.000000
82259.765893,0.000000
82259.768395,0.104193
82259.770896,0.064879
82259.773398,0.113668
82259.775899,0.093641
82259.778401,0.309889
82259.780902,0.554182
82259.783404,1.393285
82259.785905,2.802207
82259.788407,3.969333
82259.790909,3.729472
82259.793410,2.584457
82259.795912,1.271632
82259.798413,0.265544
82259.800915,0.123046
82259.803416,0.000000
82259.805918,0.007046
82259.808420,0.076601
82259.810921,0.000000
82259.813423,0.148072
82259.815924,0.000000
82259.818426,0.105176
82259.820927,0.059608
82259.823429,0.000000
82259.825930,0.239335
82259.828432,0.000000
82259.830934,0.000000
82259.833435,0.000000
82259.835937,0.000000
82259.838438,0.000000
82259.840940,0.009063
82259.843441,0.000000
82259.845943,0.055907
82259.848445,0.000000
82259.850946,0.000000
82259.853448,0.000000
82259.855949,0.000000
82259.858451,0.031234
82259.860952,0.000000
82259.863454,0.014423
82259.865955,0.116019
82259.868457,0.000000
82259.870959,0.093698
82259.873460,0.000000
82259.875962,0.154789
82259.878463,0.000000
82259.880965,0.000000
82259.883466,0.060676
82259.885968,0.000000
82259.888470,0.000000
82259.890971,0.000000
82259.893473,0.000000
82259.895974,0.118500
82259.898476,0.000000
82259.900977,0.002038
82259.903479,0.055172
82259.905981,0.017079
82259.908482,0.115647
82259.910984,0.000000
82259.913485,0.000000
82259.915987,0.052296
82259.918488,0.008768
82259.920990,0.000000
82259.923491,0.045570
82259.925993,0.000000
82259.928495,0.000000
82259.930996,0.000000
82259.933498,0.119462
82259.935999,0.000000
82259.938501,0.034927
82259.941002,0.003026
82259.943504,0.000000
82259.946006,0.027346
82259.948507,0.042004
82259.951009,0.052059
82259.953510,0.000000
82259.956012,0.120638
82259.958513,0.000000
82259.961015,0.060617
82259.963516,0.065429
82259.966018,0.000000
82259.968520,0.058312
82259.971021,0.000000
82259.973523,0.000000
82259.976024,0.103099
82259.978526,0.000000
82259.981027,0.000000
82259.983529,0.000000
82259.986031,0.024036
82259.988532,0.000000
82259.991034,0.048389
82259.993535,0.000000
82259.996037,0.000000
82259.998538,0.000000
82260.001040,0.167564
82260.003541,0.000000
82260.006043,0.095814
82260.008545,0.003404
82260.011046,0.000000
82260.013548,0.000000
82260.016049,0.000000
82260.018551,0.053296
82260.021052,0.121364
82260.023554,0.031756
82260.026056,0.104806
82260.028557,0.000000
82260.031059,0.000000
82260.033560,0.000000
82260.036062,0.027762
82260.038563,0.000000
82260.041065,0.064431
82260.043566,0.000000
82260.046068,0.003799
82260.048570,0.060642
82260.051071,0.000000
82260.053573,0.187318
82260.056074,0.000000
82260.058576,0.000000
82260.061077,0.013958
82260.063579,0.002953
82260.066081,0.000000
82260.068582,0.087512
82260.071084,0.065992
82260.073585,0.026299
82260.076087,0.039744
82260.078588,0.000000
82260.081090,0.156757
82260.083592,0.000000
82260.086093,0.012330
82260.088595,0.005741
82260.091096,0.071804
82260.093598,0.000000
82260.096099,0.000000
82260.098601,0.013846
82260.101102,0.024830
82260.103604,0.131516
82260.106106,0.000000
82260.108607,0.101947
82260.111109,0.209018
82260.113610,0.000000
82260.116112,0.000000
82260.118613,0.000000
82260.121115,0.001236
82260.123617,0.049777
82260.126118,0.000000
82260.128620,0.137308
82260.131121,0.000000
82260.133623,0.000000
82260.136124,0.097711
82260.138626,0.000000
82260.141127,0.000000
82260.143629,0.275258
82260.146131,0.000000
82260.148632,0.000000
82260.151134,0.000000
82260.153635,0.000000
82260.156137,0.014184
82260.158638,0.058471
82260.161140,0.000000
82260.163642,0.148993
82260.166143,0.021641
82260.168645,0.064168
82260.171146,0.000000
82260.173648,0.113574
82260.176149,0.000000
82260.178651,0.024505
82260.181152,0.000000
82260.183654,0.000000
82260.186156,0.060761
82260.188657,0.000000
82260.191159,0.000000
82260.193660,0.000000
82260.196162,0.061710
82260.198663,0.000000
82260.201165,0.000000
82260.203667,0.001327
82260.206168,0.000000
82260.208670,0.000000
82260.211171,0.029690
82260.213673,0.000000
82260.216174,0.093298
82260.218676,0.085359
82260.221177,0.063495
82260.223679,0.160667
82260.226181,0.000000
82260.228682,0.057289
82260.231184,0.000000
82260.233685,0.216518
82260.236187,0.175134
82260.238688,0.001049
82260.241190,0.034132
82260.243692,0.120012
82260.246193,0.000000
82260.248695,0.000000
82260.251196,0.077164
82260.253698,0.006925
82260.256199,0.016156
82260.258701,0.000000
82260.261203,0.000000
82260.263704,0.020849
82260.266206,0.079899
82260.268707,0.000000
82260.271209,0.126822
82260.273710,0.000000
82260.276212,0.000000
82260.278713,0.000000
82260.281215,0.000000
82260.283717,0.067980
82260.286218,0.000000
82260.288720,0.120788
82260.291221,0.173658
82260.293723,0.000000
82260.296224,0.110336
82260.298726,0.000000
82260.301228,0.094931
82260.303729,0.092464
82260.306231,0.076232
82260.308732,0.000000
82260.311234,0.000000
82260.313735,0.000000
82260.316237,0.000000
82260.318738,0.000000
82260.321240,0.010793
82260.323742,0.000000
82260.326243,0.000000
82260.328745,0.000000
82260.331246,0.000000
82260.333748,0.099017
82260.336249,0.000000
82260.338751,0.000000
82260.341253,0.000000
82260.343754,0.029930
82260.346256,0.040282
82260.348757,0.000000
82260.351259,0.090200
82260.353760,0.126816
82260.356262,0.000000
82260.358763,0.000000
82260.361265,0.000000
82260.363767,0.000000
82260.366268,0.019770
82260.368770,0.000000
82260.371271,0.000000
82260.373773,0.135895
82260.376274,0.000000
82260.378776,0.109782
82260.381278,0.031373
82260.383779,0.000000
82260.386281,0.056093
82260.388782,0.000000
82260.391284,0.000000
82260.393785,0.021627
82260.396287,0.041905
82260.398789,0.062473
82260.401290,0.104027
82260.403792,0.036034
82260.406293,0.000000
82260.408795,0.000000
82260.411296,0.259840
82260.413798,0.063965
82260.416299,0.209183
82260.418801,0.123202
82260.421303,0.021349
82260.423804,0.026611
82260.426306,0.000000
82260.428807,0.000000
82260.431309,0.001593
82260.433810,0.106890
82260.436312,0.000000
82260.438814,0.036371
82260.441315,0.075187
82260.443817,0.000000
82260.446318,0.000000
82260.448820,0.000000
82260.451321,0.000000
82260.453823,0.000000
82260.456324,0.000000
82260.458826,0.125323
82260.461328,0.000000
82260.463829,0.011165
82260.466331,0.000000
82260.468832,0.104081
82260.471334,0.115762
82260.473835,0.076288
82260.476337,0.027028
82260.478839,0.000000
82260.481340,0.000000
82260.483842,0.171593
82260.486343,0.000000
82260.488845,0.058593
82260.491346,0.093549
82260.493848,0.000000
82260.496349,0.091646
82260.498851,0.067472
82260.501353,0.152561
82260.503854,0.000000
82260.506356,0.000000
82260.508857,0.000000
82260.511359,0.018440
82260.513860,0.005140
82260.516362,0.000000
82260.518864,0.000000
82260.521365,0.041539
82260.523867,0.174137
82260.526368,0.040989
82260.528870,0.053780
82260.531371,0.050541
82260.533873,0.035055
82260.536374,0.082256
82260.538876,0.034907
82260.541378,0.000000
82260.543879,0.000000
82260.546381,0.000000
82260.548882,0.027734
82260.551384,0.000000
82260.553885,0.027753
82260.556387,0.038772
82260.558889,0.073561
82260.561390,0.113257
82260.563892,0.006887
82260.566393,0.000000
82260.568895,0.000000
82260.571396,0.003890
82260.573898,0.000000
82260.576400,0.122604
82260.578901,0.012570
82260.581403,0.033669
82260.583904,0.120562
82260.586406,0.000000
82260.588907,0.050682
82260.591409,0.000000
82260.593910,0.000000
82260.596412,0.000000
82260.598914,0.147055
82260.601415,0.000000
82260.603917,0.061755
82260.606418,0.000000
82260.608920,0.104181
82260.611421,0.092899
82260.613923,0.008602
82260.616425,0.000000
82260.618926,0.035316
82260.621428,0.202076
82260.623929,0.000000
82260.626431,0.069045
82260.628932,0.000000
82260.631434,0.000000
82260.633935,0.000000
82260.636437,0.000000
82260.638939,0.000000
82260.641440,0.000000
82260.643942,0.090866
82260.646443,0.000000
82260.648945,0.047656
82260.651446,0.000000
82260.653948,0.000000
82260.656450,0.017868
82260.658951,0.000000
82260.661453,0.003506
82260.663954,0.000000
82260.666456,0.040725
82260.668957,0.000000
82260.671459,0.000000
82260.673960,0.025953
82260.676462,0.000000
82260.678964,0.000000
82260.681465,0.000000
82260.683967,0.055700
82260.686468,0.155823
82260.688970,0.246523
82260.691471,0.008049
82260.693973,0.069590
82260.696475,0.000000
82260.698976,0.132676
82260.701478,0.068533
82260.703979,0.000000
82260.706481,0.109230
82260.708982,0.000000
82260.711484,0.000000
82260.713986,0.041967
82260.716487,0.000000
82260.718989,0.090199
82260.721490,0.000000
82260.723992,0.000000
82260.726493,0.000000
82260.728995,0.067056
82260.731496,0.000000
82260.733998,0.000000
82260.736500,0.000000
82260.739001,0.000000
82260.741503,0.000000
82260.744004,0.000000
82260.746506,0.186405
82260.749007,0.000000
82260.751509,0.000000
82260.754011,0.000000
82260.756512,0.000000
82260.759014,0.054858
82260.761515,0.083711
82260.764017,0.000000
82260.766518,0.000000
82260.769020,0.112520
82260.771521,0.000000
82260.774023,0.152769
82260.776525,0.000000
82260.779026,0.017252
82260.781528,0.169393
82260.784029,0.000000
82260.786531,0.000000
82260.789032,0.026091
82260.791534,0.000000
82260.794036,0.000000
82260.796537,0.000000
82260.799039,0.000000
82260.801540,0.108495
82260.804042,0.040708
82260.806543,0.022128
82260.809045,0.071388
82260.811546,0.000000
82260.814048,0.000000
82260.816550,0.000000
82260.819051,0.000157
82260.821553,0.000000
82260.824054,0.000000
82260.826556,0.000000
82260.829057,0.187576
82260.831559,0.000000
82260.834061,0.000000
82260.836562,0.152361
82260.839064,0.010758
82260.841565,0.066519
82260.844067,0.008814
82260.846568,0.000000
82260.849070,0.000000
82260.851571,0.018140
82260.854073,0.000000
82260.856575,0.000000
82260.859076,0.000000
82260.861578,0.154053
82260.864079,0.212322
82260.866581,0.019177
82260.869082,0.000000
82260.871584,0.000000
82260.874086,0.041367
82260.876587,0.157412
82260.879089,0.000000
82260.881590,0.000000
82260.884092,0.059158
82260.886593,0.087000
82260.889095,0.000000
82260.891597,0.015582
82260.894098,0.039839
82260.896600,0.000000
82260.899101,0.000000
82260.901603,0.089697
82260.904104,0.000000
82260.906606,0.000000
82260.909107,0.000000
82260.911609,0.111320
82260.914111,0.054445
82260.916612,0.007767
82260.919114,0.000000
82260.921615,0.000000
82260.924117,0.000000
82260.926618,0.000000
82260.929120,0.000000
82260.931622,0.000000
82260.934123,0.000000
82260.936625,0.053846
82260.939126,0.000000
82260.941628,0.070183
82260.944129,0.119114
82260.946631,0.093425
82260.949132,0.041541
82260.951634,0.001047
82260.954136,0.000000
82260.956637,0.065329
82260.959139,0.148304
82260.961640,0.030204
82260.964142,0.169274
82260.966643,0.000000
82260.969145,0.000000
82260.971647,0.075505
82260.974148,0.023334
82260.976650,0.115993
82260.979151,0.000000
82260.981653,0.000000
82260.984154,0.000000
82260.986656,0.000000
82260.989157,0.000000
82260.991659,0.085857
82260.994161,0.077058
82260.996662,0.032049
82260.999164,0.000000
82261.001665,0.000000
82261.004167,0.000000
82261.006668,0.103876
82261.009170,0.000000
82261.011672,0.000000
82261.014173,0.002631
82261.016675,0.000000
82261.019176,0.130999
82261.021678,0.000000
82261.024179,0.000000
82261.026681,0.000000
82261.029183,0.000000
82261.031684,0.000000
82261.034186,0.000000
82261.036687,0.104996
82261.039189,0.058911
82261.041690,0.000000
82261.044192,0.120456
82261.046693,0.058495
82261.049195,0.000000
82261.051697,0.000000
82261.054198,0.072219
82261.056700,0.034995
82261.059201,0.014987
82261.061703,0.000000
82261.064204,0.053675
82261.066706,0.000000
82261.069208,0.000000
82261.071709,0.127750
82261.074211,0.000000
82261.076712,0.000000
82261.079214,0.000000
82261.081715,0.087786
82261.084217,0.022490
82261.086718,0.000000
82261.089220,0.000000
82261.091722,0.042852
82261.094223,0.000000
82261.096725,0.026987
82261.099226,0.000000
82261.101728,0.000000
82261.104229,0.000000
82261.106731,0.000000
82261.109233,0.000000
82261.111734,0.020788
82261.114236,0.000000
82261.116737,0.000000
82261.119239,0.000000
82261.121740,0.132881
82261.124242,0.000000
82261.126743,0.014373
82261.129245,0.131995
82261.131747,0.000000
82261.134248,0.034784
82261.136750,0.000000
82261.139251,0.000000
82261.141753,0.000000
82261.144254,0.000000
82261.146756,0.240316
82261.149258,0.074557
82261.151759,0.097272
82261.154261,0.043438
82261.156762,0.000000
82261.159264,0.034871
82261.161765,0.094728
82261.164267,0.000000
82261.166768,0.085228
82261.169270,0.062185
82261.171772,0.163516
82261.174273,0.000000
82261.176775,0.000000
82261.179276,0.000000
82261.181778,0.126746
82261.184279,0.000000
82261.186781,0.000000
82261.189283,0.007893
82261.191784,0.000000
82261.194286,0.000682
82261.196787,0.083461
82261.199289,0.000000
82261.201790,0.000000
82261.204292,0.180506
82261.206794,0.000000
82261.209295,0.000000
82261.211797,0.097447
82261.214298,0.000000
82261.216800,0.000000
82261.219301,0.042625
82261.221803,0.095669
82261.224304,0.000000
82261.226806,0.134196
82261.229308,0.000000
82261.231809,0.067081
82261.234311,0.000000
82261.236812,0.121157
82261.239314,0.012541
82261.241815,0.000000
82261.244317,0.058522
82261.246819,0.078859
82261.249320,0.056673
82261.251822,0.000000
82261.254323,0.000000
82261.256825,0.000000
82261.259326,0.000000
82261.261828,0.066195
82261.264329,0.000000
82261.266831,0.029518
82261.269333,0.000000
82261.271834,0.000000
82261.274336,0.000000
82261.276837,0.000000
82261.279339,0.000000
82261.281840,0.000000
82261.284342,0.000000
82261.286844,0.047039
82261.289345,0.000000
82261.291847,0.000000
82261.294348,0.136167
82261.296850,0.087791
82261.299351,0.079661
82261.301853,0.000000
82261.304354,0.047944
82261.306856,0.000000
82261.309358,0.000000
82261.311859,0.036171
82261.314361,0.000000
82261.316862,0.131816
82261.319364,0.000000
82261.321865,0.054595
82261.324367,0.128514
82261.326869,0.091084
82261.329370,0.000000
82261.331872,0.039280
82261.334373,0.075110
82261.336875,0.078742
82261.339376,0.000000
82261.341878,0.000000
82261.344380,0.087809
82261.346881,0.000000
82261.349383,0.000000
82261.351884,0.139133
82261.354386,0.000000
82261.356887,0.000000
82261.359389,0.000000
82261.361890,0.029376
82261.364392,0.000000
82261.366894,0.000000
82261.369395,0.029421
82261.371897,0.114701
82261.374398,0.058937
82261.376900,0.000000
82261.379401,0.104042
82261.381903,0.000000
82261.384405,0.000000
82261.386906,0.000000
82261.389408,0.126975
82261.391909,0.014589
82261.394411,0.001106
82261.396912,0.144549
82261.399414,0.000000
82261.401915,0.000000
82261.404417,0.000000
82261.406919,0.032901
82261.409420,0.014700
82261.411922,0.136207
82261.414423,0.021496
82261.416925,0.000000
82261.419426,0.000158
82261.421928,0.010392
82261.424430,0.000000
82261.426931,0.239294
82261.429433,0.045899
82261.431934,0.018542
82261.434436,0.054313
82261.434436,0.062634
83062.967091,0.000000
83864.499745,0.000000
84666.032400,0.052925
85467.565055,0.034054
86269.097710,0.000000
87070.630365,0.125286
87872.163020,0.025900
88673.695675,0.064435
89475.228329,0.122892
90276.760984,0.001933
91078.293639,0.027984
91879.826294,0.071517
92681.358949,0.000000
93482.891604,0.004772
94284.424259,0.011085
95085.956913,0.000000
95887.489568,0.204623
96689.022223,0.000000
97490.554878,0.000000
97490.554878,0.116032
97490.557380,0.062974
97490.559881,0.000000
97490.562383,0.053617
97490.564884,0.129596
97490.567386,0.000000
97490.569887,0.229449
97490.572389,0.000000
97490.574890,0.061257
97490.577392,0.102992
97490.579894,0.078696
97490.582395,0.000000
97490.584897,0.000000
97490.587398,0.039213
97490.589900,0.072023
97490.592401,0.053192
97490.594903,0.091826
97490.597405,0.000000
97490.599906,0.000000
97490.602408,0.000000
97490.604909,0.000000
97490.607411,0.089633
97490.609912,0.009534
97490.612414,0.230158
97490.614915,0.017076
97490.617417,0.005270
97490.619919,0.009375
97490.622420,0.000000
97490.624922,0.000000
97490.627423,0.099572
97490.629925,0.010062
97490.632426,0.000000
97490.634928,0.000000
97490.637430,0.000000
97490.639931,0.006521
97490.642433,0.105381
97490.644934,0.000000
97490.647436,0.000000
97490.649937,0.012741
97490.652439,0.000000
97490.654941,0.000000
97490.657442,0.000000
97490.659944,0.000000
97490.662445,0.016942
97490.664947,0.000000
97490.667448,0.000000
97490.669950,0.037785
97490.672451,0.152129
97490.674953,0.144729
97490.677455,0.000000
97490.679956,0.050949
97490.682458,0.000000
97490.684959,0.013699
97490.687461,0.000000
97490.689962,0.010382
97490.692464,0.013368
97490.694966,0.000000
97490.697467,0.000000
97490.699969,0.000000
97490.702470,0.020683
97490.704972,0.052885
97490.707473,0.075342
97490.709975,0.000000
97490.712476,0.025060
97490.714978,0.084979
97490.717480,0.102910
97490.719981,0.000000
97490.722483,0.000000
97490.724984,0.016874
97490.727486,0.000000
97490.729987,0.000000
97490.732489,0.065739
97490.734991,0.056677
97490.737492,0.000000
97490.739994,0.019222
97490.742495,0.000000
97490.744997,0.062111
97490.747498,0.000000
97490.750000,0.000000
97490.752501,0.000000
97490.755003,0.000000
97490.757505,0.000000
97490.760006,0.058107
97490.762508,0.000000
97490.765009,0.140642
97490.767511,0.129363
97490.770012,0.000000
97490.772514,0.006154
97490.775016,0.000000
97490.777517,0.000000
97490.780019,0.176793
97490.782520,0.000000
97490.785022,0.031804
97490.787523,0.047793
97490.790025,0.000000
97490.792527,0.000000
97490.795028,0.000000
97490.797530,0.000000
97490.800031,0.000000
97490.802533,0.048081
97490.805034,0.181364
97490.807536,0.013051
97490.810037,0.000000
97490.812539,0.000000
97490.815041,0.000000
97490.817542,0.000000
97490.820044,0.075945
97490.822545,0.071537
97490.825047,0.000000
97490.827548,0.064017
97490.830050,0.134802
97490.832552,0.167976
97490.835053,0.252968
97490.837555,0.000000
97490.840056,0.249349
97490.842558,0.000000
97490.845059,0.000000
97490.847561,0.028877
97490.850062,0.000000
97490.852564,0.035231
97490.855066,0.000000
97490.857567,0.000000
97490.860069,0.113503
97490.862570,0.000000
97490.865072,0.012501
97490.867573,0.041960
97490.870075,0.103357
97490.872577,0.000000
97490.875078,0.051607
97490.877580,0.000000
97490.880081,0.014712
97490.882583,0.093582
97490.885084,0.000000
97490.887586,0.000000
97490.890087,0.000000
97490.892589,0.000000
97490.895091,0.117463
97490.897592,0.000000
97490.900094,0.000000
97490.902595,0.000000
97490.905097,0.000000
97490.907598,0.000000
97490.910100,0.034329
97490.912602,0.000000
97490.915103,0.098234
97490.917605,0.000000
97490.920106,0.007557
97490.922608,0.000000
97490.925109,0.068234
97490.927611,0.069145
97490.930112,0.029582
97490.932614,0.049865
97490.935116,0.000000
97490.937617,0.047871
97490.940119,0.000000
97490.942620,0.000197
97490.945122,0.000000
97490.947623,0.000000
97490.950125,0.000000
97490.952627,0.041292
97490.955128,0.115713
97490.957630,0.103396
97490.960131,0.000000
97490.962633,0.113823
97490.965134,0.000000
97490.967636,0.053038
97490.970138,0.000000
97490.972639,0.012535
97490.975141,0.027698
97490.977642,0.000000
97490.980144,0.053704
97490.982645,0.118832
97490.985147,0.000000
97490.987648,0.120089
97490.990150,0.000000
97490.992652,0.075009
97490.995153,0.000000
97490.997655,0.213553
97491.000156,0.132033
97491.002658,0.000000
97491.005159,0.000000
97491.007661,0.025430
97491.010163,0.000000
97491.012664,0.039276
97491.015166,0.036337
97491.017667,0.000000
97491.020169,0.098970
97491.022670,0.071124
97491.025172,0.086155
97491.027673,0.000782
97491.030175,0.000000
97491.032677,0.086336
97491.035178,0.000000
97491.037680,0.000000
97491.040181,0.119371
97491.042683,0.185356
97491.045184,0.000000
97491.047686,0.190628
97491.050188,0.008062
97491.052689,0.000000
97491.055191,0.000000
97491.057692,0.144537
97491.060194,0.000000
97491.062695,0.064917
97491.065197,0.000000
97491.067698,0.000000
97491.070200,0.090960
97491.072702,0.000000
97491.075203,0.000000
97491.077705,0.100015
97491.080206,0.141033
97491.082708,0.056919
97491.085209,0.000000
97491.087711,0.000000
97491.090213,0.007056
97491.092714,0.028335
97491.095216,0.000000
97491.097717,0.063837
97491.100219,0.007550
97491.102720,0.000000
97491.105222,0.000000
97491.107724,0.000000
97491.110225,0.000000
97491.112727,0.166803
97491.115228,0.021028
97491.117730,0.000000
97491.120231,0.019479
97491.122733,0.000000
97491.125234,0.028673
97491.127736,0.051258
97491.130238,0.106762
97491.132739,0.000000
97491.135241,0.144703
97491.137742,0.080169
97491.140244,0.000000
97491.142745,0.195107
97491.145247,0.028870
97491.147749,0.000000
97491.150250,0.145935
97491.152752,0.183446
97491.155253,0.000000
97491.157755,0.000000
97491.160256,0.000000
97491.162758,0.063103
97491.165259,0.112821
97491.167761,0.050368
97491.170263,0.008981
97491.172764,0.132259
97491.175266,0.000000
97491.177767,0.091019
97491.180269,0.000000
97491.182770,0.038055
97491.185272,0.000000
97491.187774,0.000000
97491.190275,0.000000
97491.192777,0.118736
97491.195278,0.000000
97491.197780,0.000000
97491.200281,0.187261
97491.202783,0.086334
97491.205284,0.000000
97491.207786,0.000000
97491.210288,0.000000
97491.212789,0.000000
97491.215291,0.000000
97491.217792,0.000000
97491.220294,0.000000
97491.222795,0.005289
97491.225297,0.000000
97491.227799,0.007320
97491.230300,0.000000
97491.232802,0.132607
97491.235303,0.124608
97491.237805,0.069338
97491.240306,0.000000
97491.242808,0.175288
97491.245309,0.000000
97491.247811,0.000000
97491.250313,0.000000
97491.252814,0.199008
97491.255316,0.000000
97491.257817,0.000000
97491.260319,0.000000
97491.262820,0.083516
97491.265322,0.084155
97491.267824,0.069667
97491.270325,0.000000
97491.272827,0.000000
97491.275328,0.000000
97491.277830,0.007405
97491.280331,0.000000
97491.282833,0.000000
97491.285335,0.000000
97491.287836,0.000000
97491.290338,0.000000
97491.292839,0.041182
97491.295341,0.006979
97491.297842,0.000000
97491.300344,0.016158
97491.302845,0.000000
97491.305347,0.009295
97491.307849,0.013297
97491.310350,0.000000
97491.312852,0.087909
97491.315353,0.000000
97491.317855,0.007973
97491.320356,0.102805
97491.322858,0.081728
97491.325360,0.003031
97491.327861,0.000000
97491.330363,0.083655
97491.332864,0.059568
97491.335366,0.000000
97491.337867,0.000000
97491.340369,0.000000
97491.342870,0.013599
97491.345372,0.000000
97491.347874,0.100314
97491.350375,0.031701
97491.352877,0.117798
97491.355378,0.000000
97491.357880,0.100487
97491.360381,0.000000
97491.362883,0.068654
97491.365385,0.000000
97491.367886,0.020760
97491.370388,0.000000
97491.372889,0.000000
97491.375391,0.038879
97491.377892,0.000000
97491.380394,0.000000
97491.382895,0.074703
97491.385397,0.000000
97491.387899,0.000000
97491.390400,0.003699
97491.392902,0.232790
97491.395403,0.101842
97491.397905,0.102643
97491.400406,0.038454
97491.402908,0.014699
97491.405410,0.000000
97491.407911,0.000000
97491.410413,0.000000
97491.412914,0.000000
97491.415416,0.000000
97491.417917,0.000000
97491.420419,0.000000
97491.422920,0.072288
97491.425422,0.097717
97491.427924,0.036621
97491.430425,0.000000
97491.432927,0.000000
97491.435428,0.000000
97491.437930,0.000000
97491.440431,0.000000
97491.442933,0.000000
97491.445435,0.000000
97491.447936,0.029928
97491.450438,0.000000
97491.452939,0.000931
97491.455441,0.100672
97491.457942,0.000000
97491.460444,0.036967
97491.462946,0.000000
97491.465447,0.000000
97491.467949,0.078159
97491.470450,0.077608
97491.472952,0.000000
97491.475453,0.000000
97491.477955,0.024828
97491.480456,0.000000
97491.482958,0.051651
97491.485460,0.024826
97491.487961,0.161796
97491.490463,0.000000
97491.492964,0.000000
97491.495466,0.000000
97491.497967,0.053336
97491.500469,0.000000
97491.502971,0.030576
97491.505472,0.000000
97491.507974,0.000000
97491.510475,0.000000
97491.512977,0.000000
97491.515478,0.095750
97491.517980,0.000000
97491.520481,0.055418
97491.522983,0.146970
97491.525485,0.023287
97491.527986,0.000000
97491.530488,0.041253
97491.532989,0.000000
97491.535491,0.000000
97491.537992,0.000000
97491.540494,0.081779
97491.542996,0.000000
97491.545497,0.016077
97491.547999,0.000000
97491.550500,0.038490
97491.553002,0.000000
97491.555503,0.000000
97491.558005,0.077503
97491.560506,0.069816
97491.563008,0.000000
97491.565510,0.000000
97491.568011,0.264234
97491.570513,0.154141
97491.573014,0.063805
97491.575516,0.000000
97491.578017,0.000000
97491.580519,0.000000
97491.583021,0.111585
97491.585522,0.023176
97491.588024,0.000000
97491.590525,0.000000
97491.593027,0.098989
97491.595528,0.141272
97491.598030,0.134936
97491.600532,0.066838
97491.603033,0.000000
97491.605535,0.000000
97491.608036,0.026236
97491.610538,0.000000
97491.613039,0.012359
97491.615541,0.004759
97491.618042,0.000000
97491.620544,0.049213
97491.623046,0.055818
97491.625547,0.060243
97491.628049,0.083573
97491.630550,0.053331
97491.633052,0.000000
97491.635553,0.000000
97491.638055,0.008045
97491.640557,0.009509
97491.643058,0.088132
97491.645560,0.056829
97491.648061,0.183408
97491.650563,0.194808
97491.653064,0.007032
97491.655566,0.000000
97491.658067,0.109199
97491.660569,0.000000
97491.663071,0.000000
97491.665572,0.000000
97491.668074,0.000000
97491.670575,0.054057
97491.673077,0.000000
97491.675578,0.000000
97491.678080,0.030297
97491.680582,0.054999
97491.683083,0.056641
97491.685585,0.000000
97491.688086,0.000000
97491.690588,0.000000
97491.693089,0.021178
97491.695591,0.131152
97491.698092,0.000000
97491.700594,0.000000
97491.703096,0.000000
97491.705597,0.000000
97491.708099,0.085372
97491.710600,0.048085
97491.713102,0.039680
97491.715603,0.081317
97491.718105,0.000000
97491.720607,0.000000
97491.723108,0.192977
97491.725610,0.000000
97491.728111,0.064904
97491.730613,0.000563
97491.733114,0.000000
97491.735616,0.000000
97491.738117,0.000000
97491.740619,0.093243
97491.743121,0.069598
97491.745622,0.080703
97491.748124,0.000000
97491.750625,0.142665
97491.753127,0.000000
97491.755628,0.018790
97491.758130,0.000000
97491.760632,0.000000
97491.763133,0.118184
97491.765635,0.000000
97491.768136,0.000000
97491.770638,0.001765
97491.773139,0.000000
97491.775641,0.298187
97491.778143,0.059729
97491.780644,0.000000
97491.783146,0.000000
97491.785647,0.000000
97491.788149,0.000000
97491.790650,0.010148
97491.793152,0.126018
97491.795653,0.099033
97491.798155,0.020227
97491.800657,0.000000
97491.803158,0.023733
97491.805660,0.000000
97491.808161,0.151713
97491.810663,0.000000
97491.813164,0.000000
97491.815666,0.000000
97491.818168,0.000000
97491.820669,0.073853
97491.823171,0.000000
97491.825672,0.000000
97491.828174,0.069988
97491.830675,0.000000
97491.833177,0.093393
97491.835678,0.000000
97491.838180,0.000000
97491.840682,0.000000
97491.843183,0.033378
97491.845685,0.217181
97491.848186,0.068998
97491.850688,0.000000
97491.853189,0.100263
97491.855691,0.000000
97491.858193,0.121353
97491.860694,0.071221
97491.863196,0.000000
97491.865697,0.000000
97491.868199,0.083379
97491.870700,0.013390
97491.873202,0.000000
97491.875703,0.000000
97491.878205,0.000000
97491.880707,0.000000
97491.883208,0.195181
97491.885710,0.071067
97491.888211,0.193391
97491.890713,0.077906
97491.893214,0.090716
97491.895716,0.174290
97491.898218,0.033308
97491.900719,0.000000
97491.903221,0.091173
97491.905722,0.128359
97491.908224,0.000000
97491.910725,0.000000
97491.913227,0.012260
97491.915729,0.073413
97491.918230,0.070463
97491.920732,0.000000
97491.923233,0.168775
97491.925735,0.000000
97491.928236,0.000000
97491.930738,0.000000
97491.933239,0.238234
97491.935741,0.021372
97491.938243,0.000000
97491.940744,0.076275
97491.943246,0.067907
97491.945747,0.000000
97491.948249,0.074217
97491.950750,0.000000
97491.953252,0.000000
97491.955754,0.000000
97491.958255,0.000000
97491.960757,0.159595
97491.963258,0.144921
97491.965760,0.005808
97491.968261,0.146819
97491.970763,0.000000
97491.973264,0.000000
97491.975766,0.004989
97491.978268,0.000000
97491.980769,0.000000
97491.983271,0.100950
97491.985772,0.013255
97491.988274,0.062905
97491.990775,0.091060
97491.993277,0.034273
97491.995779,0.000000
97491.998280,0.000000
97492.000782,0.013136
97492.003283,0.000000
97492.005785,0.007716
97492.008286,0.000000
97492.010788,0.228102
97492.013289,0.000000
97492.015791,0.000000
97492.018293,0.029345
97492.020794,0.000000
97492.023296,0.027905
97492.025797,0.051551
97492.028299,0.113373
97492.030800,0.000000
97492.033302,0.000000
97492.035804,0.037855
97492.038305,0.068024
97492.040807,0.193659
97492.043308,0.084379
97492.045810,0.000000
97492.048311,0.000000
97492.050813,0.000000
97492.053314,0.000000
97492.055816,0.057850
97492.058318,0.022690
97492.060819,0.000000
97492.063321,0.000000
97492.065822,0.077478
97492.068324,0.031048
97492.070825,0.050205
97492.073327,0.033808
97492.075829,0.143597
97492.078330,0.020840
97492.080832,0.000000
97492.083333,0.000000
97492.085835,0.022038
97492.088336,0.000000
97492.090838,0.000000
97492.093340,0.000000
97492.095841,0.000000
97492.098343,0.000000
97492.100844,0.071484
97492.103346,0.020369
97492.105847,0.008987
97492.108349,0.027047
97492.110850,0.008178
97492.113352,0.109732
97492.115854,0.010897
97492.118355,0.000000
97492.120857,0.143923
97492.123358,0.032697
97492.125860,0.000000
97492.128361,0.000000
97492.130863,0.034955
97492.133365,0.000000
97492.135866,0.138981
97492.138368,0.000000
97492.140869,0.000000
97492.143371,0.079089
97492.145872,0.081693
97492.148374,0.014890
97492.150875,0.059715
97492.153377,0.000000
97492.155879,0.020648
97492.158380,0.102856
97492.160882,0.055209
97492.163383,0.000000
97492.165885,0.119399
97492.168386,0.000000
97492.170888,0.181177
97492.173390,0.000000
97492.175891,0.000000
97492.178393,0.000000
97492.180894,0.000000
97492.183396,0.088856
97492.185897,0.000000
97492.188399,0.023023
97492.190900,0.000000
97492.193402,0.026058
97492.195904,0.000000
97492.198405,0.008205
97492.200907,0.000000
97492.203408,0.000000
97492.205910,0.025363
97492.208411,0.083320
97492.210913,0.000000
97492.213415,0.000000
97492.215916,0.054162
97492.218418,0.000000
97492.220919,0.073324
97492.223421,0.000000
97492.225922,0.000000
97492.228424,0.000000
97492.230926,0.000000
97492.233427,0.000000
97492.235929,0.000000
97492.238430,0.065424
97492.240932,0.000000
97492.243433,0.013285
97492.245935,0.013917
97492.248436,0.017212
97492.250938,0.000000
97492.253440,0.045081
97492.255941,0.000000
97492.258443,0.123554
97492.260944,0.000000
97492.263446,0.000000
97492.265947,0.016605
97492.268449,0.000000
97492.270951,0.058742
97492.273452,0.195086
97492.275954,0.000000
97492.278455,0.029727
97492.280957,0.000000
97492.283458,0.065089
97492.285960,0.042067
97492.288461,0.353536
97492.290963,0.884446
97492.293465,1.731225
97492.295966,2.088713
97492.298468,1.698095
97492.300969,0.940355
97492.303471,0.571090
97492.305972,0.062740
97492.308474,0.000000
97492.310976,0.044555
97492.313477,0.000000
97492.315979,0.087316
97492.318480,0.000000
97492.320982,0.053302
97492.323483,0.123738
97492.325985,0.000000
97492.328486,0.000000
97492.330988,0.000000
97492.333490,0.135750
97492.335991,0.000000
97492.338493,0.000000
97492.340994,0.044311
97492.343496,0.000000
97492.345997,0.115516
97492.348499,0.286107
97492.351001,1.435314
97492.353502,2.448886
97492.356004,3.730733
97492.358505,3.886688
97492.361007,3.013384
97492.363508,1.353354
97492.366010,0.712314
97492.368511,0.205573
97492.371013,0.062312
97492.373515,0.000000
97492.376016,0.064646
97492.378518,0.011086
97492.381019,0.396966
97492.383521,0.681017
97492.386022,1.447348
97492.388524,1.908750
97492.391026,1.771737
97492.393527,1.313000
97492.396029,0.639041
97492.398530,0.305142
97492.401032,0.000000
97492.403533,0.101829
97492.406035,0.222137
97492.408537,0.000000
97492.411038,0.167326
97492.413540,0.000000
97492.416041,0.000000
97492.418543,0.000000
97492.421044,0.092545
97492.423546,0.000000
97492.426047,0.000000
97492.428549,0.052407
97492.431051,0.000344
97492.433552,0.052593
97492.436054,0.030074
97492.438555,0.101952
97492.441057,0.238505
97492.443558,0.928144
97492.446060,2.022873
97492.448562,3.563309
97492.451063,3.939966
97492.453565,3.371395
97492.456066,1.872719
97492.458568,0.792258
97492.461069,0.180184
97492.463571,0.000000
97492.466072,0.000000
97492.468574,0.000000
97492.471076,0.000000
97492.473577,0.018709
97492.476079,0.089206
97492.478580,0.000000
97492.481082,0.000000
97492.483583,0.000000
97492.486085,0.042385
97492.488587,0.122122
97492.491088,0.111804
97492.493590,0.062680
97492.496091,0.056377
97492.498593,0.149882
97492.501094,0.029319
97492.503596,0.057046
97492.506097,0.000000
97492.508599,0.000000
97492.511101,0.000000
97492.513602,0.000000
97492.516104,0.005367
97492.518605,0.170071
97492.521107,0.007177
97492.523608,0.104109
97492.526110,0.000000
97492.528612,0.000000
97492.531113,0.000000
97492.533615,0.108856
97492.536116,0.687075
97492.538618,1.663562
97492.541119,3.134478
97492.543621,3.973137
97492.546123,3.596185
97492.548624,2.539757
97492.551126,1.067877
97492.553627,0.450998
97492.556129,0.044290
97492.558630,0.075939
97492.561132,0.087269
97492.563633,0.044590
97492.566135,0.000000
97492.568637,0.420538
97492.571138,1.106655
97492.573640,1.727061
97492.576141,2.039362
97492.578643,1.530309
97492.581144,0.936640
97492.583646,0.456650
97492.586148,0.161078
97492.588649,0.133451
97492.591151,0.000000
97492.593652,0.036238
97492.596154,0.001476
97492.598655,0.000000
97492.601157,0.000000
97492.603658,0.038054
97492.606160,0.015358
97492.608662,0.000000
97492.611163,0.000000
97492.613665,0.055600
97492.616166,0.000000
97492.618668,0.049356
97492.621169,0.166789
97492.623671,0.000000
97492.626173,0.044193
97492.628674,0.417232
97492.631176,1.394832
97492.633677,2.457018
97492.636179,3.948176
97492.638680,3.888384
97492.641182,2.803260
97492.643683,1.424026
97492.646185,0.483830
97492.648687,0.226331
97492.651188,0.000000
97492.653690,0.035521
97492.656191,0.000000
97492.658693,0.010387
97492.661194,0.521361
97492.663696,0.818596
97492.666198,1.527570
97492.668699,2.063676
97492.671201,1.723385
97492.673702,1.385381
97492.676204,0.357479
97492.678705,0.124658
97492.681207,0.004723
97492.683708,0.058877
97492.686210,0.020193
97492.688712,0.000000
97492.691213,0.000000
97492.693715,0.000000
97492.696216,0.000000
97492.698718,0.064143
97492.701219,0.061247
97492.703721,0.139894
97492.706223,0.000000
97492.708724,0.061173
97492.711226,0.000000
97492.713727,0.106140
97492.716229,0.099756
97492.718730,0.080704
97492.721232,0.255714
97492.723734,1.014458
97492.726235,2.195121
97492.728737,3.415014
97492.731238,3.875850
97492.733740,3.217195
97492.736241,1.994999
97492.738743,0.856284
97492.741244,0.118298
97492.743746,0.000000
97492.746248,0.118826
97492.748749,0.000000
97492.751251,0.045011
97492.753752,0.000000
97492.756254,0.142768
97492.758755,0.000000
97492.761257,0.100947
97492.763759,0.016321
97492.766260,0.022266
97492.768762,0.000000
97492.771263,0.000000
97492.773765,0.000000
97492.776266,0.021799
97492.778768,0.000000
97492.781269,0.000000
97492.783771,0.049572
97492.786273,0.049694
97492.788774,0.000000
97492.791276,0.068884
97492.793777,0.000000
97492.796279,0.000000
97492.798780,0.145490
97492.801282,0.006034
97492.803784,0.011184
97492.806285,0.204056
97492.808787,0.000000
97492.811288,0.105349
97492.813790,0.327474
97492.816291,0.629097
97492.818793,1.769579
97492.821294,2.995639
97492.823796,3.904212
97492.826298,3.638680
97492.828799,2.386869
97492.831301,1.151031
97492.833802,0.476315
97492.836304,0.070676
97492.838805,0.117673
97492.841307,0.000000
97492.843809,0.079757
97492.846310,0.018325
97492.848812,0.039349
97492.851313,0.037391
97492.853815,0.000000
97492.856316,0.000000
97492.858818,0.009053
97492.861319,0.000000
97492.863821,0.073387
97492.866323,0.076949
97492.868824,0.028886
97492.871326,0.000000
97492.873827,0.121852
97492.876329,0.179864
97492.878830,0.012985
97492.881332,0.045075
97492.883834,0.017811
97492.886335,0.046826
97492.888837,0.000000
97492.891338,0.000000
97492.893840,0.079965
97492.896341,0.207094
97492.898843,0.000000
97492.901345,0.000000
97492.903846,0.000000
97492.906348,0.140559
97492.908849,0.000000
97492.911351,0.000000
97492.913852,0.056345
97492.916354,0.154004
97492.918855,0.058589
97492.921357,0.018082
97492.923859,0.036123
97492.926360,0.124916
97492.928862,0.000000
97492.931363,0.000000
97492.933865,0.000000
97492.936366,0.000000
97492.938868,0.000000
97492.941370,0.097800
97492.943871,0.050025
97492.946373,0.056886
97492.948874,0.012932
97492.951376,0.046204
97492.953877,0.000000
97492.956379,0.000000
97492.958880,0.016952
97492.961382,0.024502
97492.963884,0.028269
97492.966385,0.000000
97492.968887,0.000000
97492.971388,0.278798
97492.973890,0.080060
97492.976391,0.036477
97492.978893,0.000000
97492.981395,0.000000
97492.983896,0.000000
97492.986398,0.025854
97492.988899,0.000000
97492.991401,0.000000
97492.993902,0.000000
97492.996404,0.018288
97492.998905,0.000000
97493.001407,0.130503
97493.003909,0.000000
97493.006410,0.000000
97493.008912,0.134208
97493.011413,0.011576
97493.013915,0.078122
97493.016416,0.181104
97493.018918,0.000000
97493.021420,0.000000
97493.023921,0.000000
97493.026423,0.000000
97493.028924,0.000000
97493.031426,0.077789
97493.033927,0.047728
97493.036429,0.054659
97493.038931,0.000000
97493.041432,0.000000
97493.043934,0.112062
97493.046435,0.000000
97493.048937,0.025964
97493.051438,0.014421
97493.053940,0.129054
97493.056441,0.085766
97493.058943,0.000000
97493.061445,0.000000
97493.063946,0.051112
97493.066448,0.000000
97493.068949,0.000000
97493.071451,0.089669
97493.073952,0.016551
97493.076454,0.004631
97493.078956,0.068851
97493.081457,0.000000
97493.083959,0.138484
97493.086460,0.000000
97493.088962,0.058000
97493.091463,0.126592
97493.093965,0.000000
97493.096466,0.000000
97493.098968,0.100845
97493.101470,0.102173
97493.103971,0.000000
97493.106473,0.000000
97493.108974,0.084399
97493.111476,0.104495
97493.113977,0.000000
97493.116479,0.000000
97493.118981,0.019888
97493.121482,0.055566
97493.123984,0.000000
97493.126485,0.059975
97493.128987,0.000000
97493.131488,0.000000
97493.133990,0.000000
97493.136491,0.005583
97493.138993,0.000000
97493.141495,0.000000
97493.143996,0.000000
97493.146498,0.000000
97493.148999,0.079254
97493.151501,0.110909
97493.154002,0.104863
97493.156504,0.000000
97493.159006,0.000000
97493.161507,0.043848
97493.164009,0.056073
97493.166510,0.035331
97493.169012,0.000000
97493.171513,0.000000
97493.174015,0.000000
97493.176516,0.043016
97493.179018,0.067745
97493.181520,0.012736
97493.184021,0.029205
97493.186523,0.007493
97493.189024,0.060533
97493.191526,0.027623
97493.194027,0.005804
97493.196529,0.000000
97493.199031,0.007177
97493.201532,0.042784
97493.204034,0.023615
97493.206535,0.033623
97493.209037,0.118548
97493.211538,0.023411
97493.214040,0.000000
97493.216542,0.078013
97493.219043,0.000000
97493.221545,0.000000
97493.224046,0.029652
97493.226548,0.045592
97493.229049,0.000000
97493.231551,0.000000
97493.234052,0.000000
97493.236554,0.000000
97493.239056,0.083310
97493.241557,0.062377
97493.244059,0.000000
97493.246560,0.000000
97493.249062,0.000000
97493.251563,0.125387
97493.254065,0.052277
97493.256567,0.000000
97493.259068,0.063533
97493.261570,0.000000
97493.264071,0.000000
97493.266573,0.038425
97493.269074,0.000000
97493.271576,0.000000
97493.274077,0.010724
97493.276579,0.000000
97493.279081,0.059073
97493.281582,0.165019
97493.284084,0.000000
97493.286585,0.000000
97493.289087,0.000000
97493.291588,0.000000
97493.294090,0.000000
97493.296592,0.018352
97493.299093,0.011707
97493.301595,0.000000
97493.304096,0.000000
97493.306598,0.026128
97493.309099,0.011957
97493.311601,0.000000
97493.314102,0.000000
97493.316604,0.041619
97493.319106,0.112295
97493.321607,0.024543
97493.324109,0.000000
97493.326610,0.003933
97493.329112,0.000000
97493.331613,0.093407
97493.334115,0.007226
97493.336617,0.000000
97493.339118,0.000000
97493.341620,0.040905
97493.344121,0.000000
97493.346623,0.000000
97493.349124,0.000000
97493.351626,0.050020
97493.354128,0.000000
97493.356629,0.000000
97493.359131,0.000000
97493.361632,0.086625
97493.364134,0.000000
97493.366635,0.153446
97493.369137,0.037873
97493.371638,0.029909
97493.374140,0.000000
97493.376642,0.000000
97493.379143,0.000000
97493.381645,0.000000
97493.384146,0.046870
97493.386648,0.000000
97493.389149,0.000000
97493.391651,0.000000
97493.394153,0.180610
97493.396654,0.046824
97493.399156,0.026883
97493.401657,0.000000
97493.404159,0.055035
97493.406660,0.000000
97493.409162,0.018909
97493.411663,0.000000
97493.414165,0.014150
97493.416667,0.000000
97493.419168,0.000000
97493.421670,0.064814
97493.424171,0.000000
97493.426673,0.049864
97493.429174,0.060433
97493.431676,0.000000
97493.434178,0.000000
97493.436679,0.000000
97493.439181,0.024901
97493.441682,0.000000
97493.444184,0.038279
97493.446685,0.155653
97493.449187,0.000000
97493.451688,0.000000
97493.454190,0.072920
97493.456692,0.148619
97493.459193,0.034677
97493.461695,0.000000
97493.464196,0.000000
97493.466698,0.000000
97493.469199,0.056757
97493.471701,0.000000
97493.474203,0.000000
97493.476704,0.000000
97493.479206,0.011197
97493.481707,0.000000
97493.484209,0.015606
97493.486710,0.001973
97493.489212,0.000000
97493.491713,0.055347
97493.494215,0.000000
97493.496717,0.000000
97493.499218,0.197850
97493.501720,0.042064
97493.504221,0.000000
97493.506723,0.124948
97493.509224,0.162613
97493.511726,0.000000
97493.514228,0.030672
97493.516729,0.000000
97493.519231,0.000000
97493.521732,0.000000
97493.524234,0.016318
97493.526735,0.029379
97493.529237,0.049427
97493.531739,0.020981
97493.534240,0.000000
97493.536742,0.000000
97493.539243,0.000000
97493.541745,0.000000
97493.544246,0.092772
97493.546748,0.000000
97493.549249,0.000000
97493.551751,0.084141
97493.554253,0.000000
97493.556754,0.040650
97493.559256,0.000000
97493.561757,0.022671
97493.564259,0.000000
97493.566760,0.058895
97493.569262,0.000000
97493.571764,0.000000
97493.574265,0.026184
97493.576767,0.047120
97493.579268,0.131812
97493.581770,0.000000
97493.584271,0.130623
97493.586773,0.000000
97493.589274,0.117306
97493.591776,0.072174
97493.594278,0.000000
97493.596779,0.027108
97493.599281,0.000000
97493.601782,0.055233
97493.604284,0.000000
97493.606785,0.000000
97493.609287,0.120877
97493.611789,0.000000
97493.614290,0.072964
97493.616792,0.000000
97493.619293,0.147149
97493.621795,0.000000
97493.624296,0.000000
97493.626798,0.134599
97493.629299,0.000000
97493.631801,0.141358
97493.634303,0.078740
97493.636804,0.000000
97493.639306,0.000000
97493.641807,0.000000
97493.644309,0.008973
97493.646810,0.103053
97493.649312,0.140243
97493.651814,0.000000
97493.654315,0.070736
97493.656817,0.067577
97493.659318,0.094771
97493.661820,0.044029
97493.664321,0.000000
97493.666823,0.000000
97493.669325,0.000000
97493.671826,0.000000
97493.674328,0.086524
97493.676829,0.026942
97493.679331,0.101364
97493.681832,0.030173
97493.684334,0.000000
97493.686835,0.000000
97493.689337,0.013138
97493.691839,0.000000
97493.694340,0.000000
97493.696842,0.000000
97493.699343,0.000000
97493.701845,0.000000
97493.704346,0.058790
97493.706848,0.016654
97493.709350,0.141975
97493.711851,0.000000
97493.714353,0.077788
97493.716854,0.004176
97493.719356,0.061332
97493.721857,0.000000
97493.724359,0.094618
97493.726860,0.026065
97493.729362,0.000000
97493.731864,0.000000
97493.734365,0.000000
97493.736867,0.043189
97493.739368,0.000000
97493.741870,0.000000
97493.744371,0.034901
97493.746873,0.002916
97493.749375,0.118921
97493.751876,0.068338
97493.754378,0.000000
97493.756879,0.019131
97493.759381,0.026104
97493.761882,0.035607
97493.764384,0.000000
97493.766885,0.000000
97493.769387,0.000000
97493.771889,0.112859
97493.774390,0.000000
97493.776892,0.000000
97493.779393,0.079178
97493.781895,0.037287
97493.784396,0.000000
97493.786898,0.000000
97493.789400,0.000000
97493.791901,0.000000
97493.794403,0.000000
97493.796904,0.000000
97493.799406,0.000000
97493.801907,0.000000
97493.804409,0.101680
97493.806910,0.000000
97493.809412,0.003316
97493.811914,0.035372
97493.814415,0.000000
97493.816917,0.040291
97493.819418,0.000000
97493.821920,0.000000
97493.824421,0.050629
97493.826923,0.131699
97493.829425,0.063995
97493.831926,0.081489
97493.834428,0.000000
97493.836929,0.000000
97493.839431,0.131563
97493.841932,0.181392
97493.844434,0.136214
97493.846936,0.000000
97493.849437,0.000000
97493.851939,0.000000
97493.854440,0.000000
97493.856942,0.000000
97493.859443,0.141764
97493.861945,0.000000
97493.864446,0.026692
97493.866948,0.121451
97493.869450,0.000000
97493.871951,0.179716
97493.874453,0.175881
97493.876954,0.000000
97493.879456,0.000000
97493.881957,0.061559
97493.884459,0.000000
97493.886961,0.000000
97493.889462,0.113120
97493.891964,0.107400
97493.894465,0.013730
97493.896967,0.000000
97493.899468,0.000000
97493.901970,0.009467
97493.904471,0.000000
97493.906973,0.000000
97493.909475,0.090229
97493.911976,0.064732
97493.914478,0.121676
97493.916979,0.000000
97493.919481,0.000000
97493.921982,0.067010
97493.924484,0.039561
97493.926986,0.135293
97493.929487,0.037129
97493.931989,0.163169
97493.934490,0.047678
97493.936992,0.093778
97493.939493,0.000000
97493.941995,0.001261
97493.944496,0.080427
97493.946998,0.142409
97493.949500,0.064384
97493.952001,0.000000
97493.954503,0.121604
97493.957004,0.000000
97493.959506,0.000000
97493.962007,0.060181
97493.964509,0.001246
97493.967011,0.053460
97493.969512,0.005687
97493.972014,0.050409
97493.974515,0.000000
97493.977017,0.050368
97493.979518,0.087796
97493.982020,0.107762
97493.984521,0.177776
97493.987023,0.021551
97493.989525,0.024183
97493.992026,0.000000
97493.994528,0.000000
97493.997029,0.000000
97493.999531,0.092732
97494.002032,0.000000
97494.004534,0.070308
97494.007036,0.000000
97494.009537,0.000000
97494.012039,0.021975
97494.014540,0.000000
97494.017042,0.000000
97494.019543,0.000000
97494.022045,0.000000
97494.024547,0.000000
97494.027048,0.000000
97494.029550,0.036806
97494.032051,0.058150
97494.034553,0.020500
97494.037054,0.087885
97494.039556,0.050816
97494.042057,0.000000
97494.044559,0.000000
97494.047061,0.027619
97494.049562,0.050658
97494.052064,0.123415
97494.054565,0.105168
97494.057067,0.000000
97494.059568,0.000000
97494.062070,0.059244
97494.064572,0.094293
97494.067073,0.082901
97494.069575,0.000000
97494.072076,0.000000
97494.074578,0.000000
97494.077079,0.024071
97494.079581,0.030215
97494.082082,0.000000
97494.084584,0.003935
97494.087086,0.055730
97494.089587,0.000000
97494.092089,0.097560
97494.094590,0.000000
97494.097092,0.111034
97494.099593,0.000000
97494.102095,0.000000
97494.104597,0.000000
97494.107098,0.000000
97494.109600,0.000000
97494.112101,0.000000
97494.114603,0.029486
97494.117104,0.000000
97494.119606,0.000000
97494.122107,0.000000
97494.124609,0.034583
97494.127111,0.000000
97494.129612,0.142172
97494.132114,0.000000
97494.134615,0.000000
97494.137117,0.054569
97494.139618,0.030595
97494.142120,0.000000
97494.144622,0.000000
97494.147123,0.135736
97494.149625,0.124851
97494.152126,0.000000
97494.154628,0.000000
97494.157129,0.146931
97494.159631,0.000000
97494.162133,0.000000
97494.164634,0.000000
97494.167136,0.000000
97494.169637,0.000000
97494.172139,0.092929
97494.174640,0.000000
97494.177142,0.021831
97494.179643,0.078276
97494.182145,0.000000
97494.184647,0.000000
97494.187148,0.107111
97494.189650,0.047049
97494.192151,0.000000
97494.194653,0.106146
97494.197154,0.106524
97494.199656,0.023755
97494.202158,0.000000
97494.204659,0.000000
97494.207161,0.025285
97494.209662,0.000000
97494.212164,0.082900
97494.214665,0.000000
97494.217167,0.000000
97494.219668,0.015969
97494.222170,0.000000
97494.224672,0.000000
97494.227173,0.000000
97494.229675,0.001726
97494.232176,0.000000
97494.234678,0.057695
97494.237179,0.006084
97494.239681,0.000000
97494.242183,0.103917
97494.244684,0.000000
97494.247186,0.047358
97494.249687,0.000000
97494.252189,0.000000
97494.254690,0.000000
97494.257192,0.069037
97494.259693,0.000000
97494.262195,0.000000
97494.264697,0.000000
97494.267198,0.000000
97494.269700,0.000000
97494.272201,0.033855
97494.274703,0.000000
97494.277204,0.117407
97494.279706,0.000000
97494.282208,0.000000
97494.284709,0.148079
97494.287211,0.000000
97494.289712,0.000000
97494.292214,0.019342
97494.294715,0.000000
97494.297217,0.000000
97494.299718,0.000000
97494.302220,0.244418
97494.304722,0.000000
97494.307223,0.000000
97494.309725,0.131879
97494.312226,0.053951
97494.314728,0.000000
97494.317229,0.000000
97494.319731,0.059461
97494.322233,0.000000
97494.324734,0.000000
97494.327236,0.157795
97494.329737,0.000000
97494.332239,0.132043
97494.334740,0.112872
97494.337242,0.000000
97494.339744,0.091220
97494.342245,0.000000
97494.344747,0.000000
97494.347248,0.000000
97494.349750,0.035107
97494.352251,0.000000
97494.354753,0.000000
97494.357254,0.100965
97494.359756,0.009402
97494.362258,0.000000
97494.364759,0.061982
97494.367261,0.017453
97494.369762,0.000000
97494.372264,0.037819
97494.374765,0.034594
97494.377267,0.001776
97494.379769,0.078728
97494.382270,0.000000
97494.384772,0.029709
97494.387273,0.000000
97494.389775,0.035942
97494.392276,0.172435
97494.394778,0.000000
97494.397279,0.000000
97494.399781,0.000000
97494.402283,0.011477
97494.404784,0.000000
97494.407286,0.037192
97494.409787,0.074767
97494.412289,0.047177
97494.414790,0.000000
97494.417292,0.087863
97494.419794,0.082760
97494.422295,0.073295
97494.424797,0.032918
97494.427298,0.019440
97494.429800,0.091149
97494.432301,0.169826
97494.434803,0.000000
97494.437304,0.095187
97494.439806,0.000000
97494.442308,0.000000
97494.444809,0.000000
97494.447311,0.000000
97494.449812,0.000000
97494.452314,0.000000
97494.454815,0.000000
97494.457317,0.000000
97494.459819,0.000000
97494.462320,0.008542
97494.464822,0.000000
97494.467323,0.000000
97494.469825,0.031953
97494.472326,0.000000
97494.474828,0.094870
97494.477330,0.019889
97494.479831,0.053571
97494.482333,0.124549
97494.484834,0.000000
97494.487336,0.000000
97494.489837,0.076962
97494.492339,0.044985
97494.494840,0.000000
97494.497342,0.122851
97494.499844,0.000000
97494.502345,0.002894
97494.504847,0.001874
97494.507348,0.000000
97494.509850,0.006850
97494.512351,0.123319
97494.514853,0.039286
97494.517355,0.002743
97494.519856,0.000000
97494.522358,0.029212
97494.524859,0.066197
97494.527361,0.053789
97494.529862,0.000000
97494.532364,0.028675
97494.534865,0.042374
97494.537367,0.000000
97494.539869,0.014853
97494.542370,0.000000
97494.544872,0.042603
97494.547373,0.058301
97494.549875,0.066000
97494.552376,0.000000
97494.554878,0.027286
97494.554878,0.125720
97774.954645,0.124821
98055.354412,0.000000
98335.754180,0.012300
98616.153947,0.098082
98896.553714,0.000000
99176.953481,0.000000
99457.353248,0.117917
99737.753016,0.086100
100018.152783,0.032602
100298.552550,0.000000
100578.952317,0.000000
100859.352084,0.000000
101139.751852,0.029227
101420.151619,0.000000
101700.551386,0.000000
101980.951153,0.000000
102261.350920,0.107873
102541.750688,0.000000
102822.150455,0.013874
102822.150455,0.000000
102822.152956,0.000000
102822.155458,0.000000
102822.157960,0.000000
102822.160461,0.000000
102822.162963,0.032367
102822.165464,0.000000
102822.167966,0.154197
102822.170467,0.090687
102822.172969,0.071370
102822.175471,0.000000
102822.177972,0.133695
102822.180474,0.000000
102822.182975,0.000000
102822.185477,0.015007
102822.187978,0.061964
102822.190480,0.056232
102822.192981,0.000000
102822.195483,0.000000
102822.197985,0.056497
102822.200486,0.063148
102822.202988,0.000000
102822.205489,0.000000
102822.207991,0.000000
102822.210492,0.055051
102822.212994,0.159399
102822.215496,0.000000
102822.217997,0.000000
102822.220499,0.000000
102822.223000,0.119703
102822.225502,0.000000
102822.228003,0.000000
102822.230505,0.049327
102822.233006,0.000000
102822.235508,0.000000
102822.238010,0.000000
102822.240511,0.153098
102822.243013,0.033922
102822.245514,0.009514
102822.248016,0.000000
102822.250517,0.025794
102822.253019,0.024742
102822.255521,0.025795
102822.258022,0.010140
102822.260524,0.076706
102822.263025,0.002040
102822.265527,0.000000
102822.268028,0.000000
102822.270530,0.000000
102822.273032,0.178947
102822.275533,0.076172
102822.278035,0.000000
102822.280536,0.000000
102822.283038,0.000000
102822.285539,0.136191
102822.288041,0.000000
102822.290542,0.010107
102822.293044,0.000000
102822.295546,0.073001
102822.298047,0.000000
102822.300549,0.000000
102822.303050,0.000000
102822.305552,0.000000
102822.308053,0.007026
102822.310555,0.126623
102822.313057,0.000000
102822.315558,0.000000
102822.318060,0.000000
102822.320561,0.000000
102822.323063,0.065345
102822.325564,0.000000
102822.328066,0.036711
102822.330567,0.000000
102822.333069,0.020300
102822.335571,0.068671
102822.338072,0.000000
102822.340574,0.068986
102822.343075,0.004624
102822.345577,0.092303
102822.348078,0.000000
102822.350580,0.033660
102822.353082,0.000000
102822.355583,0.000000
102822.358085,0.022861
102822.360586,0.047394
102822.363088,0.000000
102822.365589,0.126575
102822.368091,0.000000
102822.370592,0.000000
102822.373094,0.000000
102822.375596,0.036407
102822.378097,0.139159
102822.380599,0.000000
102822.383100,0.000000
102822.385602,0.000000
102822.388103,0.002792
102822.390605,0.023987
102822.393107,0.140451
102822.395608,0.010651
102822.398110,0.092176
102822.400611,0.051547
102822.403113,0.000000
102822.405614,0.000000
102822.408116,0.024280
102822.410617,0.000000
102822.413119,0.114353
102822.415621,0.000000
102822.418122,0.105522
102822.420624,0.000000
102822.423125,0.023737
102822.425627,0.018483
102822.428128,0.000000
102822.430630,0.000000
102822.433132,0.034650
102822.435633,0.000000
102822.438135,0.000000
102822.440636,0.109729
102822.443138,0.064201
102822.445639,0.005818
102822.448141,0.147015
102822.450643,0.000000
102822.453144,0.116781
102822.455646,0.015501
102822.458147,0.000000
102822.460649,0.163163
102822.463150,0.087469
102822.465652,0.000000
102822.468153,0.064202
102822.470655,0.000000
102822.473157,0.073205
102822.475658,0.000000
102822.478160,0.000000
102822.480661,0.086458
102822.483163,0.000000
102822.485664,0.018324
102822.488166,0.000000
102822.490668,0.163147
102822.493169,0.105111
102822.495671,0.000000
102822.498172,0.000000
102822.500674,0.090903
102822.503175,0.175031
102822.505677,0.084207
102822.508178,0.191747
102822.510680,0.000000
102822.513182,0.000000
102822.515683,0.000000
102822.518185,0.039003
102822.520686,0.015504
102822.523188,0.000000
102822.525689,0.071449
102822.528191,0.108802
102822.530693,0.000000
102822.533194,0.000000
102822.535696,0.072410
102822.538197,0.000000
102822.540699,0.000000
102822.543200,0.089926
102822.545702,0.000000
102822.548203,0.000000
102822.550705,0.029016
102822.553207,0.000000
102822.555708,0.069144
102822.558210,0.000000
102822.560711,0.124366
102822.563213,0.000000
102822.565714,0.059266
102822.568216,0.065866
102822.570718,0.000000
102822.573219,0.000000
102822.575721,0.031851
102822.578222,0.006382
102822.580724,0.049074
102822.583225,0.000000
102822.585727,0.000000
102822.588229,0.177327
102822.590730,0.000000
102822.593232,0.064800
102822.595733,0.000000
102822.598235,0.000000
102822.600736,0.000000
102822.603238,0.000000
102822.605739,0.050433
102822.608241,0.122779
102822.610743,0.041497
102822.613244,0.009128
102822.615746,0.000000
102822.618247,0.045630
102822.620749,0.190383
102822.623250,0.000000
102822.625752,0.000000
102822.628254,0.000000
102822.630755,0.000000
102822.633257,0.000000
102822.635758,0.035760
102822.638260,0.000000
102822.640761,0.000000
102822.643263,0.066499
102822.645764,0.000000
102822.648266,0.000000
102822.650768,0.129471
102822.653269,0.000000
102822.655771,0.000000
102822.658272,0.023777
102822.660774,0.101488
102822.663275,0.000000
102822.665777,0.035995
102822.668279,0.051296
102822.670780,0.000000
102822.673282,0.070499
102822.675783,0.077395
102822.678285,0.000000
102822.680786,0.110569
102822.683288,0.100337
102822.685789,0.009104
102822.688291,0.000000
102822.690793,0.000000
102822.693294,0.000000
102822.695796,0.050304
102822.698297,0.000000
102822.700799,0.000000
102822.703300,0.112014
102822.705802,0.016795
102822.708304,0.000000
102822.710805,0.075678
102822.713307,0.134610
102822.715808,0.000000
102822.718310,0.038341
102822.720811,0.000000
102822.723313,0.044066
102822.725814,0.011295
102822.728316,0.056128
102822.730818,0.000000
102822.733319,0.000000
102822.735821,0.000000
102822.738322,0.035920
102822.740824,0.089648
102822.743325,0.000000
102822.745827,0.090679
102822.748329,0.000000
102822.750830,0.032001
102822.753332,0.000000
102822.755833,0.016084
102822.758335,0.078743
102822.760836,0.000000
102822.763338,0.000000
102822.765840,0.016330
102822.768341,0.212035
102822.770843,0.000000
102822.773344,0.180122
102822.775846,0.176970
102822.778347,0.000000
102822.780849,0.000000
102822.783350,0.000000
102822.785852,0.000000
102822.788354,0.000000
102822.790855,0.000000
102822.793357,0.132159
102822.795858,0.000000
102822.798360,0.000000
102822.800861,0.000000
102822.803363,0.033026
102822.805865,0.023351
102822.808366,0.005624
102822.810868,0.000000
102822.813369,0.000000
102822.815871,0.044313
102822.818372,0.000000
102822.820874,0.027809
102822.823375,0.018981
102822.825877,0.099187
102822.828379,0.059771
102822.830880,0.017028
102822.833382,0.134061
102822.835883,0.037105
102822.838385,0.115214
102822.840886,0.053587
102822.843388,0.000000
102822.845890,0.115203
102822.848391,0.011935
102822.850893,0.000000
102822.853394,0.024840
102822.855896,0.000000
102822.858397,0.020044
102822.860899,0.000000
102822.863400,0.112505
102822.865902,0.000000
102822.868404,0.000000
102822.870905,0.000000
102822.873407,0.023730
102822.875908,0.016520
102822.878410,0.034294
102822.880911,0.000000
102822.883413,0.000000
102822.885915,0.055233
102822.888416,0.131078
102822.890918,0.000000
102822.893419,0.140331
102822.895921,0.025066
102822.898422,0.000000
102822.900924,0.000000
102822.903426,0.000000
102822.905927,0.087206
102822.908429,0.000000
102822.910930,0.000000
102822.913432,0.087577
102822.915933,0.000000
102822.918435,0.000000
102822.920936,0.000000
102822.923438,0.025894
102822.925940,0.042797
102822.928441,0.000000
102822.930943,0.223405
102822.933444,0.000000
102822.935946,0.000000
102822.938447,0.000000
102822.940949,0.010940
102822.943451,0.054295
102822.945952,0.106263
102822.948454,0.000000
102822.950955,0.000000
102822.953457,0.039439
102822.955958,0.051831
102822.958460,0.000578
102822.960961,0.047890
102822.963463,0.000000
102822.965965,0.137547
102822.968466,0.087639
102822.970968,0.000000
102822.973469,0.000000
102822.975971,0.000000
102822.978472,0.059858
102822.980974,0.000000
102822.983476,0.000000
102822.985977,0.040146
102822.988479,0.000000
102822.990980,0.022857
102822.993482,0.000000
102822.995983,0.052519
102822.998485,0.000000
102823.000986,0.000000
102823.003488,0.020989
102823.005990,0.009101
102823.008491,0.002117
102823.010993,0.000000
102823.013494,0.000000
102823.015996,0.000193
102823.018497,0.000000
102823.020999,0.000000
102823.023501,0.034228
102823.026002,0.000000
102823.028504,0.102114
102823.031005,0.112094
102823.033507,0.000000
102823.036008,0.119864
102823.038510,0.000000
102823.041011,0.036950
102823.043513,0.000000
102823.046015,0.081495
102823.048516,0.035854
102823.051018,0.000000
102823.053519,0.000000
102823.056021,0.000000
102823.058522,0.016593
102823.061024,0.050543
102823.063526,0.057473
102823.066027,0.000000
102823.068529,0.000000
102823.071030,0.000000
102823.073532,0.101740
102823.076033,0.000000
102823.078535,0.012662
102823.081037,0.000000
102823.083538,0.029717
102823.086040,0.000000
102823.088541,0.092414
102823.091043,0.068297
102823.093544,0.000000
102823.096046,0.000000
102823.098547,0.000000
102823.101049,0.000000
102823.103551,0.000000
102823.106052,0.017501
102823.108554,0.028717
102823.111055,0.013115
102823.113557,0.000000
102823.116058,0.082380
102823.118560,0.005610
102823.121062,0.062090
102823.123563,0.000000
102823.126065,0.000000
102823.128566,0.025056
102823.131068,0.000000
102823.133569,0.000000
102823.136071,0.000000
102823.138572,0.140151
102823.141074,0.035315
102823.143576,0.014644
102823.146077,0.073898
102823.148579,0.032534
102823.151080,0.000000
102823.153582,0.094600
102823.156083,0.000000
102823.158585,0.028539
102823.161087,0.000000
102823.163588,0.018006
102823.166090,0.017039
102823.168591,0.148013
102823.171093,0.000000
102823.173594,0.000000
102823.176096,0.072634
102823.178597,0.029605
102823.181099,0.015919
102823.183601,0.000000
102823.186102,0.000000
102823.188604,0.109924
102823.191105,0.000000
102823.193607,0.033140
102823.196108,0.000000
102823.198610,0.000000
102823.201112,0.082446
102823.203613,0.044430
102823.206115,0.203564
102823.208616,0.000000
102823.211118,0.072625
102823.213619,0.000000
102823.216121,0.013892
102823.218622,0.086215
102823.221124,0.000000
102823.223626,0.000000
102823.226127,0.000000
102823.228629,0.000000
102823.231130,0.034010
102823.233632,0.098945
102823.236133,0.000000
102823.238635,0.018142
102823.241137,0.010092
102823.243638,0.000159
102823.246140,0.000000
102823.248641,0.097864
102823.251143,0.026063
102823.253644,0.034864
102823.256146,0.000000
102823.258648,0.000000
102823.261149,0.000000
102823.263651,0.000000
102823.266152,0.000000
102823.268654,0.000000
102823.271155,0.046133
102823.273657,0.000000
102823.276158,0.000000
102823.278660,0.000000
102823.281162,0.000000
102823.283663,0.000000
102823.286165,0.191193
102823.288666,0.093112
102823.291168,0.090477
102823.293669,0.103173
102823.296171,0.000000
102823.298673,0.000000
102823.301174,0.000000
102823.303676,0.117823
102823.306177,0.000000
102823.308679,0.000000
102823.311180,0.000000
102823.313682,0.000000
102823.316183,0.023698
102823.318685,0.022156
102823.321187,0.000000
102823.323688,0.060536
102823.326190,0.000000
102823.328691,0.000000
102823.331193,0.060635
102823.333694,0.000000
102823.336196,0.000000
102823.338698,0.052238
102823.341199,0.000000
102823.343701,0.000000
102823.346202,0.049066
102823.348704,0.181355
102823.351205,0.053451
102823.353707,0.041729
102823.356208,0.046864
102823.358710,0.000000
102823.361212,0.010206
102823.363713,0.000000
102823.366215,0.028393
102823.368716,0.010286
102823.371218,0.033523
102823.373719,0.000000
102823.376221,0.005175
102823.378723,0.000000
102823.381224,0.000000
102823.383726,0.122796
102823.386227,0.028147
102823.388729,0.000000
102823.391230,0.167408
102823.393732,0.000000
102823.396234,0.000000
102823.398735,0.151214
102823.401237,0.004058
102823.403738,0.000000
102823.406240,0.000000
102823.408741,0.039527
102823.411243,0.048070
102823.413744,0.000000
102823.416246,0.000000
102823.418748,0.000000
102823.421249,0.022600
102823.423751,0.000000
102823.426252,0.110534
102823.428754,0.080858
102823.431255,0.000000
102823.433757,0.000000
102823.436259,0.000000
102823.438760,0.000000
102823.441262,0.000000
102823.443763,0.000000
102823.446265,0.142399
102823.448766,0.083576
102823.451268,0.082520
102823.453769,0.032661
102823.456271,0.000000
102823.458773,0.000000
102823.461274,0.085684
102823.463776,0.000000
102823.466277,0.056201
102823.468779,0.205062
102823.471280,0.093747
102823.473782,0.124844
102823.476284,0.019277
102823.478785,0.085458
102823.481287,0.000000
102823.483788,0.070266
102823.486290,0.057776
102823.488791,0.025596
102823.491293,0.116190
102823.493794,0.000000
102823.496296,0.000000
102823.498798,0.008428
102823.501299,0.000000
102823.503801,0.020036
102823.506302,0.000000
102823.508804,0.092435
102823.511305,0.004118
102823.513807,0.000000
102823.516309,0.000000
102823.518810,0.000000
102823.521312,0.060766
102823.523813,0.048360
102823.526315,0.000000
102823.528816,0.000000
102823.531318,0.057997
102823.533819,0.000000
102823.536321,0.005289
102823.538823,0.010926
102823.541324,0.027552
102823.543826,0.075776
102823.546327,0.000000
102823.548829,0.000000
102823.551330,0.000000
102823.553832,0.159056
102823.556334,0.178537
102823.558835,0.161674
102823.561337,0.000000
102823.563838,0.000000
102823.566340,0.000000
102823.568841,0.000000
102823.571343,0.000000
102823.573845,0.114832
102823.576346,0.076618
102823.578848,0.020077
102823.581349,0.000000
102823.583851,0.000000
102823.586352,0.022437
102823.588854,0.061542
102823.591355,0.034599
102823.593857,0.000000
102823.596359,0.057447
102823.598860,0.037603
102823.601362,0.000000
102823.603863,0.000000
102823.606365,0.060787
102823.608866,0.000000
102823.611368,0.140305
102823.613870,0.044244
102823.616371,0.000000
102823.618873,0.000000
102823.621374,0.005596
102823.623876,0.000000
102823.626377,0.000000
102823.628879,0.061925
102823.631380,0.074629
102823.633882,0.053308
102823.636384,0.133787
102823.638885,0.000000
102823.641387,0.147821
102823.643888,0.000000
102823.646390,0.000000
102823.648891,0.000000
102823.651393,0.000000
102823.653895,0.000000
102823.656396,0.046435
102823.658898,0.021533
102823.661399,0.000000
102823.663901,0.000000
102823.666402,0.000000
102823.668904,0.000000
102823.671405,0.000000
102823.673907,0.000000
102823.676409,0.126574
102823.678910,0.016903
102823.681412,0.058463
102823.683913,0.000000
102823.686415,0.105437
102823.688916,0.114874
102823.691418,0.000000
102823.693920,0.000000
102823.696421,0.043771
102823.698923,0.056893
102823.701424,0.000000
102823.703926,0.000000
102823.706427,0.000000
102823.708929,0.009749
102823.711431,0.105698
102823.713932,0.000000
102823.716434,0.088362
102823.718935,0.000000
102823.721437,0.000000
102823.723938,0.072273
102823.726440,0.081397
102823.728941,0.075171
102823.731443,0.000000
102823.733945,0.000000
102823.736446,0.072661
102823.738948,0.003668
102823.741449,0.000000
102823.743951,0.040465
102823.746452,0.000000
102823.748954,0.158438
102823.751456,0.136393
102823.753957,0.053335
102823.756459,0.120163
102823.758960,0.005720
102823.761462,0.067580
102823.763963,0.130467
102823.766465,0.021675
102823.768966,0.000000
102823.771468,0.000000
102823.773970,0.000000
102823.776471,0.072700
102823.778973,0.083489
102823.781474,0.044530
102823.783976,0.000000
102823.786477,0.000000
102823.788979,0.000000
102823.791481,0.000000
102823.793982,0.000000
102823.796484,0.054612
102823.798985,0.175314
102823.801487,0.010906
102823.803988,0.000000
102823.806490,0.000000
102823.808991,0.010982
102823.811493,0.000000
102823.813995,0.010612
102823.816496,0.039802
102823.818998,0.018513
102823.821499,0.040396
102823.824001,0.038295
102823.826502,0.000000
102823.829004,0.056229
102823.831506,0.000000
102823.834007,0.000000
102823.836509,0.000000
102823.839010,0.038277
102823.841512,0.000000
102823.844013,0.000000
102823.846515,0.042206
102823.849016,0.000000
102823.851518,0.012345
102823.854020,0.021057
102823.856521,0.078187
102823.859023,0.157304
102823.861524,0.000000
102823.864026,0.000000
102823.866527,0.000000
102823.869029,0.038296
102823.871531,0.019041
102823.874032,0.000000
102823.876534,0.000000
102823.879035,0.000000
102823.881537,0.087218
102823.884038,0.040543
102823.886540,0.081029
102823.889042,0.000000
102823.891543,0.000000
102823.894045,0.000000
102823.896546,0.031689
102823.899048,0.000000
102823.901549,0.163218
102823.904051,0.000000
102823.906552,0.024161
102823.909054,0.138338
102823.911556,0.052926
102823.914057,0.016001
102823.916559,0.000000
102823.919060,0.000000
102823.921562,0.282092
102823.924063,0.949811
102823.926565,2.172292
102823.929067,4.147025
102823.931568,5.575881
102823.934070,5.523530
102823.936571,3.848919
102823.939073,2.026887
102823.941574,0.714137
102823.944076,0.188458
102823.946577,0.000000
102823.949079,0.000000
102823.951581,0.124416
102823.954082,0.017743
102823.956584,0.000000
102823.959085,0.000000
102823.961587,0.000000
102823.964088,0.000000
102823.966590,0.049699
102823.969092,0.000000
102823.971593,0.000000
102823.974095,0.115966
102823.976596,0.000000
102823.979098,0.164589
102823.981599,0.000000
102823.984101,0.007875
102823.986602,0.000000
102823.989104,0.010897
102823.991606,0.039253
102823.994107,0.038303
102823.996609,0.000000
102823.999110,0.000000
102824.001612,0.221004
102824.004113,0.000000
102824.006615,0.061944
102824.009117,0.000000
102824.011618,0.000000
102824.014120,0.117358
102824.016621,0.590331
102824.019123,1.419990
102824.021624,3.580814
102824.024126,5.335569
102824.026628,5.914602
102824.029129,4.433942
102824.031631,2.396105
102824.034132,0.934932
102824.036634,0.171536
102824.039135,0.009828
102824.041637,0.000000
102824.044138,0.000000
102824.046640,0.089925
102824.049142,0.000000
102824.051643,0.000000
102824.054145,0.066472
102824.056646,0.000000
102824.059148,0.000000
102824.061649,0.019974
102824.064151,0.098702
102824.066653,0.000000
102824.069154,0.000000
102824.071656,0.000000
102824.074157,0.000000
102824.076659,0.003020
102824.079160,0.000000
102824.081662,0.000000
102824.084163,0.000000
102824.086665,0.006805
102824.089167,0.093207
102824.091668,0.000000
102824.094170,0.000000
102824.096671,0.044374
102824.099173,0.107091
102824.101674,0.000000
102824.104176,0.000000
102824.106678,0.085263
102824.109179,0.270096
102824.111681,0.694951
102824.114182,2.158040
102824.116684,3.590795
102824.119185,4.005557
102824.121687,3.172814
102824.124188,1.839267
102824.126690,0.925380
102824.129192,0.302194
102824.131693,0.101739
102824.134195,0.037985
102824.136696,0.000000
102824.139198,0.000000
102824.141699,0.000000
102824.144201,0.048522
102824.146703,0.133222
102824.149204,0.098738
102824.151706,0.000000
102824.154207,0.019776
102824.156709,0.065048
102824.159210,0.054639
102824.161712,0.000000
102824.164213,0.257285
102824.166715,0.000000
102824.169217,0.000000
102824.171718,0.020624
102824.174220,0.186891
102824.176721,0.000000
102824.179223,0.000000
102824.181724,0.095114
102824.184226,0.000000
102824.186728,0.000000
102824.189229,0.049941
102824.191731,0.024095
102824.194232,0.091498
102824.196734,0.119550
102824.199235,0.068690
102824.201737,0.247621
102824.204239,0.858502
102824.206740,2.297494
102824.209242,4.300659
102824.211743,5.811370
102824.214245,5.688372
102824.216746,3.943056
102824.219248,1.713313
102824.221749,0.636795
102824.224251,0.094819
102824.226753,0.000000
102824.229254,0.038882
102824.231756,0.059398
102824.234257,0.000000
102824.236759,0.000000
102824.239260,0.000000
102824.241762,0.079151
102824.244264,0.000000
102824.246765,0.104837
102824.249267,0.046019
102824.251768,0.116205
102824.254270,0.000000
102824.256771,0.000000
102824.259273,0.037996
102824.261774,0.112538
102824.264276,0.081643
102824.266778,0.000000
102824.269279,0.007660
102824.271781,0.000000
102824.274282,0.000000
102824.276784,0.084351
102824.279285,0.000000
102824.281787,0.000000
102824.284289,0.000000
102824.286790,0.000000
102824.289292,0.015588
102824.291793,0.124940
102824.294295,0.117278
102824.296796,0.432423
102824.299298,1.771476
102824.301799,3.764954
102824.304301,5.411778
102824.306803,5.830400
102824.309304,4.524381
102824.311806,2.569704
102824.314307,0.888111
102824.316809,0.137817
102824.319310,0.105397
102824.321812,0.077406
102824.324314,0.001214
102824.326815,0.000000
102824.329317,0.087796
102824.331818,0.046620
102824.334320,0.000000
102824.336821,0.004335
102824.339323,0.000000
102824.341824,0.060557
102824.344326,0.000000
102824.346828,0.000000
102824.349329,0.000000
102824.351831,0.003559
102824.354332,0.079013
102824.356834,0.052187
102824.359335,0.000000
102824.361837,0.067424
102824.364339,0.035381
102824.366840,0.000000
102824.369342,0.000000
102824.371843,0.000000
102824.374345,0.044609
102824.376846,0.000000
102824.379348,0.000000
102824.381850,0.174870
102824.384351,0.092622
102824.386853,0.000000
102824.389354,0.338597
102824.391856,0.946102
102824.394357,2.181654
102824.396859,3.494539
102824.399360,4.097195
102824.401862,3.265205
102824.404364,1.847000
102824.406865,0.841860
102824.409367,0.235126
102824.411868,0.054106
102824.414370,0.033925
102824.416871,0.000000
102824.419373,0.000859
102824.421875,0.000000
102824.424376,0.000000
102824.426878,0.000000
102824.429379,0.000000
102824.431881,0.000000
102824.434382,0.000000
102824.436884,0.009104
102824.439385,0.000000
102824.441887,0.000000
102824.444389,0.139019
102824.446890,0.095925
102824.449392,0.039356
102824.451893,0.168411
102824.454395,0.000000
102824.456896,0.166657
102824.459398,0.000000
102824.461900,0.021078
102824.464401,0.000000
102824.466903,0.001297
102824.469404,0.034094
102824.471906,0.000000
102824.474407,0.063028
102824.476909,0.008742
102824.479410,0.000000
102824.481912,0.000000
102824.484414,0.071595
102824.486915,0.000000
102824.489417,0.080820
102824.491918,0.107953
102824.494420,0.000000
102824.496921,0.100025
102824.499423,0.181914
102824.501925,0.022249
102824.504426,0.052893
102824.506928,0.091557
102824.509429,0.000000
102824.511931,0.016093
102824.514432,0.000000
102824.516934,0.012240
102824.519436,0.043978
102824.521937,0.045572
102824.524439,0.094066
102824.526940,0.000000
102824.529442,0.000000
102824.531943,0.167353
102824.534445,0.000000
102824.536946,0.017661
102824.539448,0.000000
102824.541950,0.000000
102824.544451,0.143341
102824.546953,0.000000
102824.549454,0.000000
102824.551956,0.000000
102824.554457,0.000000
102824.556959,0.000000
102824.559461,0.000000
102824.561962,0.054512
102824.564464,0.000000
102824.566965,0.078384
102824.569467,0.123471
102824.571968,0.068970
102824.574470,0.000000
102824.576971,0.012459
102824.579473,0.000000
102824.581975,0.000000
102824.584476,0.000000
102824.586978,0.061302
102824.589479,0.227147
102824.591981,0.044129
102824.594482,0.000000
102824.596984,0.000000
102824.599486,0.010815
102824.601987,0.007713
102824.604489,0.000000
102824.606990,0.021657
102824.609492,0.000000
102824.611993,0.000000
102824.614495,0.057017
102824.616996,0.000000
102824.619498,0.047518
102824.622000,0.000000
102824.624501,0.155816
102824.627003,0.000000
102824.629504,0.000000
102824.632006,0.029190
102824.634507,0.000000
102824.637009,0.012661
102824.639511,0.050798
102824.642012,0.084812
102824.644514,0.069881
102824.647015,0.000000
102824.649517,0.000000
102824.652018,0.207402
102824.654520,0.083865
102824.657021,0.000000
102824.659523,0.008828
102824.662025,0.000000
102824.664526,0.000000
102824.667028,0.000000
102824.669529,0.000000
102824.672031,0.159941
102824.674532,0.051126
102824.677034,0.000000
102824.679536,0.107424
102824.682037,0.096203
102824.684539,0.000000
102824.687040,0.063327
102824.689542,0.000000
102824.692043,0.000000
102824.694545,0.132306
102824.697047,0.000000
102824.699548,0.000000
102824.702050,0.000000
102824.704551,0.000000
102824.707053,0.105803
102824.709554,0.001266
102824.712056,0.000000
102824.714557,0.092267
102824.717059,0.010665
102824.719561,0.000000
102824.722062,0.101974
102824.724564,0.017098
102824.727065,0.000258
102824.729567,0.015707
102824.732068,0.000000
102824.734570,0.000000
102824.737072,0.000316
102824.739573,0.000000
102824.742075,0.112342
102824.744576,0.019195
102824.747078,0.075479
102824.749579,0.000830
102824.752081,0.093259
102824.754582,0.035098
102824.757084,0.001185
102824.759586,0.000000
102824.762087,0.000000
102824.764589,0.044755
102824.767090,0.000000
102824.769592,0.000000
102824.772093,0.097689
102824.774595,0.000000
102824.777097,0.000000
102824.779598,0.090737
102824.782100,0.027857
102824.784601,0.000000
102824.787103,0.022161
102824.789604,0.015840
102824.792106,0.000000
102824.794607,0.000000
102824.797109,0.142722
102824.799611,0.000000
102824.802112,0.000000
102824.804614,0.000000
102824.807115,0.000000
102824.809617,0.000000
102824.812118,0.042974
102824.814620,0.017421
102824.817122,0.068296
102824.819623,0.000000
102824.822125,0.000000
102824.824626,0.000000
102824.827128,0.040229
102824.829629,0.000000
102824.832131,0.080843
102824.834633,0.104748
102824.837134,0.000000
102824.839636,0.000000
102824.842137,0.000000
102824.844639,0.232412
102824.847140,0.000000
102824.849642,0.148117
102824.852143,0.000000
102824.854645,0.000000
102824.857147,0.000000
102824.859648,0.000000
102824.862150,0.000000
102824.864651,0.000000
102824.867153,0.000000
102824.869654,0.102281
102824.872156,0.108048
102824.874658,0.083813
102824.877159,0.046264
102824.879661,0.008188
102824.882162,0.000000
102824.884664,0.000000
102824.887165,0.032049
102824.889667,0.000000
102824.892168,0.000000
102824.894670,0.101790
102824.897172,0.167807
102824.899673,0.034724
102824.902175,0.097689
102824.904676,0.000000
102824.907178,0.000000
102824.909679,0.054048
102824.912181,0.050262
102824.914683,0.006328
102824.917184,0.000000
102824.919686,0.084953
102824.922187,0.000000
102824.924689,0.000000
102824.927190,0.000000
102824.929692,0.007502
102824.932193,0.000000
102824.934695,0.000000
102824.937197,0.000000
102824.939698,0.000000
102824.942200,0.000000
102824.944701,0.007699
102824.947203,0.110124
102824.949704,0.011962
102824.952206,0.136082
102824.954708,0.117778
102824.957209,0.068666
102824.959711,0.006594
102824.962212,0.001987
102824.964714,0.067435
102824.967215,0.000000
102824.969717,0.000000
102824.972218,0.043439
102824.974720,0.000000
102824.977222,0.000000
102824.979723,0.000020
102824.982225,0.000000
102824.984726,0.000000
102824.987228,0.014611
102824.989729,0.085300
102824.992231,0.000000
102824.994733,0.112347
102824.997234,0.000000
102824.999736,0.186937
102825.002237,0.000000
102825.004739,0.012856
102825.007240,0.000000
102825.009742,0.000000
102825.012244,0.020173
102825.014745,0.000000
102825.017247,0.000000
102825.019748,0.000000
102825.022250,0.099814
102825.024751,0.002720
102825.027253,0.136032
102825.029754,0.000000
102825.032256,0.000000
102825.034758,0.072008
102825.037259,0.000000
102825.039761,0.000000
102825.042262,0.096896
102825.044764,0.000000
102825.047265,0.000000
102825.049767,0.164971
102825.052269,0.000000
102825.054770,0.016256
102825.057272,0.006099
102825.059773,0.000000
102825.062275,0.000000
102825.064776,0.039590
102825.067278,0.031282
102825.069779,0.079771
102825.072281,0.000000
102825.074783,0.062907
102825.077284,0.000000
102825.079786,0.000000
102825.082287,0.000000
102825.084789,0.000000
102825.087290,0.089136
102825.089792,0.000000
102825.092294,0.024195
102825.094795,0.000000
102825.097297,0.000000
102825.099798,0.120392
102825.102300,0.000000
102825.104801,0.053998
102825.107303,0.003316
102825.109804,0.000000
102825.112306,0.203063
102825.114808,0.000000
102825.117309,0.113817
102825.119811,0.057954
102825.122312,0.000000
102825.124814,0.143852
102825.127315,0.000000
102825.129817,0.000000
102825.132319,0.000000
102825.134820,0.036383
102825.137322,0.000000
102825.139823,0.038235
102825.142325,0.000000
102825.144826,0.000000
102825.147328,0.034313
102825.149830,0.000000
102825.152331,0.000000
102825.154833,0.247332
102825.157334,0.000000
102825.159836,0.000000
102825.162337,0.000000
102825.164839,0.000000
102825.167340,0.072940
102825.169842,0.028399
102825.172344,0.035202
102825.174845,0.000000
102825.177347,0.000000
102825.179848,0.000000
102825.182350,0.000000
102825.184851,0.073751
102825.187353,0.029672
102825.189855,0.044155
102825.192356,0.044106
102825.194858,0.078087
102825.197359,0.025441
102825.199861,0.031683
102825.202362,0.104959
102825.204864,0.000000
102825.207365,0.000000
102825.209867,0.000000
102825.212369,0.016149
102825.214870,0.000000
102825.217372,0.040803
102825.219873,0.000000
102825.222375,0.100177
102825.224876,0.000000
102825.227378,0.000000
102825.229880,0.099079
102825.232381,0.122116
102825.234883,0.000000
102825.237384,0.016049
102825.239886,0.025994
102825.242387,0.032990
102825.244889,0.000000
102825.247390,0.113133
102825.249892,0.000000
102825.252394,0.000000
102825.254895,0.039548
102825.257397,0.040368
102825.259898,0.119434
102825.262400,0.105791
102825.264901,0.000000
102825.267403,0.114765
102825.269905,0.000000
102825.272406,0.082188
102825.274908,0.159850
102825.277409,0.107267
102825.279911,0.009338
102825.282412,0.000000
102825.284914,0.000000
102825.287415,0.027417
102825.289917,0.000000
102825.292419,0.000000
102825.294920,0.000000
102825.297422,0.000000
102825.299923,0.000000
102825.302425,0.024157
102825.304926,0.000000
102825.307428,0.094407
102825.309930,0.000000
102825.312431,0.000000
102825.314933,0.019979
102825.317434,0.173361
102825.319936,0.029591
102825.322437,0.000000
102825.324939,0.000000
102825.327441,0.000000
102825.329942,0.020742
102825.332444,0.000000
102825.334945,0.000000
102825.337447,0.000000
102825.339948,0.128420
102825.342450,0.126607
102825.344951,0.000000
102825.347453,0.059397
102825.349955,0.000000
102825.352456,0.123986
102825.354958,0.021652
102825.357459,0.083843
102825.359961,0.000000
102825.362462,0.059828
102825.364964,0.000000
102825.367466,0.075216
102825.369967,0.080773
102825.372469,0.005808
102825.374970,0.000000
102825.377472,0.068839
102825.379973,0.000000
102825.382475,0.000000
102825.384976,0.000000
102825.387478,0.000000
102825.389980,0.000000
102825.392481,0.097356
102825.394983,0.015701
102825.397484,0.000000
102825.399986,0.071060
102825.402487,0.000000
102825.404989,0.008418
102825.407491,0.000000
102825.409992,0.068789
102825.412494,0.000000
102825.414995,0.000000
102825.417497,0.000000
102825.419998,0.000000
102825.422500,0.106956
102825.425001,0.000000
102825.427503,0.000000
102825.430005,0.076964
102825.432506,0.094342
102825.435008,0.000000
102825.437509,0.060453
102825.440011,0.000000
102825.442512,0.121661
102825.445014,0.189708
102825.447516,0.046018
102825.450017,0.000000
102825.452519,0.000000
102825.455020,0.054106
102825.457522,0.000000
102825.460023,0.112322
102825.462525,0.051928
102825.465027,0.000000
102825.467528,0.002849
102825.470030,0.000000
102825.472531,0.000000
102825.475033,0.000000
102825.477534,0.103719
102825.480036,0.186822
102825.482537,0.000000
102825.485039,0.000000
102825.487541,0.000000
102825.490042,0.000000
102825.492544,0.004080
102825.495045,0.066123
102825.497547,0.131917
102825.500048,0.017781
102825.502550,0.000000
102825.505052,0.000000
102825.507553,0.002312
102825.510055,0.006294
102825.512556,0.056413
102825.515058,0.000000
102825.517559,0.000000
102825.520061,0.000000
102825.522562,0.000000
102825.525064,0.000000
102825.527566,0.000000
102825.530067,0.029728
102825.532569,0.000000
102825.535070,0.000000
102825.537572,0.000000
102825.540073,0.000000
102825.542575,0.133168
102825.545077,0.000000
102825.547578,0.000000
102825.550080,0.000000
102825.552581,0.085811
102825.555083,0.012663
102825.557584,0.000000
102825.560086,0.000000
102825.562587,0.148166
102825.565089,0.000000
102825.567591,0.000000
102825.570092,0.000000
102825.572594,0.000000
102825.575095,0.000000
102825.577597,0.028737
102825.580098,0.097082
102825.582600,0.000000
102825.585102,0.000000
102825.587603,0.000000
102825.590105,0.000000
102825.592606,0.000000
102825.595108,0.000000
102825.597609,0.036031
102825.600111,0.000000
102825.602612,0.082475
102825.605114,0.038269
102825.607616,0.000000
102825.610117,0.141343
102825.612619,0.137415
102825.615120,0.082365
102825.617622,0.000000
102825.620123,0.139404
102825.622625,0.070169
102825.625127,0.177145
102825.627628,0.109255
102825.630130,0.139351
102825.632631,0.077576
102825.635133,0.119075
102825.637634,0.176060
102825.640136,0.019120
102825.642638,0.000000
102825.645139,0.000000
102825.647641,0.034428
102825.650142,0.006612
102825.652644,0.000000
102825.655145,0.000000
102825.657647,0.000000
102825.660148,0.071315
102825.662650,0.139527
102825.665152,0.080923
102825.667653,0.093360
102825.670155,0.000000
102825.672656,0.000000
102825.675158,0.000000
102825.677659,0.000000
102825.680161,0.000000
102825.682663,0.004829
102825.685164,0.038973
102825.687666,0.075312
102825.690167,0.000000
102825.692669,0.000000
102825.695170,0.000000
102825.697672,0.003859
102825.700173,0.107961
102825.702675,0.000000
102825.705177,0.045252
102825.707678,0.025612
102825.710180,0.003876
102825.712681,0.082156
102825.715183,0.000000
102825.717684,0.000000
102825.720186,0.000000
102825.722688,0.000000
102825.725189,0.044852
102825.727691,0.000000
102825.730192,0.019980
102825.732694,0.000000
102825.735195,0.018976
102825.737697,0.000000
102825.740198,0.000000
102825.742700,0.008477
102825.745202,0.017841
102825.747703,0.000000
102825.750205,0.150566
102825.752706,0.000000
102825.755208,0.000000
102825.757709,0.000000
102825.760211,0.032851
102825.762713,0.000000
102825.765214,0.000000
102825.767716,0.000000
102825.770217,0.024800
102825.772719,0.000000
102825.775220,0.000000
102825.777722,0.126771
102825.780223,0.025124
102825.782725,0.000000
102825.785227,0.000000
102825.787728,0.145268
102825.790230,0.000000
102825.792731,0.000000
102825.795233,0.000000
102825.797734,0.000000
102825.800236,0.000000
102825.802738,0.000000
102825.805239,0.000000
102825.807741,0.000000
102825.810242,0.052230
102825.812744,0.000000
102825.815245,0.000000
102825.817747,0.112135
102825.820249,0.114336
102825.822750,0.000000
102825.825252,0.000000
102825.827753,0.000000
102825.830255,0.061165
102825.832756,0.000000
102825.835258,0.000000
102825.837759,0.000000
102825.840261,0.000000
102825.842763,0.028258
102825.845264,0.000000
102825.847766,0.087836
102825.850267,0.000000
102825.852769,0.000000
102825.855270,0.000000
102825.857772,0.000000
102825.860274,0.000000
102825.862775,0.000000
102825.865277,0.129936
102825.867778,0.015689
102825.870280,0.000000
102825.872781,0.000000
102825.875283,0.052544
102825.877784,0.114661
102825.880286,0.024890
102825.882788,0.060806
102825.885289,0.053833
102825.887791,0.125288
102825.890292,0.000000
102825.892794,0.058908
102825.895295,0.086854
102825.897797,0.000000
102825.900299,0.000000
102825.902800,0.000000
102825.905302,0.000000
102825.907803,0.000000
102825.910305,0.021419
102825.912806,0.076430
102825.915308,0.095469
102825.917809,0.000000
102825.920311,0.000000
102825.922813,0.116173
102825.925314,0.057101
102825.927816,0.007316
102825.930317,0.041791
102825.932819,0.000000
102825.935320,0.046315
102825.937822,0.000000
102825.940324,0.023733
102825.942825,0.000000
102825.945327,0.000000
102825.947828,0.000000
102825.950330,0.000000
102825.952831,0.000000
102825.955333,0.000000
102825.957835,0.000000
102825.960336,0.048444
102825.962838,0.000000
102825.965339,0.000000
102825.967841,0.000000
102825.970342,0.029718
102825.972844,0.000000
102825.975345,0.000000
102825.977847,0.000000
102825.980349,0.030336
102825.982850,0.000000
102825.985352,0.048571
102825.987853,0.000000
102825.990355,0.000000
102825.992856,0.000000
102825.995358,0.000000
102825.997860,0.000000
102826.000361,0.000000
102826.002863,0.143500
102826.005364,0.000000
102826.007866,0.149413
102826.010367,0.000000
102826.012869,0.003123
102826.015370,0.000000
102826.017872,0.000000
102826.020374,0.000000
102826.022875,0.000000
102826.025377,0.000000
102826.027878,0.000000
102826.030380,0.163405
102826.032881,0.000000
102826.035383,0.009066
102826.037885,0.021882
102826.040386,0.000000
102826.042888,0.060640
102826.045389,0.000000
102826.047891,0.000000
102826.050392,0.058258
102826.052894,0.000000
102826.055395,0.000000
102826.057897,0.060735
102826.060399,0.000000
102826.062900,0.081030
102826.065402,0.106845
102826.067903,0.000000
102826.070405,0.070037
102826.072906,0.000000
102826.075408,0.197161
102826.077910,0.000000
102826.080411,0.090593
102826.082913,0.074498
102826.085414,0.027907
102826.087916,0.000000
102826.090417,0.000000
102826.092919,0.000000
102826.095420,0.019814
102826.097922,0.030867
102826.100424,0.011787
102826.102925,0.000000
102826.105427,0.000000
102826.107928,0.000000
102826.110430,0.025750
102826.112931,0.025546
102826.115433,0.000000
102826.117935,0.056086
102826.120436,0.000000
102826.122938,0.053877
102826.125439,0.041915
102826.127941,0.033334
102826.130442,0.000000
102826.132944,0.161635
102826.135446,0.043544
102826.137947,0.000000
102826.140449,0.021923
102826.142950,0.066436
102826.145452,0.000000
102826.147953,0.096171
102826.150455,0.033730
102826.150455,0.000000
102955.822308,0.026458
103085.494161,0.000000
103215.166013,0.047427
103344.837866,0.083364
103474.509719,0.017231
103604.181572,0.147024
103733.853425,0.000000
103863.525278,0.055165
103993.197131,0.071068
104122.868984,0.000000
104252.540836,0.068758
104382.212689,0.000000
104511.884542,0.000000
104641.556395,0.000000
104771.228248,0.021314
104900.900101,0.028716
105030.571954,0.104117
105160.243806,0.069849
105289.915659,0.000000
105289.915659,0.000000
105289.918161,0.038216
105289.920662,0.098068
105289.923164,0.066675
105289.925666,0.095748
105289.928167,0.000000
105289.930669,0.000000
105289.933170,0.000000
105289.935672,0.000000
105289.938173,0.000000
105289.940675,0.018247
105289.943176,0.000000
105289.945678,0.000000
105289.948180,0.000000
105289.950681,0.083135
105289.953183,0.006756
105289.955684,0.000000
105289.958186,0.000000
105289.960687,0.000000
105289.963189,0.115479
105289.965691,0.048969
105289.968192,0.000000
105289.970694,0.067377
105289.973195,0.081445
105289.975697,0.010981
105289.978198,0.141096
105289.980700,0.019134
105289.983202,0.000000
105289.985703,0.032241
105289.988205,0.021622
105289.990706,0.000000
105289.993208,0.050639
105289.995709,0.000000
105289.998211,0.087457
105290.000712,0.000000
105290.003214,0.000000
105290.005716,0.000000
105290.008217,0.038227
105290.010719,0.014473
105290.013220,0.000000
105290.015722,0.000000
105290.018223,0.000000
105290.020725,0.000000
105290.023227,0.094913
105290.025728,0.000000
105290.028230,0.075877
105290.030731,0.128497
105290.033233,0.000000
105290.035734,0.000000
105290.038236,0.191694
105290.040737,0.127520
105290.043239,0.000000
105290.045741,0.034181
105290.048242,0.000049
105290.050744,0.072967
105290.053245,0.000000
105290.055747,0.000000
105290.058248,0.000000
105290.060750,0.000000
105290.063252,0.071985
105290.065753,0.000000
105290.068255,0.000000
105290.070756,0.000000
105290.073258,0.088918
105290.075759,0.112219
105290.078261,0.000000
105290.080762,0.000000
105290.083264,0.040015
105290.085766,0.130181
105290.088267,0.036076
105290.090769,0.000000
105290.093270,0.000000
105290.095772,0.000000
105290.098273,0.006465
105290.100775,0.000000
105290.103277,0.017214
105290.105778,0.000000
105290.108280,0.000000
105290.110781,0.000000
105290.113283,0.137939
105290.115784,0.078488
105290.118286,0.152787
105290.120787,0.047672
105290.123289,0.000000
105290.125791,0.116837
105290.128292,0.000000
105290.130794,0.019498
105290.133295,0.000000
105290.135797,0.000000
105290.138298,0.141681
105290.140800,0.043350
105290.143302,0.029120
105290.145803,0.000000
105290.148305,0.014429
105290.150806,0.000000
105290.153308,0.054437
105290.155809,0.000000
105290.158311,0.016428
105290.160813,0.049581
105290.163314,0.000000
105290.165816,0.032744
105290.168317,0.000000
105290.170819,0.000000
105290.173320,0.020900
105290.175822,0.059909
105290.178323,0.000000
105290.180825,0.046089
105290.183327,0.000000
105290.185828,0.000000
105290.188330,0.000000
105290.190831,0.000000
105290.193333,0.085299
105290.195834,0.002901
105290.198336,0.000000
105290.200838,0.000000
105290.203339,0.043192
105290.205841,0.038891
105290.208342,0.000000
105290.210844,0.096497
105290.213345,0.085682
105290.215847,0.036496
105290.218348,0.004822
105290.220850,0.058035
105290.223352,0.027747
105290.225853,0.093657
105290.228355,0.079422
105290.230856,0.000000
105290.233358,0.000000
105290.235859,0.000000
105290.238361,0.086183
105290.240863,0.000000
105290.243364,0.034853
105290.245866,0.032009
105290.248367,0.102650
105290.250869,0.015922
105290.253370,0.000000
105290.255872,0.000000
105290.258373,0.000000
105290.260875,0.000000
105290.263377,0.000000
105290.265878,0.000000
105290.268380,0.129844
105290.270881,0.000000
105290.273383,0.118847
105290.275884,0.104637
105290.278386,0.079311
105290.280888,0.000000
105290.283389,0.030235
105290.285891,0.000000
105290.288392,0.080424
105290.290894,0.000000
105290.293395,0.000000
105290.295897,0.000000
105290.298399,0.000000
105290.300900,0.000000
105290.303402,0.098248
105290.305903,0.000000
105290.308405,0.000000
105290.310906,0.057879
105290.313408,0.159422
105290.315909,0.116984
105290.318411,0.000000
105290.320913,0.000000
105290.323414,0.208329
105290.325916,0.200328
105290.328417,0.016638
105290.330919,0.000000
105290.333420,0.085043
105290.335922,0.000000
105290.338424,0.000000
105290.340925,0.078971
105290.343427,0.029522
105290.345928,0.000000
105290.348430,0.000000
105290.350931,0.058373
105290.353433,0.045050
105290.355934,0.023133
105290.358436,0.082411
105290.360938,0.000000
105290.363439,0.015775
105290.365941,0.000000
105290.368442,0.000000
105290.370944,0.067445
105290.373445,0.000000
105290.375947,0.000000
105290.378449,0.000000
105290.380950,0.088587
105290.383452,0.048424
105290.385953,0.072875
105290.388455,0.000000
105290.390956,0.000000
105290.393458,0.000000
105290.395959,0.000000
105290.398461,0.000000
105290.400963,0.000000
105290.403464,0.075015
105290.405966,0.000000
105290.408467,0.156916
105290.410969,0.042718
105290.413470,0.000000
105290.415972,0.080064
105290.418474,0.000000
105290.420975,0.000000
105290.423477,0.000000
105290.425978,0.120565
105290.428480,0.000000
105290.430981,0.039735
105290.433483,0.000000
105290.435984,0.042983
105290.438486,0.148083
105290.440988,0.087895
105290.443489,0.000000
105290.445991,0.059639
105290.448492,0.050989
105290.450994,0.044726
105290.453495,0.098174
105290.455997,0.097514
105290.458499,0.000000
105290.461000,0.056671
105290.463502,0.000000
105290.466003,0.000000
105290.468505,0.000000
105290.471006,0.000000
105290.473508,0.000000
105290.476010,0.075958
105290.478511,0.000000
105290.481013,0.239690
105290.483514,0.132600
105290.486016,0.000000
105290.488517,0.000832
105290.491019,0.026749
105290.493520,0.000000
105290.496022,0.017006
105290.498524,0.000000
105290.501025,0.000000
105290.503527,0.016021
105290.506028,0.000000
105290.508530,0.003494
105290.511031,0.014431
105290.513533,0.011376
105290.516035,0.000000
105290.518536,0.100461
105290.521038,0.000000
105290.523539,0.020070
105290.526041,0.114538
105290.528542,0.000000
105290.531044,0.018935
105290.533545,0.000000
105290.536047,0.109247
105290.538549,0.000000
105290.541050,0.113307
105290.543552,0.000000
105290.546053,0.000000
105290.548555,0.059982
105290.551056,0.000000
105290.553558,0.054784
105290.556060,0.000000
105290.558561,0.000460
105290.561063,0.000000
105290.563564,0.000000
105290.566066,0.000000
105290.568567,0.000000
105290.571069,0.000000
105290.573570,0.000000
105290.576072,0.027924
105290.578574,0.120622
105290.581075,0.024803
105290.583577,0.071425
105290.586078,0.096638
105290.588580,0.109169
105290.591081,0.165114
105290.593583,0.000000
105290.596085,0.000000
105290.598586,0.069172
105290.601088,0.062532
105290.603589,0.068484
105290.606091,0.166804
105290.608592,0.001004
105290.611094,0.037625
105290.613596,0.000000
105290.616097,0.188526
105290.618599,0.000000
105290.621100,0.000000
105290.623602,0.000000
105290.626103,0.000000
105290.628605,0.000000
105290.631106,0.000000
105290.633608,0.000000
105290.636110,0.000000
105290.638611,0.172073
105290.641113,0.064951
105290.643614,0.081748
105290.646116,0.103935
105290.648617,0.161935
105290.651119,0.000000
105290.653621,0.000000
105290.656122,0.000000
105290.658624,0.000000
105290.661125,0.000000
105290.663627,0.000000
105290.666128,0.019363
105290.668630,0.003116
105290.671131,0.000000
105290.673633,0.000000
105290.676135,0.000000
105290.678636,0.000000
105290.681138,0.000000
105290.683639,0.000000
105290.686141,0.000000
105290.688642,0.000000
105290.691144,0.000000
105290.693646,0.000000
105290.696147,0.000000
105290.698649,0.000000
105290.701150,0.000000
105290.703652,0.000000
105290.706153,0.080060
105290.708655,0.035832
105290.711156,0.000000
105290.713658,0.000000
105290.716160,0.033596
105290.718661,0.060982
105290.721163,0.012598
105290.723664,0.141590
105290.726166,0.040581
105290.728667,0.080662
105290.731169,0.011792
105290.733671,0.059654
105290.736172,0.000000
105290.738674,0.000000
105290.741175,0.030845
105290.743677,0.030204
105290.746178,0.044817
105290.748680,0.097153
105290.751181,0.000000
105290.753683,0.000000
105290.756185,0.020269
105290.758686,0.000000
105290.761188,0.298221
105290.763689,0.045533
105290.766191,0.000000
105290.768692,0.000000
105290.771194,0.000000
105290.773696,0.002661
105290.776197,0.009887
105290.778699,0.000000
105290.781200,0.000000
105290.783702,0.118686
105290.786203,0.122237
105290.788705,0.022252
105290.791207,0.000000
105290.793708,0.047544
105290.796210,0.137227
105290.798711,0.120937
105290.801213,0.064842
105290.803714,0.125585
105290.806216,0.004713
105290.808717,0.055455
105290.811219,0.000000
105290.813721,0.025804
105290.816222,0.117384
105290.818724,0.000000
105290.821225,0.000000
105290.823727,0.008607
105290.826228,0.000000
105290.828730,0.057313
105290.831232,0.000000
105290.833733,0.151720
105290.836235,0.000000
105290.838736,0.110692
105290.841238,0.000000
105290.843739,0.000000
105290.846241,0.021002
105290.848742,0.000000
105290.851244,0.000000
105290.853746,0.000000
105290.856247,0.000000
105290.858749,0.086156
105290.861250,0.051645
105290.863752,0.005007
105290.866253,0.042277
105290.868755,0.000000
105290.871257,0.000000
105290.873758,0.000000
105290.876260,0.000000
105290.878761,0.000000
105290.881263,0.075133
105290.883764,0.066862
105290.886266,0.053427
105290.888767,0.000000
105290.891269,0.000000
105290.893771,0.036382
105290.896272,0.046367
105290.898774,0.000000
105290.901275,0.000000
105290.903777,0.000000
105290.906278,0.010449
105290.908780,0.000000
105290.911282,0.000000
105290.913783,0.000000
105290.916285,0.000000
105290.918786,0.000000
105290.921288,0.000000
105290.923789,0.000000
105290.926291,0.033556
105290.928793,0.050422
105290.931294,0.000000
105290.933796,0.134257
105290.936297,0.000000
105290.938799,0.135099
105290.941300,0.000000
105290.943802,0.000000
105290.946303,0.035510
105290.948805,0.021944
105290.951307,0.003037
105290.953808,0.000000
105290.956310,0.000000
105290.958811,0.000000
105290.961313,0.000000
105290.963814,0.074307
105290.966316,0.016264
105290.968818,0.053852
105290.971319,0.000000
105290.973821,0.000000
105290.976322,0.000000
105290.978824,0.000000
105290.981325,0.000000
105290.983827,0.000000
105290.986328,0.000000
105290.988830,0.049766
105290.991332,0.000000
105290.993833,0.030696
105290.996335,0.000000
105290.998836,0.000000
105291.001338,0.000000
105291.003839,0.000000
105291.006341,0.000000
105291.008843,0.112681
105291.011344,0.032774
105291.013846,0.001610
105291.016347,0.000000
105291.018849,0.000000
105291.021350,0.000000
105291.023852,0.037733
105291.026353,0.000000
105291.028855,0.052360
105291.031357,0.000000
105291.033858,0.072888
105291.036360,0.084854
105291.038861,0.000000
105291.041363,0.000000
105291.043864,0.000000
105291.046366,0.000000
105291.048868,0.000000
105291.051369,0.215537
105291.053871,0.053813
105291.056372,0.169276
105291.058874,0.073201
105291.061375,0.000000
105291.063877,0.000000
105291.066378,0.051953
105291.068880,0.038627
105291.071382,0.000000
105291.073883,0.000000
105291.076385,0.290275
105291.078886,0.000000
105291.081388,0.000000
105291.083889,0.010006
105291.086391,0.000000
105291.088893,0.010836
105291.091394,0.113624
105291.093896,0.000000
105291.096397,0.000000
105291.098899,0.000000
105291.101400,0.000000
105291.103902,0.125715
105291.106404,0.103398
105291.108905,0.009493
105291.111407,0.000000
105291.113908,0.000000
105291.116410,0.001335
105291.118911,0.029694
105291.121413,0.000000
105291.123914,0.000000
105291.126416,0.000000
105291.128918,0.000000
105291.131419,0.000000
105291.133921,0.000000
105291.136422,0.000000
105291.138924,0.106610
105291.141425,0.000000
105291.143927,0.015933
105291.146429,0.020001
105291.148930,0.114592
105291.151432,0.111472
105291.153933,0.000000
105291.156435,0.000000
105291.158936,0.000000
105291.161438,0.000000
105291.163939,0.000000
105291.166441,0.048879
105291.168943,0.037109
105291.171444,0.052250
105291.173946,0.111182
105291.176447,0.164472
105291.178949,0.011006
105291.181450,0.097071
105291.183952,0.000000
105291.186454,0.104624
105291.188955,0.093720
105291.191457,0.089033
105291.193958,0.008305
105291.196460,0.000000
105291.198961,0.000000
105291.201463,0.000000
105291.203964,0.135349
105291.206466,0.000000
105291.208968,0.069318
105291.211469,0.074512
105291.213971,0.000000
105291.216472,0.116219
105291.218974,0.000000
105291.221475,0.000000
105291.223977,0.000000
105291.226479,0.000000
105291.228980,0.029688
105291.231482,0.025607
105291.233983,0.034785
105291.236485,0.052628
105291.238986,0.000000
105291.241488,0.000000
105291.243990,0.034991
105291.246491,0.000000
105291.248993,0.000000
105291.251494,0.085759
105291.253996,0.123173
105291.256497,0.137481
105291.258999,0.016511
105291.261500,0.055263
105291.264002,0.120945
105291.266504,0.000000
105291.269005,0.098061
105291.271507,0.024315
105291.274008,0.080671
105291.276510,0.016430
105291.279011,0.114446
105291.281513,0.019735
105291.284015,0.000000
105291.286516,0.128190
105291.289018,0.000000
105291.291519,0.110632
105291.294021,0.000000
105291.296522,0.103829
105291.299024,0.100188
105291.301525,0.037977
105291.304027,0.044898
105291.306529,0.037314
105291.309030,0.000000
105291.311532,0.010447
105291.314033,0.000000
105291.316535,0.015114
105291.319036,0.000000
105291.321538,0.000000
105291.324040,0.141699
105291.326541,0.094421
105291.329043,0.000000
105291.331544,0.016313
105291.334046,0.000000
105291.336547,0.050314
105291.339049,0.000000
105291.341550,0.087737
105291.344052,0.000000
105291.346554,0.000000
105291.349055,0.001917
105291.351557,0.000000
105291.354058,0.029019
105291.356560,0.000000
105291.359061,0.041366
105291.361563,0.107361
105291.364065,0.000000
105291.366566,0.000000
105291.369068,0.040731
105291.371569,0.000000
105291.374071,0.040995
105291.376572,0.049036
105291.379074,0.095641
105291.381575,0.000000
105291.384077,0.000000
105291.386579,0.000000
105291.389080,0.000000
105291.391582,0.049839
105291.394083,0.000000
105291.396585,0.205981
105291.399086,0.114417
105291.401588,0.001110
105291.404090,0.076582
105291.406591,0.000000
105291.409093,0.222787
105291.411594,0.000000
105291.414096,0.000000
105291.416597,0.000000
105291.419099,0.042934
105291.421601,0.000000
105291.424102,0.008975
105291.426604,0.000000
105291.429105,0.000000
105291.431607,0.000000
105291.434108,0.019935
105291.436610,0.000000
105291.439111,0.000000
105291.441613,0.058560
105291.444115,0.229772
105291.446616,0.042166
105291.449118,0.000000
105291.451619,0.000000
105291.454121,0.002789
105291.456622,0.000000
105291.459124,0.079731
105291.461626,0.019201
105291.464127,0.080154
105291.466629,0.000000
105291.469130,0.117028
105291.471632,0.000000
105291.474133,0.000000
105291.476635,0.192235
105291.479136,0.000000
105291.481638,0.000000
105291.484140,0.000000
105291.486641,0.221457
105291.489143,0.159527
105291.491644,0.131898
105291.494146,0.000000
105291.496647,0.214206
105291.499149,0.032522
105291.501651,0.086282
105291.504152,0.015865
105291.506654,0.000000
105291.509155,0.000000
105291.511657,0.000000
105291.514158,0.053723
105291.516660,0.032420
105291.519161,0.000000
105291.521663,0.133275
105291.524165,0.000000
105291.526666,0.045018
105291.529168,0.063369
105291.531669,0.101265
105291.534171,0.000000
105291.536672,0.018357
105291.539174,0.087049
105291.541676,0.131654
105291.544177,0.000000
105291.546679,0.023571
105291.549180,0.148200
105291.551682,0.000000
105291.554183,0.000000
105291.556685,0.129418
105291.559186,0.096460
105291.561688,0.046126
105291.564190,0.000000
105291.566691,0.000000
105291.569193,0.000000
105291.571694,0.136673
105291.574196,0.000000
105291.576697,0.008955
105291.579199,0.000000
105291.581701,0.074408
105291.584202,0.000000
105291.586704,0.000000
105291.589205,0.000000
105291.591707,0.000000
105291.594208,0.000677
105291.596710,0.000000
105291.599212,0.185857
105291.601713,0.000000
105291.604215,0.000000
105291.606716,0.001475
105291.609218,0.000000
105291.611719,0.000000
105291.614221,0.000000
105291.616722,0.000000
105291.619224,0.000000
105291.621726,0.172335
105291.624227,0.006881
105291.626729,0.104438
105291.629230,0.044761
105291.631732,0.098342
105291.634233,0.000000
105291.636735,0.000000
105291.639237,0.115406
105291.641738,0.000000
105291.644240,0.155608
105291.646741,0.131012
105291.649243,0.000000
105291.651744,0.000000
105291.654246,0.000000
105291.656747,0.000000
105291.659249,0.000000
105291.661751,0.037860
105291.664252,0.000000
105291.666754,0.053304
105291.669255,0.055479
105291.671757,0.000000
105291.674258,0.140925
105291.676760,0.075963
105291.679262,0.228088
105291.681763,0.538097
105291.684265,1.653332
105291.686766,3.083775
105291.689268,3.929591
105291.691769,3.850146
105291.694271,2.425688
105291.696772,1.230141
105291.699274,0.405799
105291.701776,0.187242
105291.704277,0.071732
105291.706779,0.640520
105291.709280,1.201471
105291.711782,1.794977
105291.714283,2.105304
105291.716785,1.420526
105291.719287,0.661886
105291.721788,0.244845
105291.724290,0.000000
105291.726791,0.139857
105291.729293,0.000000
105291.731794,0.046890
105291.734296,0.119740
105291.736798,0.000000
105291.739299,0.046972
105291.741801,0.000000
105291.744302,0.215936
105291.746804,0.082673
105291.749305,0.000000
105291.751807,0.000000
105291.754308,0.000000
105291.756810,0.000000
105291.759312,0.172425
105291.761813,0.000000
105291.764315,0.012068
105291.766816,0.000354
105291.769318,0.006156
105291.771819,0.088221
105291.774321,0.399019
105291.776823,1.287466
105291.779324,2.583856
105291.781826,3.775039
105291.784327,3.635611
105291.786829,2.907580
105291.789330,1.357269
105291.791832,0.615555
105291.794333,0.303169
105291.796835,0.078545
105291.799337,0.422846
105291.801838,0.982351
105291.804340,1.820004
105291.806841,2.007474
105291.809343,1.803535
105291.811844,1.000202
105291.814346,0.418985
105291.816848,0.121957
105291.819349,0.096115
105291.821851,0.000000
105291.824352,0.007893
105291.826854,0.000000
105291.829355,0.064048
105291.831857,0.000000
105291.834358,0.000000
105291.836860,0.000649
105291.839362,0.000000
105291.841863,0.000000
105291.844365,0.064197
105291.846866,0.051125
105291.849368,0.041239
105291.851869,0.115035
105291.854371,0.000000
105291.856873,0.000000
105291.859374,0.000000
105291.861876,0.000000
105291.864377,0.000000
105291.866879,0.259783
105291.869380,0.829493
105291.871882,1.905482
105291.874383,3.380998
105291.876885,3.897952
105291.879387,3.324329
105291.881888,1.871696
105291.884390,0.894699
105291.886891,0.374015
105291.889393,0.107911
105291.891894,0.000000
105291.894396,0.133613
105291.896898,0.139172
105291.899399,0.001662
105291.901901,0.116801
105291.904402,0.000000
105291.906904,0.000000
105291.909405,0.000000
105291.911907,0.152679
105291.914409,0.000000
105291.916910,0.000000
105291.919412,0.003015
105291.921913,0.000000
105291.924415,0.000000
105291.926916,0.006379
105291.929418,0.000000
105291.931919,0.000000
105291.934421,0.018985
105291.936923,0.094767
105291.939424,0.076774
105291.941926,0.000000
105291.944427,0.000000
105291.946929,0.000000
105291.949430,0.138447
105291.951932,0.057410
105291.954434,0.066462
105291.956935,0.110539
105291.959437,0.204839
105291.961938,0.632260
105291.964440,1.687120
105291.966941,2.967778
105291.969443,3.822710
105291.971944,3.715833
105291.974446,2.497316
105291.976948,1.005928
105291.979449,0.441744
105291.981951,0.282551
105291.984452,0.224607
105291.986954,0.548568
105291.989455,1.294055
105291.991957,1.830493
105291.994459,1.890658
105291.996960,1.461349
105291.999462,0.594319
105292.001963,0.141491
105292.004465,0.071189
105292.006966,0.010718
105292.009468,0.031970
105292.011969,0.165712
105292.014471,0.009237
105292.016973,0.052813
105292.019474,0.000000
105292.021976,0.067801
105292.024477,0.000000
105292.026979,0.006306
105292.029480,0.000000
105292.031982,0.091201
105292.034484,0.000000
105292.036985,0.000000
105292.039487,0.000000
105292.041988,0.041377
105292.044490,0.013621
105292.046991,0.110873
105292.049493,0.055916
105292.051995,0.051799
105292.054496,0.216262
105292.056998,1.215643
105292.059499,2.654531
105292.062001,3.722275
105292.064502,3.893613
105292.067004,2.885735
105292.069505,1.384701
105292.072007,0.598553
105292.074509,0.313604
105292.077010,0.148302
105292.079512,0.356882
105292.082013,1.045936
105292.084515,1.527730
105292.087016,2.027793
105292.089518,1.676543
105292.092020,1.095448
105292.094521,0.370590
105292.097023,0.148201
105292.099524,0.000000
105292.102026,0.000000
105292.104527,0.000000
105292.107029,0.000000
105292.109530,0.000000
105292.112032,0.026416
105292.114534,0.000000
105292.117035,0.007359
105292.119537,0.000000
105292.122038,0.000000
105292.124540,0.007095
105292.127041,0.003578
105292.129543,0.067204
105292.132045,0.000000
105292.134546,0.000000
105292.137048,0.000000
105292.139549,0.000000
105292.142051,0.000000
105292.144552,0.238644
105292.147054,0.195010
105292.149555,0.880434
105292.152057,2.066495
105292.154559,3.424544
105292.157060,3.967020
105292.159562,3.299898
105292.162063,1.746283
105292.164565,0.868378
105292.167066,0.280648
105292.169568,0.000000
105292.172070,0.000000
105292.174571,0.000000
105292.177073,0.000000
105292.179574,0.227815
105292.182076,0.047964
105292.184577,0.000000
105292.187079,0.000000
105292.189580,0.000000
105292.192082,0.022398
105292.194584,0.000000
105292.197085,0.000000
105292.199587,0.000000
105292.202088,0.000000
105292.204590,0.022920
105292.207091,0.068325
105292.209593,0.074255
105292.212095,0.050712
105292.214596,0.000000
105292.217098,0.063087
105292.219599,0.027286
105292.222101,0.011826
105292.224602,0.000000
105292.227104,0.000000
105292.229606,0.006523
105292.232107,0.215415
105292.234609,0.026597
105292.237110,0.000000
105292.239612,0.000000
105292.242113,0.000000
105292.244615,0.192232
105292.247116,0.000000
105292.249618,0.080067
105292.252120,0.000000
105292.254621,0.023060
105292.257123,0.069903
105292.259624,0.000000
105292.262126,0.000000
105292.264627,0.146461
105292.267129,0.086929
105292.269631,0.069808
105292.272132,0.069508
105292.274634,0.040576
105292.277135,0.178148
105292.279637,0.003877
105292.282138,0.050966
105292.284640,0.000000
105292.287141,0.000000
105292.289643,0.000000
105292.292145,0.112486
105292.294646,0.000000
105292.297148,0.000000
105292.299649,0.000000
105292.302151,0.000000
105292.304652,0.000000
105292.307154,0.122270
105292.309656,0.035018
105292.312157,0.000000
105292.314659,0.094113
105292.317160,0.001574
105292.319662,0.003317
105292.322163,0.000000
105292.324665,0.000000
105292.327166,0.000000
105292.329668,0.004102
105292.332170,0.006876
105292.334671,0.136327
105292.337173,0.033996
105292.339674,0.000000
105292.342176,0.023189
105292.344677,0.000000
105292.347179,0.000000
105292.349681,0.000000
105292.352182,0.000000
105292.354684,0.000000
105292.357185,0.017965
105292.359687,0.000000
105292.362188,0.031490
105292.364690,0.197501
105292.367192,0.000000
105292.369693,0.000000
105292.372195,0.000000
105292.374696,0.000000
105292.377198,0.056745
105292.379699,0.063625
105292.382201,0.006830
105292.384702,0.078513
105292.387204,0.224790
105292.389706,0.151179
105292.392207,0.000000
105292.394709,0.000000
105292.397210,0.000000
105292.399712,0.000000
105292.402213,0.039849
105292.404715,0.000000
105292.407217,0.000000
105292.409718,0.073988
105292.412220,0.000000
105292.414721,0.000000
105292.417223,0.103724
105292.419724,0.000000
105292.422226,0.000000
105292.424727,0.000000
105292.427229,0.001405
105292.429731,0.015936
105292.432232,0.053895
105292.434734,0.000000
105292.437235,0.000000
105292.439737,0.000000
105292.442238,0.000000
105292.444740,0.069532
105292.447242,0.000000
105292.449743,0.074761
105292.452245,0.001677
105292.454746,0.000000
105292.457248,0.054599
105292.459749,0.000000
105292.462251,0.056345
105292.464752,0.018781
105292.467254,0.000000
105292.469756,0.046673
105292.472257,0.048258
105292.474759,0.102197
105292.477260,0.085301
105292.479762,0.043374
105292.482263,0.000000
105292.484765,0.216184
105292.487267,0.000000
105292.489768,0.083810
105292.492270,0.038078
105292.494771,0.000000
105292.497273,0.000000
105292.499774,0.000000
105292.502276,0.115269
105292.504777,0.000000
105292.507279,0.000000
105292.509781,0.000000
105292.512282,0.153161
105292.514784,0.000000
105292.517285,0.028863
105292.519787,0.000000
105292.522288,0.000000
105292.524790,0.071502
105292.527292,0.147555
105292.529793,0.022204
105292.532295,0.057837
105292.534796,0.029038
105292.537298,0.089837
105292.539799,0.000000
105292.542301,0.094946
105292.544803,0.098045
105292.547304,0.095577
105292.549806,0.000000
105292.552307,0.000000
105292.554809,0.021142
105292.557310,0.000000
105292.559812,0.140815
105292.562313,0.000000
105292.564815,0.025068
105292.567317,0.000000
105292.569818,0.000000
105292.572320,0.000000
105292.574821,0.019353
105292.577323,0.059457
105292.579824,0.014284
105292.582326,0.030612
105292.584828,0.000000
105292.587329,0.043814
105292.589831,0.130919
105292.592332,0.062226
105292.594834,0.071474
105292.597335,0.025959
105292.599837,0.000000
105292.602338,0.000000
105292.604840,0.040161
105292.607342,0.000000
105292.609843,0.038834
105292.612345,0.148011
105292.614846,0.064101
105292.617348,0.111146
105292.619849,0.008359
105292.622351,0.000000
105292.624853,0.000000
105292.627354,0.000000
105292.629856,0.137581
105292.632357,0.069783
105292.634859,0.045956
105292.637360,0.109121
105292.639862,0.000000
105292.642363,0.051926
105292.644865,0.000000
105292.647367,0.000000
105292.649868,0.000000
105292.652370,0.058424
105292.654871,0.020147
105292.657373,0.118760
105292.659874,0.000000
105292.662376,0.062607
105292.664878,0.014323
105292.667379,0.000000
105292.669881,0.000000
105292.672382,0.000000
105292.674884,0.098204
105292.677385,0.040942
105292.679887,0.000000
105292.682389,0.000000
105292.684890,0.178151
105292.687392,0.009820
105292.689893,0.000000
105292.692395,0.043415
105292.694896,0.067400
105292.697398,0.000000
105292.699899,0.044372
105292.702401,0.000000
105292.704903,0.063509
105292.707404,0.014982
105292.709906,0.042553
105292.712407,0.000000
105292.714909,0.000000
105292.717410,0.083477
105292.719912,0.000000
105292.722414,0.025166
105292.724915,0.000000
105292.727417,0.079348
105292.729918,0.000000
105292.732420,0.000000
105292.734921,0.069395
105292.737423,0.103561
105292.739924,0.000000
105292.742426,0.173020
105292.744928,0.027656
105292.747429,0.000000
105292.749931,0.032583
105292.752432,0.000000
105292.754934,0.038324
105292.757435,0.000000
105292.759937,0.006558
105292.762439,0.000000
105292.764940,0.087412
105292.767442,0.000000
105292.769943,0.000000
105292.772445,0.032434
105292.774946,0.141514
105292.777448,0.000000
105292.779949,0.061888
105292.782451,0.094765
105292.784953,0.071928
105292.787454,0.000000
105292.789956,0.000000
105292.792457,0.000000
105292.794959,0.000000
105292.797460,0.104013
105292.799962,0.000000
105292.802464,0.061821
105292.804965,0.000000
105292.807467,0.009365
105292.809968,0.062491
105292.812470,0.000000
105292.814971,0.015052
105292.817473,0.000000
105292.819974,0.062257
105292.822476,0.020776
105292.824978,0.004989
105292.827479,0.137586
105292.829981,0.058475
105292.832482,0.000000
105292.834984,0.000000
105292.837485,0.000000
105292.839987,0.007091
105292.842489,0.222888
105292.844990,0.032742
105292.847492,0.000000
105292.849993,0.000000
105292.852495,0.000000
105292.854996,0.000000
105292.857498,0.000000
105292.860000,0.000000
105292.862501,0.000000
105292.865003,0.033917
105292.867504,0.000048
105292.870006,0.026748
105292.872507,0.000000
105292.875009,0.000000
105292.877510,0.045339
105292.880012,0.169712
105292.882514,0.036129
105292.885015,0.000000
105292.887517,0.000000
105292.890018,0.000000
105292.892520,0.039999
105292.895021,0.094745
105292.897523,0.023032
105292.900025,0.070622
105292.902526,0.062481
105292.905028,0.044722
105292.907529,0.000000
105292.910031,0.015356
105292.912532,0.000000
105292.915034,0.001539
105292.917535,0.029212
105292.920037,0.148219
105292.922539,0.000000
105292.925040,0.042512
105292.927542,0.130778
105292.930043,0.066998
105292.932545,0.073540
105292.935046,0.051887
105292.937548,0.114629
105292.940050,0.000000
105292.942551,0.000000
105292.945053,0.000000
105292.947554,0.000000
105292.950056,0.108653
105292.952557,0.107776
105292.955059,0.000000
105292.957560,0.000000
105292.960062,0.000000
105292.962564,0.004593
105292.965065,0.011228
105292.967567,0.049286
105292.970068,0.000000
105292.972570,0.083274
105292.975071,0.039373
105292.977573,0.000000
105292.980075,0.117876
105292.982576,0.000000
105292.985078,0.000000
105292.987579,0.085369
105292.990081,0.000000
105292.992582,0.027331
105292.995084,0.047971
105292.997585,0.000000
105293.000087,0.000000
105293.002589,0.000000
105293.005090,0.000000
105293.007592,0.203214
105293.010093,0.000000
105293.012595,0.088725
105293.015096,0.000000
105293.017598,0.000000
105293.020100,0.009077
105293.022601,0.057308
105293.025103,0.081271
105293.027604,0.137932
105293.030106,0.260034
105293.032607,0.022118
105293.035109,0.000000
105293.037611,0.039984
105293.040112,0.000000
105293.042614,0.081753
105293.045115,0.000000
105293.047617,0.209099
105293.050118,0.075580
105293.052620,0.000000
105293.055121,0.000000
105293.057623,0.072051
105293.060125,0.103859
105293.062626,0.000000
105293.065128,0.062953
105293.067629,0.000000
105293.070131,0.000000
105293.072632,0.098182
105293.075134,0.000000
105293.077636,0.000000
105293.080137,0.012909
105293.082639,0.000000
105293.085140,0.055583
105293.087642,0.000000
105293.090143,0.000000
105293.092645,0.000000
105293.095146,0.015004
105293.097648,0.000000
105293.100150,0.000000
105293.102651,0.017110
105293.105153,0.090680
105293.107654,0.000000
105293.110156,0.023676
105293.112657,0.024131
105293.115159,0.000000
105293.117661,0.181575
105293.120162,0.000000
105293.122664,0.057928
105293.125165,0.067914
105293.127667,0.000000
105293.130168,0.053574
105293.132670,0.021703
105293.135171,0.000000
105293.137673,0.000000
105293.140175,0.000000
105293.142676,0.000000
105293.145178,0.000000
105293.147679,0.099452
105293.150181,0.141439
105293.152682,0.086347
105293.155184,0.112174
105293.157686,0.000000
105293.160187,0.000000
105293.162689,0.000000
105293.165190,0.056864
105293.167692,0.020047
105293.170193,0.000000
105293.172695,0.114348
105293.175197,0.035752
105293.177698,0.000000
105293.180200,0.000000
105293.182701,0.060213
105293.185203,0.091974
105293.187704,0.048708
105293.190206,0.167475
105293.192707,0.144354
105293.195209,0.038939
105293.197711,0.000000
105293.200212,0.000000
105293.202714,0.000000
105293.205215,0.066501
105293.207717,0.161274
105293.210218,0.036856
105293.212720,0.103186
105293.215222,0.000000
105293.217723,0.054984
105293.220225,0.072694
105293.222726,0.000000
105293.225228,0.000000
105293.227729,0.083849
105293.230231,0.024233
105293.232732,0.000000
105293.235234,0.000000
105293.237736,0.000000
105293.240237,0.000000
105293.242739,0.000000
105293.245240,0.012633
105293.247742,0.044709
105293.250243,0.059215
105293.252745,0.000000
105293.255247,0.000000
105293.257748,0.000000
105293.260250,0.050517
105293.262751,0.043194
105293.265253,0.041661
105293.267754,0.000000
105293.270256,0.000000
105293.272757,0.000000
105293.275259,0.067823
105293.277761,0.000000
105293.280262,0.075049
105293.282764,0.018351
105293.285265,0.000000
105293.287767,0.000000
105293.290268,0.000000
105293.292770,0.000000
105293.295272,0.000000
105293.297773,0.000000
105293.300275,0.000000
105293.302776,0.081611
105293.305278,0.050079
105293.307779,0.000000
105293.310281,0.004144
105293.312782,0.000000
105293.315284,0.013134
105293.317786,0.135975
105293.320287,0.085508
105293.322789,0.045981
105293.325290,0.000000
105293.327792,0.066212
105293.330293,0.000000
105293.332795,0.000000
105293.335297,0.051536
105293.337798,0.065371
105293.340300,0.059144
105293.342801,0.026030
105293.345303,0.000000
105293.347804,0.047498
105293.350306,0.000000
105293.352808,0.000000
105293.355309,0.005451
105293.357811,0.015292
105293.360312,0.000000
105293.362814,0.040185
105293.365315,0.068224
105293.367817,0.000000
105293.370318,0.209640
105293.372820,0.000000
105293.375322,0.000000
105293.377823,0.000000
105293.380325,0.000000
105293.382826,0.000000
105293.385328,0.000000
105293.387829,0.000000
105293.390331,0.000000
105293.392833,0.108470
105293.395334,0.194435
105293.397836,0.117908
105293.400337,0.000000
105293.402839,0.000000
105293.405340,0.000000
105293.407842,0.157558
105293.410343,0.000000
105293.412845,0.000000
105293.415347,0.000000
105293.417848,0.066840
105293.420350,0.060914
105293.422851,0.000000
105293.425353,0.060338
105293.427854,0.000000
105293.430356,0.009167
105293.432858,0.075989
105293.435359,0.000000
105293.437861,0.000000
105293.440362,0.000000
105293.442864,0.140371
105293.445365,0.000000
105293.447867,0.021282
105293.450368,0.053320
105293.452870,0.133500
105293.455372,0.000000
105293.457873,0.000000
105293.460375,0.015280
105293.462876,0.113371
105293.465378,0.000000
105293.467879,0.000000
105293.470381,0.000000
105293.472883,0.000000
105293.475384,0.076317
105293.477886,0.000000
105293.480387,0.000000
105293.482889,0.000000
105293.485390,0.007509
105293.487892,0.000000
105293.490394,0.000000
105293.492895,0.119131
105293.495397,0.135791
105293.497898,0.000000
105293.500400,0.028923
105293.502901,0.000000
105293.505403,0.000000
105293.507904,0.027306
105293.510406,0.000000
105293.512908,0.020347
105293.515409,0.059416
105293.517911,0.026008
105293.520412,0.000000
105293.522914,0.000000
105293.525415,0.000000
105293.527917,0.000000
105293.530419,0.173230
105293.532920,0.000000
105293.535422,0.000000
105293.537923,0.028246
105293.540425,0.000000
105293.542926,0.000000
105293.545428,0.124404
105293.547929,0.048482
105293.550431,0.000000
105293.552933,0.000000
105293.555434,0.000000
105293.557936,0.077230
105293.560437,0.000000
105293.562939,0.000000
105293.565440,0.000000
105293.567942,0.000000
105293.570444,0.192845
105293.572945,0.000000
105293.575447,0.000000
105293.577948,0.022797
105293.580450,0.000000
105293.582951,0.000000
105293.585453,0.037243
105293.587954,0.134749
105293.590456,0.067763
105293.592958,0.130537
105293.595459,0.000000
105293.597961,0.028020
105293.600462,0.013707
105293.602964,0.030998
105293.605465,0.121507
105293.607967,0.000000
105293.610469,0.000000
105293.612970,0.047145
105293.615472,0.000000
105293.617973,0.000000
105293.620475,0.000000
105293.622976,0.000000
105293.625478,0.093327
105293.627979,0.000000
105293.630481,0.000000
105293.632983,0.025883
105293.635484,0.119496
105293.637986,0.000000
105293.640487,0.082653
105293.642989,0.061855
105293.645490,0.010900
105293.647992,0.000000
105293.650494,0.000000
105293.652995,0.009403
105293.655497,0.000000
105293.657998,0.081161
105293.660500,0.065851
105293.663001,0.000000
105293.665503,0.000000
105293.668005,0.045093
105293.670506,0.000000
105293.673008,0.000000
105293.675509,0.000000
105293.678011,0.000000
105293.680512,0.103316
105293.683014,0.000000
105293.685515,0.000000
105293.688017,0.000000
105293.690519,0.048747
105293.693020,0.000000
105293.695522,0.010376
105293.698023,0.000000
105293.700525,0.074002
105293.703026,0.000000
105293.705528,0.000000
105293.708030,0.042886
105293.710531,0.186021
105293.713033,0.078441
105293.715534,0.000000
105293.718036,0.000282
105293.720537,0.000000
105293.723039,0.000000
105293.725540,0.000000
105293.728042,0.000000
105293.730544,0.057686
105293.733045,0.000000
105293.735547,0.117708
105293.738048,0.066398
105293.740550,0.001810
105293.743051,0.000028
105293.745553,0.000000
105293.748055,0.023846
105293.750556,0.096067
105293.753058,0.000000
105293.755559,0.000000
105293.758061,0.062087
105293.760562,0.028638
105293.763064,0.000000
105293.765565,0.000000
105293.768067,0.000000
105293.770569,0.000000
105293.773070,0.000000
105293.775572,0.000000
105293.778073,0.000000
105293.780575,0.000000
105293.783076,0.000000
105293.785578,0.014805
105293.788080,0.000000
105293.790581,0.102298
105293.793083,0.044859
105293.795584,0.000000
105293.798086,0.046240
105293.800587,0.053463
105293.803089,0.000000
105293.805591,0.000000
105293.808092,0.000712
105293.810594,0.000000
105293.813095,0.000000
105293.815597,0.000000
105293.818098,0.000000
105293.820600,0.000000
105293.823101,0.000000
105293.825603,0.000000
105293.828105,0.000000
105293.830606,0.000000
105293.833108,0.047087
105293.835609,0.000000
105293.838111,0.000000
105293.840612,0.000000
105293.843114,0.000000
105293.845616,0.023585
105293.848117,0.028150
105293.850619,0.000000
105293.853120,0.067013
105293.855622,0.000000
105293.858123,0.137659
105293.860625,0.000000
105293.863126,0.000000
105293.865628,0.000000
105293.868130,0.030733
105293.870631,0.000000
105293.873133,0.000000
105293.875634,0.142392
105293.878136,0.000000
105293.880637,0.005294
105293.883139,0.125357
105293.885641,0.023883
105293.888142,0.000000
105293.890644,0.044621
105293.893145,0.000000
105293.895647,0.124206
105293.898148,0.000000
105293.900650,0.262176
105293.903151,0.129554
105293.905653,0.000000
105293.908155,0.001767
105293.910656,0.066539
105293.913158,0.069189
105293.915659,0.039054
105293.915659,0.110552
105364.258464,0.000000
105434.601268,0.000000
105504.944073,0.000000
105575.286878,0.075785
105645.629682,0.032242
105715.972487,0.025717
105786.315291,0.070211
105856.658096,0.000000
105927.000900,0.027376
105997.343705,0.019297
106067.686509,0.147338
106138.029314,0.000000
106208.372119,0.137483
106278.714923,0.006658
106349.057728,0.043173
106419.400532,0.147966
106489.743337,0.049509
106560.086141,0.035348
106630.428946,0.021392
106630.428946,0.000000
106630.431447,0.000000
106630.433949,0.000000
106630.436451,0.000000
106630.438952,0.000000
106630.441454,0.037880
106630.443955,0.000000
106630.446457,0.000000
106630.448958,0.019402
106630.451460,0.000000
106630.453962,0.170334
106630.456463,0.000000
106630.458965,0.000000
106630.461466,0.000000
106630.463968,0.002114
106630.466469,0.122454
106630.468971,0.091461
106630.471472,0.075438
106630.473974,0.048241
106630.476476,0.000000
106630.478977,0.000000
106630.481479,0.000000
106630.483980,0.000000
106630.486482,0.092598
106630.488983,0.027316
106630.491485,0.142350
106630.493987,0.105726
106630.496488,0.000000
106630.498990,0.000000
106630.501491,0.122332
106630.503993,0.120019
106630.506494,0.000000
106630.508996,0.133250
106630.511497,0.033737
106630.513999,0.014187
106630.516501,0.142568
106630.519002,0.118722
106630.521504,0.057506
106630.524005,0.041780
106630.526507,0.054421
106630.529008,0.000000
106630.531510,0.000000
106630.534012,0.000000
106630.536513,0.000000
106630.539015,0.000000
106630.541516,0.000000
106630.544018,0.012073
106630.546519,0.000000
106630.549021,0.044342
106630.551523,0.000000
106630.554024,0.000000
106630.556526,0.011615
106630.559027,0.000000
106630.561529,0.000000
106630.564030,0.000000
106630.566532,0.031473
106630.569033,0.057177
106630.571535,0.043574
106630.574037,0.091709
106630.576538,0.017793
106630.579040,0.042263
106630.581541,0.013781
106630.584043,0.060704
106630.586544,0.000000
106630.589046,0.000000
106630.591548,0.140107
106630.594049,0.000000
106630.596551,0.000000
106630.599052,0.103500
106630.601554,0.000000
106630.604055,0.000000
106630.606557,0.011427
106630.609058,0.000000
106630.611560,0.002724
106630.614062,0.000000
106630.616563,0.097884
106630.619065,0.125659
106630.621566,0.000000
106630.624068,0.000000
106630.626569,0.000000
106630.629071,0.000000
106630.631573,0.044634
106630.634074,0.000000
106630.636576,0.000000
106630.639077,0.045087
106630.641579,0.082896
106630.644080,0.000000
106630.646582,0.000000
106630.649083,0.289953
106630.651585,0.069158
106630.654087,0.000000
106630.656588,0.076726
106630.659090,0.000000
106630.661591,0.076561
106630.664093,0.014073
106630.666594,0.008058
106630.669096,0.000000
106630.671598,0.000000
106630.674099,0.171113
106630.676601,0.000000
106630.679102,0.000000
106630.681604,0.000000
106630.684105,0.000000
106630.686607,0.000000
106630.689109,0.060722
106630.691610,0.087875
106630.694112,0.071932
106630.696613,0.000000
106630.699115,0.004378
106630.701616,0.036011
106630.704118,0.000000
106630.706619,0.050377
106630.709121,0.000000
106630.711623,0.180141
106630.714124,0.000000
106630.716626,0.000000
106630.719127,0.000000
106630.721629,0.000000
106630.724130,0.200779
106630.726632,0.083025
106630.729134,0.000000
106630.731635,0.132806
106630.734137,0.105351
106630.736638,0.000000
106630.739140,0.027078
106630.741641,0.000000
106630.744143,0.174158
106630.746644,0.000000
106630.749146,0.012891
106630.751648,0.000000
106630.754149,0.000000
106630.756651,0.193499
106630.759152,0.000000
106630.761654,0.019435
106630.764155,0.000000
106630.766657,0.000000
106630.769159,0.037255
106630.771660,0.000000
106630.774162,0.051808
106630.776663,0.000000
106630.779165,0.102423
106630.781666,0.120229
106630.784168,0.000000
106630.786669,0.006775
106630.789171,0.016197
106630.791673,0.054682
106630.794174,0.001270
106630.796676,0.016794
106630.799177,0.000000
106630.801679,0.010174
106630.804180,0.114594
106630.806682,0.057042
106630.809184,0.061914
106630.811685,0.063840
106630.814187,0.000000
106630.816688,0.028149
106630.819190,0.000000
106630.821691,0.112022
106630.824193,0.000000
106630.826694,0.000000
106630.829196,0.100729
106630.831698,0.000000
106630.834199,0.035296
106630.836701,0.000000
106630.839202,0.000000
106630.841704,0.083517
106630.844205,0.017486
106630.846707,0.000000
106630.849209,0.000000
106630.851710,0.086112
106630.854212,0.039637
106630.856713,0.154342
106630.859215,0.148560
106630.861716,0.000000
106630.864218,0.221010
106630.866720,0.002161
106630.869221,0.000000
106630.871723,0.000000
106630.874224,0.000000
106630.876726,0.141883
106630.879227,0.140801
106630.881729,0.000000
106630.884230,0.000000
106630.886732,0.008441
106630.889234,0.000000
106630.891735,0.000000
106630.894237,0.000000
106630.896738,0.000000
106630.899240,0.000000
106630.901741,0.019663
106630.904243,0.126212
106630.906745,0.000000
106630.909246,0.015048
106630.911748,0.064175
106630.914249,0.048925
106630.916751,0.000000
106630.919252,0.008509
106630.921754,0.048342
106630.924255,0.000000
106630.926757,0.111557
106630.929259,0.126394
106630.931760,0.000000
106630.934262,0.017099
106630.936763,0.056706
106630.939265,0.000000
106630.941766,0.042521
106630.944268,0.014414
106630.946770,0.000000
106630.949271,0.040539
106630.951773,0.000000
106630.954274,0.082922
106630.956776,0.000000
106630.959277,0.000000
106630.961779,0.121158
106630.964280,0.043825
106630.966782,0.000000
106630.969284,0.000000
106630.971785,0.000000
106630.974287,0.034843
106630.976788,0.031634
106630.979290,0.000000
106630.981791,0.000000
106630.984293,0.024861
106630.986795,0.000000
106630.989296,0.190459
106630.991798,0.003232
106630.994299,0.160179
106630.996801,0.000000
106630.999302,0.000000
106631.001804,0.000000
106631.004306,0.104988
106631.006807,0.155045
106631.009309,0.000000
106631.011810,0.000000
106631.014312,0.000000
106631.016813,0.000000
106631.019315,0.063428
106631.021816,0.019690
106631.024318,0.000926
106631.026820,0.000000
106631.029321,0.144791
106631.031823,0.000000
106631.034324,0.047114
106631.036826,0.000000
106631.039327,0.000000
106631.041829,0.025725
106631.044331,0.028877
106631.046832,0.013654
106631.049334,0.043661
106631.051835,0.000000
106631.054337,0.017426
106631.056838,0.010044
106631.059340,0.020454
106631.061841,0.006387
106631.064343,0.000000
106631.066845,0.000000
106631.069346,0.000000
106631.071848,0.072180
106631.074349,0.073073
106631.076851,0.074477
106631.079352,0.027086
106631.081854,0.000000
106631.084356,0.000000
106631.086857,0.015046
106631.089359,0.011965
106631.091860,0.000000
106631.094362,0.032572
106631.096863,0.001029
106631.099365,0.010663
106631.101866,0.000000
106631.104368,0.086701
106631.106870,0.000000
106631.109371,0.000000
106631.111873,0.000000
106631.114374,0.000000
106631.116876,0.087760
106631.119377,0.000000
106631.121879,0.000000
106631.124381,0.000000
106631.126882,0.069350
106631.129384,0.000000
106631.131885,0.000000
106631.134387,0.130685
106631.136888,0.044918
106631.139390,0.000000
106631.141891,0.000000
106631.144393,0.000000
106631.146895,0.000000
106631.149396,0.057260
106631.151898,0.003731
106631.154399,0.014602
106631.156901,0.000000
106631.159402,0.153746
106631.161904,0.250971
106631.164406,0.000000
106631.166907,0.031170
106631.169409,0.008601
106631.171910,0.000000
106631.174412,0.000000
106631.176913,0.000000
106631.179415,0.000000
106631.181917,0.035778
106631.184418,0.000000
106631.186920,0.000000
106631.189421,0.039276
106631.191923,0.000000
106631.194424,0.118897
106631.196926,0.032943
106631.199427,0.000000
106631.201929,0.000000
106631.204431,0.000000
106631.206932,0.000000
106631.209434,0.083271
106631.211935,0.000000
106631.214437,0.100093
106631.216938,0.000000
106631.219440,0.085223
106631.221942,0.063656
106631.224443,0.000000
106631.226945,0.116773
106631.229446,0.008251
106631.231948,0.034613
106631.234449,0.000000
106631.236951,0.112591
106631.239452,0.000000
106631.241954,0.073465
106631.244456,0.072451
106631.246957,0.000000
106631.249459,0.175111
106631.251960,0.020442
106631.254462,0.057732
106631.256963,0.000000
106631.259465,0.186973
106631.261967,0.000000
106631.264468,0.090487
106631.266970,0.000000
106631.269471,0.000000
106631.271973,0.069639
106631.274474,0.090722
106631.276976,0.000000
106631.279477,0.096277
106631.281979,0.092261
106631.284481,0.000000
106631.286982,0.141144
106631.289484,0.000000
106631.291985,0.000000
106631.294487,0.042291
106631.296988,0.000000
106631.299490,0.023292
106631.301992,0.021284
106631.304493,0.000000
106631.306995,0.073492
106631.309496,0.000000
106631.311998,0.020443
106631.314499,0.101221
106631.317001,0.069809
106631.319502,0.069397
106631.322004,0.000000
106631.324506,0.046334
106631.327007,0.000000
106631.329509,0.000000
106631.332010,0.000000
106631.334512,0.000000
106631.337013,0.069803
106631.339515,0.071915
106631.342017,0.000000
106631.344518,0.000000
106631.347020,0.000000
106631.349521,0.000000
106631.352023,0.040187
106631.354524,0.000000
106631.357026,0.000000
106631.359528,0.114792
106631.362029,0.000000
106631.364531,0.109203
106631.367032,0.000000
106631.369534,0.000000
106631.372035,0.000000
106631.374537,0.136221
106631.377038,0.000000
106631.379540,0.001036
106631.382042,0.046567
106631.384543,0.000000
106631.387045,0.000000
106631.389546,0.000000
106631.392048,0.000000
106631.394549,0.000000
106631.397051,0.000000
106631.399553,0.057351
106631.402054,0.000000
106631.404556,0.095214
106631.407057,0.000000
106631.409559,0.000000
106631.412060,0.170076
106631.414562,0.000000
106631.417063,0.000000
106631.419565,0.000000
106631.422067,0.094920
106631.424568,0.000000
106631.427070,0.000000
106631.429571,0.000000
106631.432073,0.089432
106631.434574,0.000000
106631.437076,0.206955
106631.439578,0.011810
106631.442079,0.093744
106631.444581,0.071094
106631.447082,0.000000
106631.449584,0.000000
106631.452085,0.029309
106631.454587,0.045036
106631.457088,0.000000
106631.459590,0.014686
106631.462092,0.109144
106631.464593,0.182755
106631.467095,0.075432
106631.469596,0.164462
106631.472098,0.000000
106631.474599,0.061969
106631.477101,0.118177
106631.479603,0.000000
106631.482104,0.000000
106631.484606,0.153439
106631.487107,0.000000
106631.489609,0.000000
106631.492110,0.134905
106631.494612,0.105662
106631.497114,0.038152
106631.499615,0.000000
106631.502117,0.000000
106631.504618,0.024893
106631.507120,0.139480
106631.509621,0.021063
106631.512123,0.191320
106631.514624,0.000000
106631.517126,0.000000
106631.519628,0.000000
106631.522129,0.000000
106631.524631,0.000000
106631.527132,0.036846
106631.529634,0.046284
106631.532135,0.191628
106631.534637,0.041008
106631.537139,0.101545
106631.539640,0.005835
106631.542142,0.148155
106631.544643,0.211758
106631.547145,0.046889
106631.549646,0.000000
106631.552148,0.000000
106631.554649,0.024892
106631.557151,0.040304
106631.559653,0.061664
106631.562154,0.040631
106631.564656,0.000617
106631.567157,0.000000
106631.569659,0.035416
106631.572160,0.163776
106631.574662,0.090049
106631.577164,0.047209
106631.579665,0.090900
106631.582167,0.000000
106631.584668,0.000000
106631.587170,0.000000
106631.589671,0.000000
106631.592173,0.000000
106631.594674,0.106678
106631.597176,0.000000
106631.599678,0.000000
106631.602179,0.171509
106631.604681,0.000000
106631.607182,0.013555
106631.609684,0.039847
106631.612185,0.000000
106631.614687,0.109080
106631.617189,0.056251
106631.619690,0.137589
106631.622192,0.000000
106631.624693,0.008752
106631.627195,0.003475
106631.629696,0.023299
106631.632198,0.000000
106631.634699,0.009786
106631.637201,0.000000
106631.639703,0.031637
106631.642204,0.000000
106631.644706,0.000000
106631.647207,0.072269
106631.649709,0.000000
106631.652210,0.000000
106631.654712,0.112202
106631.657214,0.028926
106631.659715,0.076996
106631.662217,0.000000
106631.664718,0.236583
106631.667220,0.000000
106631.669721,0.154021
106631.672223,0.000000
106631.674725,0.000000
106631.677226,0.042630
106631.679728,0.027790
106631.682229,0.000000
106631.684731,0.000000
106631.687232,0.000000
106631.689734,0.030879
106631.692235,0.000000
106631.694737,0.092980
106631.697239,0.000000
106631.699740,0.000000
106631.702242,0.083086
106631.704743,0.000000
106631.707245,0.107375
106631.709746,0.038667
106631.712248,0.000000
106631.714750,0.000000
106631.717251,0.042618
106631.719753,0.000000
106631.722254,0.000000
106631.724756,0.053849
106631.727257,0.000000
106631.729759,0.002964
106631.732260,0.096181
106631.734762,0.000000
106631.737264,0.001327
106631.739765,0.000000
106631.742267,0.038030
106631.744768,0.030886
106631.747270,0.079529
106631.749771,0.000000
106631.752273,0.000000
106631.754775,0.069937
106631.757276,0.022268
106631.759778,0.000000
106631.762279,0.115355
106631.764781,0.000000
106631.767282,0.069244
106631.769784,0.000000
106631.772285,0.166495
106631.774787,0.000000
106631.777289,0.101732
106631.779790,0.000000
106631.782292,0.000000
106631.784793,0.016369
106631.787295,0.055790
106631.789796,0.000000
106631.792298,0.000000
106631.794800,0.057353
106631.797301,0.000000
106631.799803,0.000000
106631.802304,0.268461
106631.804806,0.000000
106631.807307,0.101339
106631.809809,0.000000
106631.812311,0.044943
106631.814812,0.057773
106631.817314,0.099675
106631.819815,0.000000
106631.822317,0.175598
106631.824818,0.000000
106631.827320,0.020679
106631.829821,0.021655
106631.832323,0.000000
106631.834825,0.000000
106631.837326,0.014260
106631.839828,0.000000
106631.842329,0.215508
106631.844831,0.000000
106631.847332,0.104131
106631.849834,0.075616
106631.852336,0.000000
106631.854837,0.000000
106631.857339,0.000000
106631.859840,0.000000
106631.862342,0.000000
106631.864843,0.000000
106631.867345,0.000000
106631.869846,0.118827
106631.872348,0.054604
106631.874850,0.069393
106631.877351,0.051988
106631.879853,0.014741
106631.882354,0.128963
106631.884856,0.000000
106631.887357,0.009418
106631.889859,0.065957
106631.892361,0.000000
106631.894862,0.273396
106631.897364,0.002522
106631.899865,0.012536
106631.902367,0.110969
106631.904868,0.080781
106631.907370,0.003362
106631.909871,0.011489
106631.912373,0.000000
106631.914875,0.000000
106631.917376,0.045664
106631.919878,0.039191
106631.922379,0.107816
106631.924881,0.000000
106631.927382,0.000000
106631.929884,0.093298
106631.932386,0.126792
106631.934887,0.079306
106631.937389,0.000000
106631.939890,0.092208
106631.942392,0.302737
106631.944893,0.010167
106631.947395,0.000000
106631.949896,0.000000
106631.952398,0.055223
106631.954900,0.000000
106631.957401,0.014957
106631.959903,0.033580
106631.962404,0.135535
106631.964906,0.115676
106631.967407,0.076334
106631.969909,0.000000
106631.972411,0.081319
106631.974912,0.062289
106631.977414,0.022597
106631.979915,0.000000
106631.982417,0.000000
106631.984918,0.000000
106631.987420,0.000000
106631.989922,0.000000
106631.992423,0.000000
106631.994925,0.231787
106631.997426,0.000000
106631.999928,0.114225
106632.002429,0.000000
106632.004931,0.000000
106632.007432,0.008555
106632.009934,0.000000
106632.012436,0.000000
106632.014937,0.000000
106632.017439,0.000000
106632.019940,0.163787
106632.022442,0.033393
106632.024943,0.042336
106632.027445,0.047646
106632.029947,0.054088
106632.032448,0.000000
106632.034950,0.000000
106632.037451,0.014728
106632.039953,0.102134
106632.042454,0.099435
106632.044956,0.000000
106632.047457,0.067793
106632.049959,0.000000
106632.052461,0.002990
106632.054962,0.000000
106632.057464,0.000000
106632.059965,0.118425
106632.062467,0.008160
106632.064968,0.011944
106632.067470,0.000000
106632.069972,0.000000
106632.072473,0.000000
106632.074975,0.000000
106632.077476,0.001913
106632.079978,0.000000
106632.082479,0.007063
106632.084981,0.010727
106632.087482,0.000000
106632.089984,0.000000
106632.092486,0.006831
106632.094987,0.104561
106632.097489,0.022666
106632.099990,0.000000
106632.102492,0.035228
106632.104993,0.150759
106632.107495,0.080936
106632.109997,0.048341
106632.112498,0.064062
106632.115000,0.127133
106632.117501,0.094967
106632.120003,0.050039
106632.122504,0.094350
106632.125006,0.000000
106632.127508,0.000000
106632.130009,0.013870
106632.132511,0.006064
106632.135012,0.000000
106632.137514,0.072914
106632.140015,0.000000
106632.142517,0.000000
106632.145018,0.000000
106632.147520,0.000000
106632.150022,0.131969
106632.152523,0.000000
106632.155025,0.000000
106632.157526,0.080165
106632.160028,0.057039
106632.162529,0.000000
106632.165031,0.060257
106632.167533,0.025585
106632.170034,0.205983
106632.172536,0.035664
106632.175037,0.000000
106632.177539,0.000000
106632.180040,0.000000
106632.182542,0.000000
106632.185043,0.129004
106632.187545,0.054971
106632.190047,0.303271
106632.192548,0.983612
106632.195050,1.806911
106632.197551,3.489892
106632.200053,4.004788
106632.202554,3.387030
106632.205056,1.908294
106632.207558,0.762016
106632.210059,0.288122
106632.212561,0.261730
106632.215062,0.096361
106632.217564,0.114819
106632.220065,0.000000
106632.222567,0.034607
106632.225068,0.252455
106632.227570,0.790345
106632.230072,1.346417
106632.232573,1.915090
106632.235075,1.762715
106632.237576,1.157353
106632.240078,0.548130
106632.242579,0.205459
106632.245081,0.038321
106632.247583,0.000000
106632.250084,0.000000
106632.252586,0.000000
106632.255087,0.000000
106632.257589,0.041149
106632.260090,0.080281
106632.262592,0.082866
106632.265093,0.066831
106632.267595,0.000000
106632.270097,0.000000
106632.272598,0.000000
106632.275100,0.000000
106632.277601,0.091539
106632.280103,0.014414
106632.282604,0.048514
106632.285106,0.522486
106632.287608,1.504065
106632.290109,2.969283
106632.292611,4.026699
106632.295112,3.655044
106632.297614,2.242807
106632.300115,1.126562
106632.302617,0.364567
106632.305119,0.068650
106632.307620,0.000000
106632.310122,0.022022
106632.312623,0.015142
106632.315125,0.051057
106632.317626,0.255128
106632.320128,0.596993
106632.322629,1.259984
106632.325131,2.011642
106632.327633,1.986692
106632.330134,1.476728
106632.332636,0.827134
106632.335137,0.306650
106632.337639,0.148541
106632.340140,0.000000
106632.342642,0.019563
106632.345144,0.000000
106632.347645,0.148131
106632.350147,0.081902
106632.352648,0.000000
106632.355150,0.032914
106632.357651,0.014804
106632.360153,0.040113
106632.362654,0.000000
106632.365156,0.031795
106632.367658,0.000000
106632.370159,0.026848
106632.372661,0.000000
106632.375162,0.043984
106632.377664,0.505762
106632.380165,1.102197
106632.382667,2.423826
106632.385169,3.722067
106632.387670,3.842304
106632.390172,2.822113
106632.392673,1.529618
106632.395175,0.430423
106632.397676,0.058524
106632.400178,0.208660
106632.402679,0.044139
106632.405181,0.000000
106632.407683,0.036946
106632.410184,0.050090
106632.412686,0.087796
106632.415187,0.000000
106632.417689,0.086214
106632.420190,0.000000
106632.422692,0.000000
106632.425194,0.014468
106632.427695,0.029103
106632.430197,0.000000
106632.432698,0.022904
106632.435200,0.000000
106632.437701,0.000000
106632.440203,0.090477
106632.442705,0.080250
106632.445206,0.000000
106632.447708,0.000000
106632.450209,0.000000
106632.452711,0.000000
106632.455212,0.000000
106632.457714,0.091881
106632.460215,0.030737
106632.462717,0.036739
106632.465219,0.000000
106632.467720,0.158667
106632.470222,0.012770
106632.472723,0.944553
106632.475225,2.130544
106632.477726,3.365938
106632.480228,4.111496
106632.482730,3.315052
106632.485231,1.954335
106632.487733,0.838368
106632.490234,0.518352
106632.492736,0.167830
106632.495237,0.069331
106632.497739,0.000000
106632.500240,0.030346
106632.502742,0.018903
106632.505244,0.402613
106632.507745,0.861266
106632.510247,1.443912
106632.512748,1.990061
106632.515250,1.725852
106632.517751,1.169329
106632.520253,0.448621
106632.522755,0.170611
106632.525256,0.104378
106632.527758,0.001423
106632.530259,0.000000
106632.532761,0.018002
106632.535262,0.061557
106632.537764,0.000000
106632.540265,0.023013
106632.542767,0.116325
106632.545269,0.050648
106632.547770,0.005099
106632.550272,0.056483
106632.552773,0.039977
106632.555275,0.066931
106632.557776,0.000000
106632.560278,0.000000
106632.562780,0.252960
106632.565281,0.478896
106632.567783,1.646172
106632.570284,2.966218
106632.572786,3.854233
106632.575287,3.695588
106632.577789,2.425662
106632.580290,1.304568
106632.582792,0.311891
106632.585294,0.212310
106632.587795,0.045181
106632.590297,0.000000
106632.592798,0.080286
106632.595300,0.105225
106632.597801,0.228338
106632.600303,0.671921
106632.602805,1.267007
106632.605306,1.825577
106632.607808,1.997377
106632.610309,1.367467
106632.612811,0.697571
106632.615312,0.277683
106632.617814,0.087616
106632.620316,0.000000
106632.622817,0.115022
106632.625319,0.010830
106632.627820,0.000000
106632.630322,0.038040
106632.632823,0.020884
106632.635325,0.067724
106632.637826,0.047498
106632.640328,0.063378
106632.642830,0.119279
106632.645331,0.078025
106632.647833,0.000000
106632.650334,0.000000
106632.652836,0.164085
106632.655337,0.078348
106632.657839,0.372492
106632.660341,1.067722
106632.662842,2.573745
106632.665344,3.758973
106632.667845,3.764742
106632.670347,2.907803
106632.672848,1.447059
106632.675350,0.785465
106632.677851,0.092052
106632.680353,0.000000
106632.682855,0.000000
106632.685356,0.113134
106632.687858,0.000000
106632.690359,0.000000
106632.692861,0.062417
106632.695362,0.000000
106632.697864,0.055191
106632.700366,0.157279
106632.702867,0.050026
106632.705369,0.056320
106632.707870,0.076817
106632.710372,0.150949
106632.712873,0.106821
106632.715375,0.038818
106632.717876,0.079804
106632.720378,0.000000
106632.722880,0.068539
106632.725381,0.000000
106632.727883,0.000000
106632.730384,0.000000
106632.732886,0.035442
106632.735387,0.000000
106632.737889,0.098102
106632.740391,0.034450
106632.742892,0.099246
106632.745394,0.000000
106632.747895,0.091679
106632.750397,0.185925
106632.752898,0.067467
106632.755400,0.069780
106632.757901,0.014974
106632.760403,0.000000
106632.762905,0.067205
106632.765406,0.000000
106632.767908,0.000000
106632.770409,0.000000
106632.772911,0.000000
106632.775412,0.056686
106632.777914,0.044621
106632.780416,0.004495
106632.782917,0.015045
106632.785419,0.000000
106632.787920,0.000000
106632.790422,0.000000
106632.792923,0.000000
106632.795425,0.052936
106632.797927,0.000000
106632.800428,0.000000
106632.802930,0.000000
106632.805431,0.000000
106632.807933,0.000000
106632.810434,0.006993
106632.812936,0.000000
106632.815437,0.009230
106632.817939,0.000000
106632.820441,0.147624
106632.822942,0.043899
106632.825444,0.000000
106632.827945,0.000000
106632.830447,0.004874
106632.832948,0.000000
106632.835450,0.000000
106632.837952,0.119151
106632.840453,0.063588
106632.842955,0.045997
106632.845456,0.000000
106632.847958,0.037759
106632.850459,0.000000
106632.852961,0.018087
106632.855462,0.000000
106632.857964,0.133872
106632.860466,0.000000
106632.862967,0.108798
106632.865469,0.003436
106632.867970,0.000000
106632.870472,0.014745
106632.872973,0.064747
106632.875475,0.120669
106632.877977,0.027647
106632.880478,0.000000
106632.882980,0.004912
106632.885481,0.160404
106632.887983,0.118986
106632.890484,0.080234
106632.892986,0.070251
106632.895487,0.061754
106632.897989,0.102306
106632.900491,0.000000
106632.902992,0.000000
106632.905494,0.006092
106632.907995,0.000000
106632.910497,0.000000
106632.912998,0.000000
106632.915500,0.219427
106632.918002,0.012018
106632.920503,0.031953
106632.923005,0.000000
106632.925506,0.000000
106632.928008,0.000000
106632.930509,0.126978
106632.933011,0.029513
106632.935513,0.052850
106632.938014,0.065208
106632.940516,0.000000
106632.943017,0.122543
106632.945519,0.000000
106632.948020,0.124156
106632.950522,0.039051
106632.953023,0.000000
106632.955525,0.000000
106632.958027,0.000000
106632.960528,0.102706
106632.963030,0.000000
106632.965531,0.000000
106632.968033,0.033175
106632.970534,0.000000
106632.973036,0.000000
106632.975538,0.148147
106632.978039,0.009472
106632.980541,0.000000
106632.983042,0.000000
106632.985544,0.000000
106632.988045,0.000000
106632.990547,0.113445
106632.993048,0.000000
106632.995550,0.001948
106632.998052,0.000000
106633.000553,0.000000
106633.003055,0.053840
106633.005556,0.033348
106633.008058,0.154805
106633.010559,0.118569
106633.013061,0.000000
106633.015563,0.041757
106633.018064,0.000000
106633.020566,0.181418
106633.023067,0.101446
106633.025569,0.014981
106633.028070,0.017693
106633.030572,0.127565
106633.033073,0.051171
106633.035575,0.137610
106633.038077,0.000000
106633.040578,0.040722
106633.043080,0.000000
106633.045581,0.155070
106633.048083,0.136531
106633.050584,0.002899
106633.053086,0.135580
106633.055588,0.157430
106633.058089,0.006569
106633.060591,0.218246
106633.063092,0.000000
106633.065594,0.000000
106633.068095,0.076447
106633.070597,0.000000
106633.073098,0.007535
106633.075600,0.124438
106633.078102,0.001697
106633.080603,0.000000
106633.083105,0.032430
106633.085606,0.000000
106633.088108,0.076394
106633.090609,0.061466
106633.093111,0.129909
106633.095613,0.080126
106633.098114,0.096257
106633.100616,0.000000
106633.103117,0.070984
106633.105619,0.173794
106633.108120,0.000000
106633.110622,0.158898
106633.113124,0.000000
106633.115625,0.000000
106633.118127,0.026151
106633.120628,0.063207
106633.123130,0.080498
106633.125631,0.000000
106633.128133,0.038365
106633.130634,0.000000
106633.133136,0.000000
106633.135638,0.000000
106633.138139,0.000000
106633.140641,0.046051
106633.143142,0.101728
106633.145644,0.000000
106633.148145,0.031074
106633.150647,0.000000
106633.153149,0.055542
106633.155650,0.000000
106633.158152,0.000000
106633.160653,0.070602
106633.163155,0.000000
106633.165656,0.000000
106633.168158,0.000000
106633.170659,0.083571
106633.173161,0.072478
106633.175663,0.000482
106633.178164,0.000000
106633.180666,0.106775
106633.183167,0.000000
106633.185669,0.000000
106633.188170,0.204129
106633.190672,0.000000
106633.193174,0.065529
106633.195675,0.049627
106633.198177,0.034448
106633.200678,0.024898
106633.203180,0.033231
106633.205681,0.024009
106633.208183,0.000000
106633.210684,0.133430
106633.213186,0.000000
106633.215688,0.090184
106633.218189,0.072604
106633.220691,0.061661
106633.223192,0.098618
106633.225694,0.000000
106633.228195,0.000000
106633.230697,0.000000
106633.233199,0.000000
106633.235700,0.000000
106633.238202,0.000000
106633.240703,0.000000
106633.243205,0.000000
106633.245706,0.000000
106633.248208,0.061822
106633.250710,0.196031
106633.253211,0.053524
106633.255713,0.000000
106633.258214,0.000000
106633.260716,0.000000
106633.263217,0.007950
106633.265719,0.000000
106633.268220,0.000000
106633.270722,0.148581
106633.273224,0.000000
106633.275725,0.063421
106633.278227,0.000000
106633.280728,0.167823
106633.283230,0.030095
106633.285731,0.000000
106633.288233,0.000000
106633.290735,0.003523
106633.293236,0.000000
106633.295738,0.000000
106633.298239,0.000000
106633.300741,0.000000
106633.303242,0.008291
106633.305744,0.026502
106633.308245,0.000000
106633.310747,0.000000
106633.313249,0.049743
106633.315750,0.000000
106633.318252,0.000000
106633.320753,0.000000
106633.323255,0.000000
106633.325756,0.000000
106633.328258,0.015347
106633.330760,0.203745
106633.333261,0.000000
106633.335763,0.000000
106633.338264,0.000000
106633.340766,0.000000
106633.343267,0.096963
106633.345769,0.000000
106633.348270,0.000000
106633.350772,0.072249
106633.353274,0.000000
106633.355775,0.000000
106633.358277,0.038914
106633.360778,0.080021
106633.363280,0.018597
106633.365781,0.000000
106633.368283,0.040278
106633.370785,0.000000
106633.373286,0.065792
106633.375788,0.130956
106633.378289,0.000000
106633.380791,0.009806
106633.383292,0.000000
106633.385794,0.215584
106633.388295,0.000000
106633.390797,0.065897
106633.393299,0.000000
106633.395800,0.000000
106633.398302,0.000000
106633.400803,0.139999
106633.403305,0.084399
106633.405806,0.171598
106633.408308,0.004896
106633.410810,0.025420
106633.413311,0.000000
106633.415813,0.000000
106633.418314,0.000000
106633.420816,0.007417
106633.423317,0.000000
106633.425819,0.039016
106633.428321,0.015010
106633.430822,0.025399
106633.433324,0.147896
106633.435825,0.000000
106633.438327,0.066811
106633.440828,0.181127
106633.443330,0.115361
106633.445831,0.101813
106633.448333,0.000000
106633.450835,0.020275
106633.453336,0.000000
106633.455838,0.044049
106633.458339,0.024232
106633.460841,0.002065
106633.463342,0.090691
106633.465844,0.000000
106633.468346,0.144341
106633.470847,0.079616
106633.473349,0.000000
106633.475850,0.000000
106633.478352,0.042433
106633.480853,0.134275
106633.483355,0.008971
106633.485856,0.012716
106633.488358,0.001600
106633.490860,0.157334
106633.493361,0.000000
106633.495863,0.000000
106633.498364,0.129206
106633.500866,0.012980
106633.503367,0.100390
106633.505869,0.000000
106633.508371,0.000000
106633.510872,0.131060
106633.513374,0.000000
106633.515875,0.000000
106633.518377,0.022663
106633.520878,0.000000
106633.523380,0.000000
106633.525881,0.009945
106633.528383,0.004122
106633.530885,0.113042
106633.533386,0.136094
106633.535888,0.000000
106633.538389,0.009824
106633.540891,0.059529
106633.543392,0.133878
106633.545894,0.063435
106633.548396,0.025685
106633.550897,0.058849
106633.553399,0.059487
106633.555900,0.000000
106633.558402,0.017022
106633.560903,0.128829
106633.563405,0.000000
106633.565907,0.011429
106633.568408,0.000000
106633.570910,0.000000
106633.573411,0.001818
106633.575913,0.026645
106633.578414,0.000000
106633.580916,0.000000
106633.583417,0.000000
106633.585919,0.067470
106633.588421,0.174153
106633.590922,0.122054
106633.593424,0.000000
106633.595925,0.075455
106633.598427,0.000000
106633.600928,0.000000
106633.603430,0.000000
106633.605932,0.062338
106633.608433,0.084692
106633.610935,0.000000
106633.613436,0.000000
106633.615938,0.040990
106633.618439,0.050148
106633.620941,0.103848
106633.623442,0.000000
106633.625944,0.001768
106633.628446,0.000000
106633.630947,0.000000
106633.633449,0.000000
106633.635950,0.000000
106633.638452,0.000000
106633.640953,0.000000
106633.643455,0.000000
106633.645957,0.000000
106633.648458,0.000000
106633.650960,0.000000
106633.653461,0.116767
106633.655963,0.000000
106633.658464,0.125092
106633.660966,0.143368
106633.663467,0.000000
106633.665969,0.008156
106633.668471,0.000000
106633.670972,0.000000
106633.673474,0.000000
106633.675975,0.068419
106633.678477,0.178274
106633.680978,0.079697
106633.683480,0.028573
106633.685982,0.000000
106633.688483,0.148561
106633.690985,0.189667
106633.693486,0.000000
106633.695988,0.000000
106633.698489,0.000000
106633.700991,0.116708
106633.703492,0.000000
106633.705994,0.016178
106633.708496,0.000000
106633.710997,0.000000
106633.713499,0.000000
106633.716000,0.018350
106633.718502,0.000000
106633.721003,0.000000
106633.723505,0.000000
106633.726007,0.106682
106633.728508,0.021612
106633.731010,0.054047
106633.733511,0.000000
106633.736013,0.000000
106633.738514,0.000000
106633.741016,0.000000
106633.743518,0.030814
106633.746019,0.290095
106633.748521,0.061376
106633.751022,0.241557
106633.753524,0.050216
106633.756025,0.000000
106633.758527,0.030717
106633.761028,0.157212
106633.763530,0.161531
106633.766032,0.000000
106633.768533,0.022353
106633.771035,0.000000
106633.773536,0.072810
106633.776038,0.137145
106633.778539,0.003514
106633.781041,0.000000
106633.783543,0.031796
106633.786044,0.036857
106633.788546,0.007164
106633.791047,0.015779
106633.793549,0.000000
106633.796050,0.087932
106633.798552,0.065001
106633.801053,0.000000
106633.803555,0.000000
106633.806057,0.000000
106633.808558,0.065055
106633.811060,0.013072
106633.813561,0.000000
106633.816063,0.023089
106633.818564,0.000000
106633.821066,0.077738
106633.823568,0.029406
106633.826069,0.000000
106633.828571,0.020441
106633.831072,0.116105
106633.833574,0.000000
106633.836075,0.035550
106633.838577,0.000000
106633.841078,0.037698
106633.843580,0.000000
106633.846082,0.009741
106633.848583,0.097809
106633.851085,0.000000
106633.853586,0.000000
106633.856088,0.000000
106633.858589,0.000000
106633.861091,0.052561
106633.863593,0.000000
106633.866094,0.000000
106633.868596,0.054588
106633.871097,0.036787
106633.873599,0.000000
106633.876100,0.016857
106633.878602,0.009460
106633.881104,0.000000
106633.883605,0.000000
106633.886107,0.197365
106633.888608,0.071454
106633.891110,0.219015
106633.893611,0.000000
106633.896113,0.000000
106633.898614,0.000000
106633.901116,0.000000
106633.903618,0.167919
106633.906119,0.000000
106633.908621,0.169452
106633.911122,0.000000
106633.913624,0.000000
106633.916125,0.000000
106633.918627,0.000000
106633.921129,0.081499
106633.923630,0.039798
106633.926132,0.000000
106633.928633,0.000000
106633.931135,0.000000
106633.933636,0.000000
106633.936138,0.000000
106633.938639,0.090751
106633.941141,0.000000
106633.943643,0.142796
106633.946144,0.000000
106633.948646,0.000000
106633.951147,0.065313
106633.953649,0.131129
106633.956150,0.098675
106633.958652,0.044308
106633.961154,0.095959
106633.963655,0.000000
106633.966157,0.000000
106633.968658,0.000000
106633.971160,0.108123
106633.973661,0.000000
106633.976163,0.074641
106633.978664,0.047311
106633.981166,0.000000
106633.983668,0.000000
106633.986169,0.114231
106633.988671,0.000000
106633.991172,0.011024
106633.993674,0.000000
106633.996175,0.000000
106633.998677,0.000000
106634.001179,0.000000
106634.003680,0.000000
106634.006182,0.025275
106634.008683,0.000000
106634.011185,0.000000
106634.013686,0.000000
106634.016188,0.000000
106634.018689,0.083319
106634.021191,0.133011
106634.023693,0.000000
106634.026194,0.189850
106634.028696,0.000000
106634.031197,0.095666
106634.033699,0.000000
106634.036200,0.000000
106634.038702,0.000000
106634.041204,0.000000
106634.043705,0.051205
106634.046207,0.059142
106634.048708,0.000000
106634.051210,0.000000
106634.053711,0.000000
106634.056213,0.000000
106634.058715,0.000000
106634.061216,0.000000
106634.063718,0.023803
106634.066219,0.199761
106634.068721,0.000000
106634.071222,0.000000
106634.073724,0.049412
106634.076225,0.000000
106634.078727,0.059063
106634.081229,0.000000
106634.083730,0.161757
106634.086232,0.030440
106634.088733,0.000000
106634.091235,0.000000
106634.093736,0.000000
106634.096238,0.121199
106634.098740,0.000000
106634.101241,0.000000
106634.103743,0.000000
106634.106244,0.000000
106634.108746,0.000000
106634.111247,0.000000
106634.113749,0.000000
106634.116250,0.000000
106634.118752,0.000000
106634.121254,0.060635
106634.123755,0.081174
106634.126257,0.000000
106634.128758,0.020354
106634.131260,0.000000
106634.133761,0.000000
106634.136263,0.088715
106634.138765,0.000000
106634.141266,0.000000
106634.143768,0.201096
106634.146269,0.160605
106634.148771,0.041282
106634.151272,0.100554
106634.153774,0.000000
106634.156275,0.000000
106634.158777,0.000000
106634.161279,0.000000
106634.163780,0.000000
106634.166282,0.000000
106634.168783,0.034082
106634.171285,0.047999
106634.173786,0.141431
106634.176288,0.000000
106634.178790,0.000000
106634.181291,0.000000
106634.183793,0.000000
106634.186294,0.079559
106634.188796,0.000000
106634.191297,0.189244
106634.193799,0.000000
106634.196300,0.012978
106634.198802,0.000000
106634.201304,0.025359
106634.203805,0.000000
106634.206307,0.061246
106634.208808,0.063959
106634.211310,0.120011
106634.213811,0.000000
106634.216313,0.014176
106634.218815,0.049779
106634.221316,0.039049
106634.223818,0.000000
106634.226319,0.000000
106634.228821,0.030633
106634.231322,0.000000
106634.233824,0.000000
106634.236326,0.067448
106634.238827,0.000000
106634.241329,0.000000
106634.243830,0.000000
106634.246332,0.000000
106634.248833,0.211278
106634.251335,0.063814
106634.253836,0.016652
106634.256338,0.000000
106634.258840,0.000000
106634.261341,0.103051
106634.263843,0.000000
106634.266344,0.050936
106634.268846,0.000000
106634.271347,0.171295
106634.273849,0.065536
106634.276351,0.109970
106634.278852,0.000000
106634.281354,0.093422
106634.283855,0.000000
106634.286357,0.009715
106634.288858,0.144358
106634.291360,0.000000
106634.293861,0.017945
106634.296363,0.038671
106634.298865,0.045911
106634.301366,0.000000
106634.303868,0.184195
106634.306369,0.000000
106634.308871,0.128804
106634.311372,0.107278
106634.313874,0.167829
106634.316376,0.000000
106634.318877,0.000000
106634.321379,0.131723
106634.323880,0.000000
106634.326382,0.000000
106634.328883,0.000000
106634.331385,0.016951
106634.333886,0.140577
106634.336388,0.000000
106634.338890,0.000000
106634.341391,0.027492
106634.343893,0.041460
106634.346394,0.038957
106634.348896,0.000000
106634.351397,0.000000
106634.353899,0.000000
106634.356401,0.125395
106634.358902,0.016516
106634.361404,0.000000
106634.363905,0.098723
106634.366407,0.000000
106634.368908,0.000000
106634.371410,0.012163
106634.373912,0.000000
106634.376413,0.008896
106634.378915,0.000000
106634.381416,0.000000
106634.383918,0.016023
106634.386419,0.000000
106634.388921,0.014622
106634.391422,0.121322
106634.393924,0.000000
106634.396426,0.000000
106634.398927,0.000000
106634.401429,0.000000
106634.403930,0.052489
106634.406432,0.000000
106634.408933,0.150954
106634.411435,0.102680
106634.413937,0.000000
106634.416438,0.063181
106634.418940,0.000000
106634.421441,0.002998
106634.423943,0.000000
106634.426444,0.067670
106634.428946,0.126518
106634.428946,0.070512
106660.744735,0.081397
106687.060525,0.081494
106713.376314,0.048670
106739.692104,0.000000
106766.007893,0.150178
106792.323683,0.159311
106818.639472,0.000000
106844.955262,0.000000
106871.271051,0.054070
106897.586841,0.048631
106923.902630,0.000000
106950.218420,0.000000
106976.534209,0.026990
107002.849999,0.048686
107029.165788,0.064082
107055.481577,0.030839
107081.797367,0.000000
107108.113156,0.087760
107134.428946,0.005814
